file_name;Ground_Truth;Transcript;BERT_Prediction
Ses01F_impro01_F000;neu;Excuse me.;ang
Ses01F_impro01_M000;fru;Do you have your forms?;neu
Ses01F_impro01_F001;neu;Yeah.;neu
Ses01F_impro01_M001;fru;Let me see them.;neu
Ses01F_impro01_F002;neu;Is there a problem?;neu
Ses01F_impro01_M002;fru;Who told you to get in this line?;sur
Ses01F_impro01_M003;fru;Okay. But I didn't tell you to get in this line if you are filling out this particular form.;neu
Ses01F_impro01_F005;neu;Well what's the problem?  Let me change it.;neu
Ses01F_impro01_M004;fru;This form is a Z.X.four.;neu
Ses01F_impro01_M005;fru;You can't--  This is not the line for Z.X.four.  If you're going to fill out the Z.X.four, you need to have a different form of ID.;neu
Ses01F_impro01_F006;fru;What?  I'm getting an ID.  This is why I'm here.  My wallet was stolen.;sur
Ses01F_impro01_M006;fru;No. I need another set of ID to prove this is actually you.;neu
Ses01F_impro01_F007;fru;How am I supposed to get an ID without an ID?  How does a person get an ID in the first place?;sur
Ses01F_impro01_M007;fru;I don't know.  But I need an ID to pass this form along.  I can't just send it along without an ID.;neu
Ses01F_impro01_F008;fru;I'm here to get an ID.;neu
Ses01F_impro01_M008;fru;No.  I need another ID, a separate one.;neu
Ses01F_impro01_F009;fru;Like what?  Like a birth certificate?;neu
Ses01F_impro01_M009;fru;"A birth certificate, a passport...a student ID; didn't you go to school?  Anything?";sur
Ses01F_impro01_F011;fru;Yes but my wallet was stolen, I don't have anything.  I don't have any credit cards, I don't have my ID.  Don't you have things on file here?;sad
Ses01F_impro01_M010;fru;Yeah.  We keep it on file, but we need an ID to access that file.;neu
Ses01F_impro01_F012;ang;That's out of control.;ang
Ses01F_impro01_M011;ang;I don't understand why this is so complicated for people when they get here.  It's just a simple form.  I just need an ID.;sur
Ses01F_impro01_F013;fru;How long have you been working here?;neu
Ses01F_impro01_F014;neu;Clearly.  You know, do you have like a supervisor or something?;neu
Ses01F_impro01_M013;ang;Yeah.  Do you want to see my supervisor?  Huh? Yeah.  Do you want to see my supervisor?  Fine.  I'll be right back.;neu
Ses01F_impro01_F015;fru;That would - I would appreciate that.  Yeah.;neu
Ses01F_impro02_F000;sad;Did you get the mail? So you saw my letter?;sur
Ses01F_impro02_F001;sad;Yeah.  I know.;neu
Ses01F_impro02_M001;sad;I don't understand.  You've already done so much, I don't know why do you have to go back.;sur
Ses01F_impro02_F002;sad;I don't know.  I put in that. request too. They didn't...;sur
Ses01F_impro02_F003;neu;I guess, you know, everybody has to make sacrifices.;neu
Ses01F_impro02_F004;sad;There's people that have given more though, you know?;neu
Ses01F_impro02_M003;fru;I just don't see how they can make you leave when you have a new baby - we have a new kid.;sur
Ses01F_impro02_F005;sad;I know.;neu
Ses01F_impro02_F006;neu;There's babies over there, though, that need mothers.;neu
Ses01F_impro02_M005;sad;I don't know how you can be okay with this?  I don't know why you're not-- you're fine with it.;sur
Ses01F_impro02_F008;sad;Just, you know, kicking myself.;ang
Ses01F_impro02_F010;sad;things just aren't what they seem.;neu
Ses01F_impro02_M008;fru;I know.;neu
Ses01F_impro02_M009;sad;I just don't see why it has to be you.;sur
Ses01F_impro02_F012;sad;If not me then, who?;sur
Ses01F_impro02_M010;sad;What am I going to do? Huh?;sur
Ses01F_impro02_F013;sad;You'll videotape everything, yeah?;dis
Ses01F_impro02_M011;sad;Yeah.;neu
Ses01F_impro02_F014;sad;Maybe you can send it to me, like stream it, yeah?;neu
Ses01F_impro02_M012;neu;Don't you guys have access to computers over there.;ang
Ses01F_impro02_F015;sad;Last month--  Yeah.;neu
Ses01F_impro02_M013;sad;I just don't know how I'm going to do it without you.;sur
Ses01F_impro02_F016;neu;I have to find sitters.;neu
Ses01F_impro02_M014;sad;I can't raise a baby by myself.  How?;sur
Ses01F_impro02_F017;sad;We've got friends, that's why we moved here, huh?  Because there is a day care down the street.;neu
Ses01F_impro02_M015;neu;I know.;neu
Ses01F_impro02_F018;neu;And your mother is close by.;hap
Ses01F_impro02_F019;sad;I'll send you lots of letters.;neu
Ses01F_impro02_F020;sad;And I want lots and lots and lots of pictures.;neu
Ses01F_impro02_M016;fru;It's just not fair.;ang
Ses01F_impro03_M000;neu;So what's up?  What's new?;sur
Ses01F_impro03_F000;hap;Well Vegas was awesome.;hap
Ses01F_impro03_M001;neu;Yeah.  I heard.;sur
Ses01F_impro03_F001;hap;And, um, I got married.;hap
Ses01F_impro03_M002;sur;Shut up.  No- in Vegas?;ang
Ses01F_impro03_F002;hap;Yeah.  In the old town part.;neu
Ses01F_impro03_M003;exc;Who did you marry?;neu
Ses01F_impro03_F004;hap;Um- Yes.  It was very romantic.;hap
Ses01F_impro03_F005;hap;It was at the slot machines.;neu
Ses01F_impro03_F006;hap;Uhuh, uhuh.  He won big and he-and he realized that the only thing that would make it better was me as his bride.;neu
Ses01F_impro03_M006;neu;He turned to you and was like...;sur
Ses01F_impro03_M007;hap;[LAUGHTER] That's really romantic.;neu
Ses01F_impro03_F008;hap;Yeah.  Well.  You know, because he's leaving the next day.;neu
Ses01F_impro03_M008;neu;Yeah.;neu
Ses01F_impro03_F009;hap;But we're going to have a honeymoon cruise.;hap
Ses01F_impro03_M009;neu;Does that mean that you're going to get citizenship, too, in- in England or whatever?;neu
Ses01F_impro03_F010;hap;Oh.  I hadn't even thought about that.;sur
Ses01F_impro03_M011;neu;Yeah.  But he'll have like a long visa.  Can you go visit then for a long time?;neu
Ses01F_impro03_F012;hap;Oh.  Totally.;sur
Ses01F_impro03_F013;hap;I guess I'll-  I guess I'll have an internet husband.[LAUGHTER];neu
Ses01F_impro03_M013;hap;Like you need another one of those.[LAUGHTER];neu
Ses01F_impro03_M014;hap;Is that your phone?;sur
Ses01F_impro03_F015;exc;Yeah, so [LAUGHTER] He's calling me now;neu
Ses01F_impro03_M015;hap;He loves you.;hap
Ses01F_impro03_F016;hap;He likes to keep tabs, you know.;neu
Ses01F_impro03_M016;neu;How much did he win at the slot?;neu
Ses01F_impro03_F017;neu;Uh, I think seven hundred and fifty dollars.;neu
Ses01F_impro03_M017;sur;Really? Penny slots?;sur
Ses01F_impro03_F018;neu;Penny slots. That's what he plays.;neu
Ses01F_impro03_M018;sur;Wow.;sur
Ses01F_impro03_F019;neu;Yeah.;neu
Ses01F_impro03_M019;neu;I'm a big fan of the Wheel of Fortune quarters. But it just costs so much.  I don't know.;sur
Ses01F_impro03_F021;hap;Yeah.  We played Wheel of Fortune pennies.  It's like a giant thing with like-;neu
Ses01F_impro03_M020;neu;But the pennies always get you because you end up spending like, you know, fifty bucks.;neu
Ses01F_impro03_F022;neu;Fifty bucks. Mmhmm.;sur
Ses01F_impro03_M021;neu;like, wait, but it's just pennies.  You're like, wait a minute I'm on to you.;neu
Ses01F_impro03_F023;neu;Yeah.;neu
Ses01F_impro03_F024;hap;Well so now we're married. We have cat children.;hap
Ses01F_impro03_M022;exc;Awesome.;hap
Ses01F_impro03_M023;hap;[LAUGHTER] Cat babies.;dis
Ses01F_impro03_F025;hap;We renamed Brenda, Lumber Janet.;neu
Ses01F_impro03_M024;neu;That's fair enough.;neu
Ses01F_impro03_F026;hap;She needs a new name each state that we go into. [LAUGHTER];neu
Ses01F_impro04_M000;neu;Have you tried, uh, Craig's List?;neu
Ses01F_impro04_F000;neu;Uh, what?  Craig's List?  Oh the internet thing?;sur
Ses01F_impro04_M001;neu;Yeah.;neu
Ses01F_impro04_F001;neu;I don't know.  Isn't that-- that's all like escort services and things like that.;sur
Ses01F_impro04_M002;neu;No.  There's regular jobs on there.;neu
Ses01F_impro04_F002;fru;I don't know.  I mean I've been looking for so long that I just figured that--  I mean, I think things like Monster are a lot more reliable than just some random free board.;neu
Ses01F_impro04_M003;neu;Uh huh.;neu
Ses01F_impro04_M004;neu;I'm just saying I have a friend that got a good job on it so I was just recommending it.;neu
Ses01F_impro04_M005;neu;He's like a manager for a theatre.;neu
Ses01F_impro04_M006;neu;He's like a house manager. Yeah.  It's a good job.;hap
Ses01F_impro04_F005;neu;He just...;neu
Ses01F_impro04_F006;neu;you know what?  I heard about that job.  I applied for that.;sur
Ses01F_impro04_M007;neu;You did?;sur
Ses01F_impro04_F007;fru;Yeah.  I saw a posting at the theatre.;sur
Ses01F_impro04_M008;neu;Yeah.;neu
Ses01F_impro04_M009;neu;"You've been looking for a job for a long time; that was a long time ago.  Right?";neu
Ses01F_impro04_F009;neu;Yeah.;neu
Ses01F_impro04_M010;neu;Hmm.;neu
Ses01F_impro04_M011;neu;I don't know.  He had a really good resume I guess and--;sur
Ses01F_impro04_M012;neu;Yeah.  Do you have a resume?;sur
Ses01F_impro04_M013;neu;It's kind of helpful when getting a job.;hap
Ses01F_impro04_F013;neu;I just- I mean I call people up and I tell them what I'm good at.;neu
Ses01F_impro04_M014;neu;Well maybe we should sit down some time and you can just tell me all the stuff that you have done and I'll write it out.;neu
Ses01F_impro04_F014;neu;Yeah.;neu
Ses01F_impro04_M015;neu;No.  You can- or you can just bring it in person.  But they need, generally, something to see, you know, what kind of what that you've done, what kind of--;neu
Ses01F_impro04_F016;fru;I'm there in front of them.  I'm telling them what I'm good at.;neu
Ses01F_impro04_M016;neu;Yeah.  But the piece of paper helps, too.;neu
Ses01F_impro04_F017;fru;Why?  It's a piece of paper.;sur
Ses01F_impro04_M017;neu;No.  But it has an outline, you know.;neu
Ses01F_impro04_F018;fru;I just don't want this paper trail, you know.  I just don't want things following me around, like-.;fea
Ses01F_impro04_M018;neu;I know.  Okay.  Well, um. Maybe--;neu
Ses01F_impro04_F019;fru;It's just-- You know, I've had this problem before.  You're not the first person to tell me that I need a resume but...;neu
Ses01F_impro04_M019;neu;Yeah.;neu
Ses01F_impro04_M020;neu;Okay, yeah.  I would imagine.;neu
Ses01F_impro04_M021;neu;Well, sometimes you have to do things that you don't necessarily like to do to have a job. But the job affords you money, you won't have to be taking the bus right now.;neu
Ses01F_impro04_F021;fru;That's baloney, that's baloney.;neu
Ses01F_impro04_F022;fru;Please.;neu
Ses01F_impro04_M022;neu;maybe get a car.;neu
Ses01F_impro04_M023;neu;I just, you know, think you should try a little harder maybe.;neu
Ses01F_impro04_F023;fru;you think that you're better than me because I don't have a car?;sur
Ses01F_impro04_M024;neu;I didn't say that.;neu
Ses01F_impro04_F024;fru;You know, you're riding the bus, too.;neu
Ses01F_impro04_M025;neu;I am riding the bus, but by choice.;fea
Ses01F_impro04_F025;fru;Why?  What choice?;sur
Ses01F_impro04_M026;neu;To save the environment, carpool.;neu
Ses01F_impro04_F026;fru;You're saving the environment. mmhmm;neu
Ses01F_impro04_M027;neu;Yes.  One less car at a time.;neu
Ses01F_impro04_F027;fru;Interesting.  That's fantastic.;hap
Ses01F_impro04_M028;neu;Mmhmm.;neu
Ses01F_impro04_M029;fru;You know, you don't have to take out your frustration on me, you know, just because...;ang
Ses01F_impro04_F028;ang;I'm not frustrated.;ang
Ses01F_impro04_M030;fru;...you can't get a job and refuse to have a resume.;sad
Ses01F_impro04_F029;ang;Who do you think you are?;sur
Ses01F_impro04_M031;neu;I don't think I'm anyone.;neu
Ses01F_impro04_F030;ang;You are so high and mighty.  I just--;sur
Ses01F_impro04_M032;neu;I- I-I didn't-- okay.;fea
Ses01F_impro04_F031;ang;Oh.  I'm saving the environment. I'm riding this car because I- I want to.;hap
Ses01F_impro04_M034;fru;What? Oh.  So now you're...;sur
Ses01F_impro04_F032;ang;The bus, I'm riding the bus because I want to.;fea
Ses01F_impro04_M035;fru;you know what?  You don't have to take your anger and your hurt out on me.;ang
Ses01F_impro04_F033;ang;I can not-- you are not here by choice.  Nobody would ride this bus by choice.;neu
Ses01F_impro05_F000;fru;Hi.;neu
Ses01F_impro05_M000;neu;Hi.  Thanks for waiting.;hap
Ses01F_impro05_F001;fru;Yeah. This is the fourth line that I have been in.;neu
Ses01F_impro05_M001;hap;Can I help you?;fea
Ses01F_impro05_M002;hap;Uh huh.;neu
Ses01F_impro05_F002;fru;I need my bag.;neu
Ses01F_impro05_M003;neu;Okay.;neu
Ses01F_impro05_F003;fru;I flew in over three hours ago, I've been in four different lines.;neu
Ses01F_impro05_M004;neu;Okay.;neu
Ses01F_impro05_F004;fru;I waited the entire baggage- I waited for the whole baggage carousel four times.  They told me to go to the next one.  I waited through that for three planes and now I'm here.;sur
Ses01F_impro05_M005;neu;Okay.  Great.  I'm really sorry that you had to do that.  What's your last name?  Let's start there.;sad
Ses01F_impro05_F005;fru;Nash.;neu
Ses01F_impro05_M006;neu;Okay.;neu
Ses01F_impro05_M007;neu;all right- okay.  And you lost your bag? Is that- that the issue?;neu
Ses01F_impro05_F007;fru;Yes.;neu
Ses01F_impro05_F008;ang;Flight seven fourteen.;neu
Ses01F_impro05_M008;neu;Uh-huh.;fea
Ses01F_impro05_F009;ang;Am I going to be getting, like, free tickets, free mileage. When can I expect my bag here?;neu
Ses01F_impro05_M009;neu;Yeah. Yeah, I don't see- I don't see any--;dis
Ses01F_impro05_M010;neu;I don't see any record of it, and I-usually when I don't see a record of it, that means um-;neu
Ses01F_impro05_M011;neu;we've mistakenly lost your baggage.  We're very sorry.  On behalf of Jet Blue I would like to apologize for any inconvenience.  I am allowed to issue you a fifty dollar gift card which you can use any future flights you want to take with us.  I'm very sorry, once again...;sad
Ses01F_impro05_M012;neu;for such an inconvenience and your bag, but;sad
Ses01F_impro05_F011;ang;Is this a joke?;sur
Ses01F_impro05_M013;neu;Yeah.;neu
Ses01F_impro05_M014;neu;No, no.;neu
Ses01F_impro05_F012;ang;Are there candid cameras?  Is this that movie? There's that show, right?  Airplane, airline.;sur
Ses01F_impro05_M015;neu;No, no.  This is real.;neu
Ses01F_impro05_M016;neu;No.  I'm just giving you money, the bag is gone.  If it's not here, I'm really sorry there is nothing I can do because...;sad
Ses01F_impro05_M017;neu;this is the only track record that we have and if it's not listed here then it's probably not anywhere.;neu
Ses01F_impro05_F014;ang;You're kidding me, this is a joke.;ang
Ses01F_impro05_F015;ang;"Do you have any idea-- fifty dollars?  That's supposed to replace everything that I have?  Do you understand how much I have packed in there? Not only does it have sentimental value; it can't be replaced like that.  It was incredibly expensive.";sur
Ses01F_impro05_M019;neu;Yes.;neu
Ses01F_impro05_M020;neu;I know.;neu
Ses01F_impro05_F016;ang;We flew in from Paris.  I've been shopping for three weeks.;neu
Ses01F_impro05_F017;ang;I don't care what you're freaking sign says.  Somebody- Somebody needs to replace everything I've got there and give me money for my inconvenience.;ang
Ses01F_impro05_M022;neu;Okay. Calm-;neu
Ses01F_impro05_M023;neu;Actually, we are not necessarily liable to give you- to even give you this fifty dollars so... it's actually- it's actually really;neu
Ses01F_impro05_F018;ang;Do you understand who my husband is?;sur
Ses01F_impro05_F019;ang;If you're- if you're- if you're looking for a lawsuit, baby, you've found it.;neu
Ses01F_impro05_M024;neu;We are actually not even allowed--  you know, like we don't have to give you this fifty dollars.  We don't have to do that.;neu
Ses01F_impro05_F020;ang;Oh-Oh.  It's a gift.  You're-You're helping me out here?;sur
Ses01F_impro05_M025;neu;It's a gift.;hap
Ses01F_impro05_M026;neu;You know, the airlines can not be held responsible for every bag of luggage that comes through here.;neu
Ses01F_impro05_F021;ang;You are cruising for a bruising.  You are in so much trouble.;sad
Ses01F_impro05_M027;neu;With the amount of--;neu
Ses01F_impro05_F022;ang;Who's in charge?  Who is the president of Jet Blue?;sur
Ses01F_impro05_M028;neu;Um, actually, I don't know. I don't know. Oh really?;sur
Ses01F_impro05_F023;ang;Because I probably know him.;neu
Ses01F_impro05_F024;ang;Yeah.;neu
Ses01F_impro05_M029;neu;Well then maybe you can just call him and he can give you more money.  But right now all I can do--;neu
Ses01F_impro05_F025;ang;I don't want money, I want my clothes.;ang
Ses01F_impro05_M030;neu;Right now all I can do is just give you this fifty dollars, I'm really sorry.;sad
Ses01F_impro05_F026;ang;What's your name?;neu
Ses01F_impro05_M031;neu;Oh.  My name is Sean. Hi.;sur
Ses01F_impro05_M032;sur;Badge number?  Uh, no.  You can just take my employee number I guess.;neu
Ses01F_impro05_F028;ang;Okay.  I'll do that.;neu
Ses01F_impro05_M033;sur;Why?  Have I done something wrong?  Have I given you bad service?  I feel like I have done the best I could.;neu
Ses01F_impro05_F029;ang;I don't think you have done everything you could do because I don't have my bag here yet.;sur
Ses01F_impro05_M034;neu;If you want, you can write a letter.  I can give you the address. Yes.  An angry--;ang
Ses01F_impro05_F030;ang;A letter? I'll make a personal phone call.;neu
Ses01F_impro05_M035;neu;Or you can make a phone call.  But I think a letter might be a little more-- in my impression, letters have more...;neu
Ses01F_impro06_M000;sad;I'm sorry, Joy.;sad
Ses01F_impro06_M001;neu;Is there anything I can get you?  Do you want me to take care of anything for you or...?;neu
Ses01F_impro06_M002;neu;...pick up anything?;sur
Ses01F_impro06_F002;sad;No.;neu
Ses01F_impro06_M003;sad;You know you are welcome to stay at my house if you want to just check out for a couple days and hang out.;neu
Ses01F_impro06_F003;neu;That's sweet.;hap
Ses01F_impro06_F004;neu;Thank you.;neu
Ses01F_impro06_F005;sad;I went to see her headstone a week or two ago.;hap
Ses01F_impro06_F006;sad;I used to go to cemeteries a lot before she died.  I just, you know, I felt like they were urban oasis, you know, there is always this green in the city.;neu
Ses01F_impro06_M004;neu;Hmm.;neu
Ses01F_impro06_F007;sad;"So I was like wandering around before.  It takes forever to find her headstone; I always lose it. You know.";neu
Ses01F_impro06_F008;sad;So I was looking at this other one and there was like a piece of candy there and I thought that I would take the candy and put it on her headstone.  And-;neu
Ses01F_impro06_F009;neu;this woman came up and, you know, it was hers. It was her person that was there.;neu
Ses01F_impro06_M005;neu;Oh.  She was there?;sur
Ses01F_impro06_F010;sad;Yeah.  And she was like, that's pathetic, I hope you enjoy it.;dis
Ses01F_impro06_F011;sad;And I, you know, I mean, I said I was sorry and I brought it back to her kind of and I like put it on the ground and she was like, no, it's fine.  She was like, I would rather have her back, honestly.;neu
Ses01F_impro06_M006;neu;Mmhmm.;neu
Ses01F_impro06_F012;sad;I don't know.  It just, like, I felt so bad because I shouldn't have done it.  I don't know.  Whatever.;sad
Ses01F_impro06_M007;sad;Yeah.;neu
Ses01F_impro06_F013;sad;I don't know.;sur
Ses01F_impro06_M008;neu;How long were you there for?;neu
Ses01F_impro06_F014;sad;At the cemetery?;sur
Ses01F_impro06_M009;neu;Mmhmm.;neu
Ses01F_impro06_F015;sad;couple hours.;neu
Ses01F_impro06_F016;neu;I brought- I brought Chuck with me. He went to Redlands, yeah, for the day.  We ran through the sprinklers.;neu
Ses01F_impro06_M010;neu;Oh really?;sur
Ses01F_impro06_M011;neu;You ran through the sprinklers in the cemetery?;sur
Ses01F_impro06_M012;neu;Is it a big cemetery?;sur
Ses01F_impro06_F018;neu;Yeah.  It's huge.  Redlands is an old city so they have lots and lots of stones.;sur
Ses01F_impro06_M013;neu;Oh, so they're like really old too, really old ones?;neu
Ses01F_impro06_F019;neu;Yeah.;neu
Ses01F_impro06_F020;sad;It's weird.  Whenever I go back to town, I think of her.  I mean, it's like ... I mean we grew up together and she died when we were twenty one.  And yeah.  She had cancer, she had two brain tumors.;dis
Ses01F_impro06_F021;sad;My best friend Heather.  She's got a- we have a- we built this like little--  There's a park, Prospect Park.  And there is like a garden section of it that we set up for her.;neu
Ses01F_impro06_F022;sad;She used to have these poetry parties on Memorial Day.;neu
Ses01F_impro06_M014;neu;Mmhmm.;neu
Ses01F_impro06_F023;sad;Umm. Yeah.;neu
Ses01F_impro06_F024;sad;And the last time before she died, I remember she couldn't really stand, umm...;fea
Ses01F_impro06_F025;sad;But I mean she could, but it was- so it was kind of sitting at her feet holding her up and she had these poems she had memorized.  And I remember looking up, she had curly red hair and there was this palm tree right behind her and it was like a crown growing right out of her head.  It was cool.;neu
Ses01F_impro06_M015;neu;Mmhmm.;neu
Ses01F_impro06_F026;sad;Some, I guess.  She memorized this one, John Dunn, it's called, Death Be Not Proud. and-;neu
Ses01F_impro06_M016;neu;So she wrote a lot of poetry?;neu
Ses01F_impro06_F027;neu;There's another one, I can't remember.;neu
Ses01F_impro06_F028;sad;I remember, too, when we were--  she died at U.C.L.A.  She had brain surgery and there was not much hope to begin with, but I gave blood for her surgery, her mom and I before, so we dropped her off in the waiting room and then we were giving blood and came back.  And she, in her wheelchair, like can hardly do anything, reciting her poetry for these people like in the waiting room.  All she needs is a God damn audience.  You know?;dis
Ses01F_impro07_M000;exc;Did you get the letter?;sur
Ses01F_impro07_F000;exc;Yes.  There's a big envelope it says, you're in. I know.;neu
Ses01F_impro07_M001;exc;Yeah. That is so awesome.;hap
Ses01F_impro07_M002;exc;Oh my God. What are you going to do? [LAUGHTER];sur
Ses01F_impro07_M003;exc;Oh-Yeah, I bet you're really excited. Oh.  That's what loans are for?  Right? Exactly.;hap
Ses01F_impro07_F002;exc;I'm really excited.  Yeah. I don't know how I'm going to pay for anything, but... I also- Yeah.  Loans, too, yeah. I applied, though, for a bunch of grants and scholarships so I'm still waiting to hear on that.;hap
Ses01F_impro07_M004;exc;Oh.  Good, good.  That's awesome. Are you going to stay around here?  Or are you going to like get a different neighborhood- you going to move to a different neighborhood?;hap
Ses01F_impro07_F003;exc;Oh- I know, I know, I know, I know.;dis
Ses01F_impro07_F004;exc;I don't know.  I spend so much time commuting as it is, I'd rather.;neu
Ses01F_impro07_M005;exc;This is so- I am so happy that you're going to stay.  You're not going to...We should totally throw a party.;hap
Ses01F_impro07_F005;exc;I know. We should throw a party.;ang
Ses01F_impro07_M006;exc;A rapper party ho. Yeah. Okay.;dis
Ses01F_impro07_M007;exc;I am just- Yeah.  I'm sticking around, I'm just doing my thing.  I'm living here.  I'm so glad you're going to stay, I'm so glad you're going to be here. Yeah. Woo.;hap
Ses01F_impro07_M008;exc;Yeah.  Big time.;sur
Ses01F_impro07_M009;exc;Mmhmm. Mmhmm. Yay. So what major?  What are you doing?;fea
Ses01F_impro07_F009;exc;Yeah.  I'm not sure.;neu
Ses01F_impro07_M012;neu;Is this a Masters or a P.h.D.?  Or can you...? Nice;sur
Ses01F_impro07_F010;exc;Umm...P.h.D. [LAUGHTER];neu
Ses01F_impro07_M013;neu;That's good.  Don't you have to like teach a class, too, when you do that?;neu
Ses01F_impro07_M014;exc;Teacher. Mrs. Nash, I have a question.;neu
Ses01F_impro07_F012;exc;So I get to mold young minds. Mrs.?  That's my mother.;neu
Ses01F_impro07_M015;exc;You have to get married.  Well you are married to Chuck.  You're Mrs. Nash.  Not to be confused with Mrs. Dash which is the popular seasoning.;neu
Ses01F_impro07_F013;exc;I would be like- Oh. Right, right, right.;neu
Ses01F_impro07_M017;exc;Yay...School's fun.;hap
Ses01F_impro07_M018;neu;Of course, right.  That's where the real money is, being a student.;neu
Ses01F_impro07_M019;hap;That's how you get the big bucks.  Are you messing with the chair? Don't ruin it.;ang
Ses01F_impro07_F016;exc;I know. I made such a mess of it, the entire time.  The last three things I've done, I've ruined everything, I think. Mm-hmm.  Yeah.;dis
Ses01F_script01_1_F000;fru;What's he going to say?;sur
Ses01F_script01_1_M000;neu;He saw it.;neu
Ses01F_script01_1_F002;sur;"How could he see it?  I was the first one up; he was still in bed.";sur
Ses01F_script01_1_M001;neu;He was out here when it broke.;fea
Ses01F_script01_1_M002;neu;Four o clock this morning.  I heard a crack and I woke up and looked out.  He was standing right over there when it cracked.;sur
Ses01F_script01_1_M003;neu;I don't know.;sur
Ses01F_script01_1_F005;neu;He's dreaming of him again, walking around.;neu
Ses01F_script01_1_M004;neu;I guess he is.;neu
Ses01F_script01_1_M005;fru;I don't know the meaning of it.  But I know one thing, Mom, you've made a terrible mistake with father.;fea
Ses01F_script01_1_M007;neu;You know Larry is not coming back and I know it.  Why do we allow him to go on thinking that we believe with him?;sur
Ses01F_script01_1_F009;fru;What do you want to do?  Argue with him?;neu
Ses01F_script01_1_M008;fru;I don't want to argue but it's time he realized that nobody believes Larry is alive.;neu
Ses01F_script01_1_M009;fru;You know?  Why shouldn't he walk the nights thinking of him, dreaming of him?   Do we contradict him?  Do we say, we don't have any hope anymore?  That we haven't had any hope for years now?;fea
Ses01F_script01_1_F010;fru;You can't say that to him.;dis
Ses01F_script01_1_M010;neu;We've got to say it to him.;neu
Ses01F_script01_1_F011;fru;Where's the proof?  Do you have any proof?;sur
Ses01F_script01_1_M011;fru;"For God's sake, three years?  Nobody comes back after three years; that's insane.";sur
Ses01F_script01_1_F012;fru;To you it is, to me it is, but to your father, you can talk yourself until you are blue in the face.  But there is no grave and there is no body, so where are you?;neu
Ses01F_script01_1_M012;neu;Sit down, Mom.  I want to talk to you.;sad
Ses01F_script01_1_M013;fru;All right, all right, all right.  You know why I asked Annie here, right?;neu
Ses01F_script01_1_F014;fru;Why?;sur
Ses01F_script01_1_M014;neu;You know.;neu
Ses01F_script01_1_F015;neu;Well I got an idea, but what's your story?;neu
Ses01F_script01_1_M015;neu;I'm going to ask her to marry me.;hap
Ses01F_script01_1_M016;neu;You know it's not just my business.;neu
Ses01F_script01_1_M017;neu;So all right then, I'll just go ahead with it?;neu
Ses01F_script01_1_M018;fru;Then it's not just my business.;neu
Ses01F_script01_1_M019;ang;You know sometimes you infuriate me.  you know that?  Isn't it your business if I tell father and he throws a fit about it?  God, you have such a talent for ignoring things.;ang
Ses01F_script01_1_M020;fru;She's not Larry's girl.;neu
Ses01F_script01_1_F021;fru;From your father's point of view, he is not dead and- Chris he still thinks he's still alive.  The girl is Larry's girl.;neu
Ses01F_script01_1_F022;fru;Now you can go on from there if you know where to go, but I'm telling you, I don't know where to go.;neu
Ses01F_script01_1_M021;fru;I don't know why it is, but every time I reach out for something I have to pull back because I am afraid other people will suffer. My whole bloody life, time after time.;fea
Ses01F_script01_1_F023;fru;You're a considerate fellow, there's nothing wrong in that.;neu
Ses01F_script01_1_M022;fru;To hell with that.;ang
Ses01F_script01_1_F024;fru;I just don't see why.  Have you asked Annie yet?;sur
Ses01F_script01_1_M023;neu;I wanted to get this settled first.;sad
Ses01F_script01_1_F025;fru;Well how do you know she's going to marry you?  Maybe she feels the same way your father does.;neu
Ses01F_script01_1_M024;neu;Well if she does, then that's it.  That's the end of it.  From her letters, though, I think she's pretty much forgotten him.;neu
Ses01F_script01_1_M025;neu;And then we'll thrash it out with father.  Okay Mom?  Don't avoid me.;neu
Ses01F_script01_1_F026;fru;The trouble is you don't see enough women.  You never did.;sad
Ses01F_script01_1_M026;fru;So what.  I'm not fast with women.;sur
Ses01F_script01_1_F027;fru;Why does it have to be Annie?;sur
Ses01F_script01_1_M027;fru;Because it is.;neu
Ses01F_script01_1_F028;fru;Oh that's a great reason.  It's no reason at all.;neu
Ses01F_script01_1_M028;fru;I don't know.;sur
Ses01F_script01_1_F029;fru;You haven't seen her since you went away to war, it's been five years.;neu
Ses01F_script01_1_M029;fru;I can't help it, I know her best.  I was brought up next door to her, you know?  These years when I think of someone for my wife, I think of Annie.;fea
Ses01F_script01_1_M030;fru;Mom, what do you want?  A diagram?;sur
Ses01F_script01_1_F030;fru;I don't want a diagram.;dis
Ses01F_script01_1_F031;fru;He thinks he's coming back Chris.;neu
Ses01F_script01_1_F032;fru;You marry that girl, you are pronouncing him dead...;ang
Ses01F_script01_1_F033;fru;...and then what's that going to do to your father?  Do you know?  I don't.;sur
Ses01F_script01_1_M031;fru;All right, then, Mom. [BREATHING];ang
Ses01F_script01_1_F034;neu;Just give it some more thought.;neu
Ses01F_script01_1_M032;fru;I've given it three years of thought.  And I'd hope that if I waited, father would forget about Larry and then we could just have a regular wedding and everyone would be happy.;neu
Ses01F_script01_1_M033;fru;But if I can't do that here, I may have to go somewhere else.;neu
Ses01F_script01_1_F035;ang;What the hell is this?;ang
Ses01F_script01_1_M034;neu;I'll get out.  I'll get married and I'll move somewhere else, maybe New York.;neu
Ses01F_script01_1_M035;fru;I've been a good son for too long, a good sucker.;neu
Ses01F_script01_1_F037;ang;You have a business here.  What the hell is this?;ang
Ses01F_script01_1_M036;fru;The business?  The business doesn't inspire me.;sad
Ses01F_script01_1_F038;ang;Oh.  Must you be inspired?;sur
Ses01F_script01_1_M037;fru;Yes.  I like it for an hour a day.  I don't care if I have to grub for money all day long, when I come home I want it happy.;hap
Ses01F_script01_1_M038;fru;I want some kids, I want a family, I want somebody that I can give myself to and Annie is in the center of that.  Now it's just where to find it.;neu
Ses01F_script01_1_F039;fru;You mean to tell me that you would leave the business over this?;ang
Ses01F_script01_1_M039;neu;On this, I would.;neu
Ses01F_script01_1_F040;fru;Well you don't want to think like that.;dis
Ses01F_script01_1_M040;neu;Then help me stay here.;neu
Ses01F_script01_1_F041;ang;All right.  But you don't want to think like that because what the hell are we working for, Chris?  It's all for you.  This whole shooting match is for you.;ang
Ses01F_script01_1_M041;fru;I know that.  Then just help me stay here.;neu
Ses01F_script01_1_F042;ang;Just don't think like that.;neu
Ses01F_script01_1_M042;fru;Well I am thinking like that.;neu
Ses01F_script01_1_F043;fru;I don't understand you, do I?;sur
Ses01F_script01_1_M043;fru;No.  You don't.  I'm a pretty tough guy.;fea
Ses01F_script01_1_F044;fru;I can see that.;neu
Ses01F_script01_2_M001;neu;Well maybe...maybe he just wanted to see her.;neu
Ses01F_script01_2_M003;fru;[BREATHING] You don't look at me like that.  He didn't tell me anything more than he told you.;ang
Ses01F_script01_2_F003;ang;He's not going to marry her.;sad
Ses01F_script01_2_M004;neu;How do you know he's even thinking about it?;sur
Ses01F_script01_2_F004;ang;It's got that about it.;neu
Ses01F_script01_2_F005;ang;What is going on here, Joe?;sur
Ses01F_script01_2_M006;fru;Now listen.;neu
Ses01F_script01_2_F006;ang;She is not his girl.  She knows she's not.;neu
Ses01F_script01_2_M007;fru;You can't read her mind.;dis
Ses01F_script01_2_F007;ang;Then why is she still single?  New York is full of men, why is she still single?  Probably a hundred people told her she's foolish, but she waited.;sur
Ses01F_script01_2_M008;neu;How do you know why she waited?;sur
Ses01F_script01_2_F008;ang;Because she knows what I know, that's why.  She's faithful as a rock.  In my darkest moments, I think of her waiting and I know that I'm right.;sad
Ses01F_script01_2_M009;fru;Hey look, it's a nice day, huh?  Why are we arguing?;hap
Ses01F_script01_2_F009;ang;Nobody in this house dares take away her faith, Joe.  You know strangers might, but not his father, not his brother.;neu
Ses01F_script01_2_M010;fru;What do you want me to do? What do you want?;ang
Ses01F_script01_2_F010;ang;I want you to-- I want you to act like he is coming back, both of you.  Don't think I haven't noticed you since Chris invited her here.;neu
Ses01F_script01_2_F011;ang;I won't stand for any nonsense.;ang
Ses01F_script01_2_M011;fru;Kate.;neu
Ses01F_script01_2_F012;ang;Because if he's not coming back, I'll kill myself.  Oh laugh, laugh all you like but why does this happen the very night he comes back.  She goes to sleep in his room and his memorial breaks in pieces.  Look at it, Joe, look.;fea
Ses01F_script01_2_M012;fru;[BREATHING];dis
Ses01F_script01_2_M013;fru;Calm yourself.;neu
Ses01F_script01_2_F013;ang;Just believe with me, Joe. Only last week a man came back in Detroit missing longer than Larry.  Believe with me. You, above all, have got to believe. Just believe.;neu
Ses01F_script01_2_M014;fru;Okay. Calm yourself.;neu
Ses01F_script01_2_M015;fru;I know. All right, all right. All right. Okay.  Calm yourself. What does that mean, me above all?;neu
Ses01F_script01_2_F014;fru;I can't help it.;sad
Ses01F_script01_2_M017;ang;What have I got to hide?  What the hell is the matter with you, Kate?;ang
Ses01F_script01_3_F000;neu;You're the only one who still loves his parents.;neu
Ses01F_script01_3_M000;neu;I know.  It kind of went out of style, didn't it?;neu
Ses01F_script01_3_F001;neu;"It's not so bad; it's a good thing.";dis
Ses01F_script01_3_F002;neu;[BREATHING] You know, it's lovely here.  The air is sweet.;hap
Ses01F_script01_3_M001;neu;You're not sorry you came.;sad
Ses01F_script01_3_F003;neu;I'm not sorry, no. But I'm...I can't stay.;sad
Ses01F_script01_3_F004;neu;For one thing, your mother much as told me to go.;neu
Ses01F_script01_3_M003;neu;Well.;neu
Ses01F_script01_3_F005;neu;And then, you.  You've been kind of...;neu
Ses01F_script01_3_M004;neu;What?;sur
Ses01F_script01_3_F006;neu;Sort of embarrassed ever since I got here.;sad
Ses01F_script01_3_M005;neu;Well I was kind of planning of sneaking up on you over the course of a week or so.  They just take it for granted that we're all set.;neu
Ses01F_script01_3_F007;neu;I knew they would.;neu
Ses01F_script01_3_F008;neu;Well sure, from your mother's point of view.  Why else would I come?;sur
Ses01F_script01_3_F009;neu;I, umm. I guess, I guess that's kind of why I came.;neu
Ses01F_script01_3_F010;hap;[BREATHING];dis
Ses01F_script01_3_M008;hap;I love you. Annie, I love you.;hap
Ses01F_script01_3_F011;hap;[LAUGHTER];neu
Ses01F_script01_3_M009;hap;I don't really have any imagination, that's all I know how to say.;neu
Ses01F_script01_3_F012;hap;[LAUGHTER];neu
Ses01F_script01_3_M010;hap;Am I embarrassing you? Are you - See, I didn't want to do it here with this yard, on this porch.  I wanted it to be somewhere new, some place fresh for both of us.;sur
Ses01F_script01_3_F013;hap;No. No;neu
Ses01F_script01_3_F014;neu;Chris, I've been ready a long, long, time.;neu
Ses01F_script01_3_F015;neu;I almost got married two years ago.;hap
Ses01F_script01_3_F016;neu;You started to write me.;dis
Ses01F_script01_3_M014;sur;You felt something that far back?;sur
Ses01F_script01_3_F017;hap;Every day since.;neu
Ses01F_script01_3_M015;hap;Why didn't you let me know?;ang
Ses01F_script01_3_M016;hap;Give me a...;neu
Ses01F_script01_3_M017;hap;Give me a kiss.;neu
Ses01F_script01_3_F019;hap;beating around the bush.;neu
Ses01F_script01_3_F020;hap;I will never forgive you.  All I'd done was sit around wondering if I was crazy waiting so long, wondering if you were thinking about me.;sur
Ses01F_script01_3_M019;hap;Oh Annie, we are going to live now.  I am going to make you so happy.;hap
Ses01F_script01_3_F021;hap;Not like that you're not.;neu
Ses01F_script01_3_M020;hap;I kissed you.;dis
Ses01F_script01_3_F022;neu;Like Larry's brother.  Do it like you, Chris.;neu
Ses01F_script01_3_M021;sad;Hey, let's drive some place.  Huh?  Let's get out of here.;hap
Ses01F_script01_3_M022;sad;No it's nothing like that. It's-;neu
Ses01F_script01_3_M023;sad;Yeah.  I suppose I have been. But it's going from me.;neu
Ses01F_script01_3_M024;sad;I don't even know how to start.;neu
Ses01F_script01_3_M025;sad;It's just all mixed up with so many other things, you know?  You know overseas I was in command of a company?;sur
Ses01F_script01_3_F028;neu;Yeah, sure.;neu
Ses01F_script01_3_M026;sad;Well I lost them.;sad
Ses01F_script01_3_F029;neu;How many?;sur
Ses01F_script01_3_M027;sad;Pretty much all.;neu
Ses01F_script01_3_F030;sad;Aw, geez.;sur
Ses01F_script01_3_M028;sad;You can't just toss off a thing like that because they weren't just men. You know?;neu
Ses01F_script01_3_M029;sad;Like for instance, there was this one time it had been raining for several days and this kid he just came up to me and he gave me his last pair of dry socks.  He just put them in my pocket.  That's a little thing, you know, but that's what kind of guys I had.;neu
Ses01F_script01_3_M030;sad;They didn't die, they killed themselves for each other.  I mean that, exactly.  Just a little more selfish and they would all be here today.;ang
Ses01F_script01_3_F031;neu;Mmhmm.;neu
Ses01F_script01_3_M032;sad;To bring that on to the earth again, you know, is like some kind of monument and I thought I would just make a difference to them.;neu
Ses01F_script01_3_M033;sad;But then I came home and it was incredible, you know?  The whole thing was just kind of this random bus accident.  You know, I went back to the rat race again, I went to work.;sur
Ses01F_script01_3_M036;sad;And I didn't want any of it. I guess that included you.;neu
Ses01F_script01_3_M037;neu;I just want you to know Annie.;neu
Ses01F_script01_3_F035;hap;What would I do with a fortune?;ang
Ses01F_script02_1_F000;neu;Fine.;ang
Ses01F_script02_1_M002;exc;Okay.  Is that, is that--;neu
Ses01F_script02_1_F001;fru;[BREATHING];dis
Ses01F_script02_1_F003;sur;What flashlight?;sur
Ses01F_script02_1_M007;neu;The flashlight, the silver one.  There's only one, isn't there?;sur
Ses01F_script02_1_F004;neu;That's not your flashlight.;neu
Ses01F_script02_1_M008;neu;Whose is it?;sur
Ses01F_script02_1_M009;neu;Oh...well. Yeah, of course.;neu
Ses01F_script02_1_F006;ang;You keep saying my flashlight like it's just yours.;neu
Ses01F_script02_1_M010;neu;No.;neu
Ses01F_script02_1_F007;ang;How's that supposed to make me feel?;neu
Ses01F_script02_1_M011;neu;Of course, our flashlight.  What's yours is mine.  Me flashlight es su flashlight.;neu
Ses01F_script02_1_M012;fru;Naturally.  God, how could we not think to bring it?  I hope the moon stays out, though.;sur
Ses01F_script02_1_M013;neu;Do they always run during a full moon?  I don't remember.  Was it full last year?;sur
Ses01F_script02_1_F008;neu;Yeah.;neu
Ses01F_script02_1_M014;neu;Huh.  Are you cold?  Do you want my jacket?  No?  you know, we should have brought the blanket?  Our blanket.;sur
Ses01F_script02_1_M015;neu;Aw.  Do you know, I should have brought a six pack, too.  A six pack, that would be just the ticket right about now.  Huh?;sur
Ses01F_script02_1_M016;exc;God, I'm so excited, I'm like a kid.  I can't believe I got out of the house with my fly zipped up.;sur
Ses01F_script02_1_F009;hap;[LAUGHTER];neu
Ses01F_script02_1_F010;sad;I'm cold.;sad
Ses01F_script02_1_M018;fru;Do you want my jacket?;neu
Ses01F_script02_1_M020;neu;Right.;neu
Ses01F_script02_1_M021;neu;Wait, that's my point, too.;neu
Ses01F_script02_1_F014;fru;Well, then let's go.;neu
Ses01F_script02_1_M022;fru;No, no.  Okay.  That's not my point.  My point is there is no point in coming down here if we just turn around and go home.  Don't you want to see it?;fea
Ses01F_script02_1_F015;neu;Not particularly.;neu
Ses01F_script02_1_M023;neu;Why not?;neu
Ses01F_script02_1_M024;neu;"Honey, this is like a natural phenomenon. I mean... People in Kansas would have to get plane reservations and get hotel rooms to see this.  It's just forty minutes away for us; it's too good to pass up.";neu
Ses01F_script02_1_F017;fru;Pass what up?  I mean these fish swim out of the ocean, they flop around on the beach, they swim away and then they die.;neu
Ses01F_script02_1_M025;neu;Yeah.  But this..this moment on the beach is like the highlight of their little lives.  All that flopping around is laying eggs or what to do - spawning or mating or whatever.;hap
Ses01F_script02_1_M026;neu;This is a big night for these little guys.  It's like life's last orgy.;neu
Ses01F_script02_1_M027;fru;Yeah they do.;neu
Ses01F_script02_1_F019;fru;Oh Augie;sur
Ses01F_script02_1_M029;neu;There's like mystery here, there's magic.  It's like a little bit of the unexplainable.  I just can't see how you're not interested.;sur
Ses01F_script02_1_M030;sur;For real?;sur
Ses01F_script02_1_F021;fru;Yeah.;neu
Ses01F_script02_1_M031;neu;God, I don't get it.  you know the first time we came here, you said it was the best night of your life?;sur
Ses01F_script02_1_M032;neu;And last year, I remember distinctly you said, you were so excited to get here that you don't remember you stubbed your toe until we were in the car.;neu
Ses01F_script02_1_M033;neu;Ahh...we weren't in a good spot.;sad
Ses01F_script02_1_F023;fru;Hmm.  We didn't see them the year before either.;sur
Ses01F_script02_1_M034;neu;We just weren't in a good spot.  I'm telling you, this is a much better spot.  I have instincts for these things.;neu
Ses01F_script02_1_M035;exc;Look there, see?  What's that?  No, that's - that's just seaweed.;sur
Ses01F_script02_1_M036;hap;God, this is great.  Think about this.  I know you are not interested, but just think about this.;hap
Ses01F_script02_1_M038;exc;Just all at once, they turned and they formed this line as long as the California coast.  And some instinctual little firecracker went off in their bodies and they all just turned as one and started swimming.;neu
Ses01F_script02_1_M040;exc;It's single mindedness with no mind.  It is urgency that is just pure urge.;neu
Ses01F_script02_1_F024;neu;That's the wind.;neu
Ses01F_script02_1_M043;hap;So what do you think?;neu
Ses01F_script02_1_F025;neu;About what?;sur
Ses01F_script02_1_M044;hap;About all of that, about all I was talking about.;neu
Ses01F_script02_2_M000;exc;Look at this, all of the hairs are standing up on my arm.;dis
Ses01F_script02_2_F000;neu;That's the wind.;neu
Ses01F_script02_2_M001;exc;Well, so, what do you think?;neu
Ses01F_script02_2_F001;neu;About what?;sur
Ses01F_script02_2_M002;neu;About what I was saying.;neu
Ses01F_script02_2_M004;fru;Not just me, look at all of these people.;dis
Ses01F_script02_2_M006;neu;Carla, can I ask you something?  Now, don't take this the wrong way, but are you on your period?;neu
Ses01F_script02_2_F006;ang;Don't ask me that.  I hate it when you ask me that, you always ask me that.  It's insulting.;ang
Ses01F_script02_2_M007;fru;Well then, what's bugging you?;ang
Ses01F_script02_2_F007;fru;We just have different ideas of what this night is supposed to look like.;neu
Ses01F_script02_2_M008;fru;"There is nothing to it; we come down here, the fish arrive, they flop around, they do their fish thing.  We go ooh, ah, look at the fish and we go home.";dis
Ses01F_script02_2_F008;ang;For God- Grow up, Augie.  The fish are not going to arrive.;sad
Ses01F_script02_2_M009;fru;Why not?;neu
Ses01F_script02_2_F009;ang;Because they never do.  Have they...Have they ever?;sur
Ses01F_script02_2_M010;fru;We've missed them twice.;neu
Ses01F_script02_2_F010;ang;"Twice is every time we have tried; that's ever.";neu
Ses01F_script02_2_M011;fru;They'll show up this time.;neu
Ses01F_script02_2_F012;fru;I feel like my whole life is going to be spent standing on this beach with my eyes wide open and my hands clasped expectantly waiting for fish to show up.  And the fish never show up.;hap
Ses01F_script02_2_F013;fru;You don't understand anything I am saying.;ang
Ses01F_script02_2_M013;fru;No. Of course not.;neu
Ses01F_script02_2_F015;sad;I feel like I'm always just standing here waiting.  I feel like this night is going to be the night, but it never is.;sad
Ses01F_script02_2_M014;fru;It's just fish, it's nothing to get traumatized over.;neu
Ses01F_script02_2_F016;ang;For God's sake, this is not about fish.;dis
Ses01F_script02_2_M015;fru;Okay.  I'm trying to work this backwards and pinpoint the exact moment where we took a turn for the worst here.;dis
Ses01F_script02_2_M016;neu;Okay.  So you were fine during that phone call from Marge and then dinner was okay.  And doing the dishes was fine and then I was going to take a shower and you're watching the news and you said the grunions are running tonight, do you want to go?  And I said, sure great, let's go.;neu
Ses01F_script02_2_M017;neu;Okay.  So I am putting out the pets, getting the car out of the garage.;neu
Ses01F_script02_2_F017;neu;Do you remember the first year we came here?  It was like four years after we got married.;sur
Ses01F_script02_2_F019;hap;You whispered the sweetest, most intimate things to me right into my ear so I could feel them as much as hear them.  And I remember thinking, this is it.  You know, finally, I am as happy as I'm supposed to be.;hap
Ses01F_script02_2_M019;neu;It's when we were driving past that Knickerbocker Liquor Locker, you said, let's get some champagne.  I said no, time's a wasting or something like that.;neu
Ses01F_script02_2_F021;fru;dancing barefoot in the sand.;fea
Ses01F_script02_2_M020;fru;That's what it is?  Right?  You want this to be like the other time, right?;neu
Ses01F_script02_2_F022;sad;I'd rather not remember some things.  I'd rather not hope for some things.;neu
Ses01F_script02_2_M021;neu;Sure.  All right.  Okay.;neu
Ses01F_script02_2_M022;neu;Listen, do you want to dance?;neu
Ses01F_script02_2_F023;neu;No.;neu
Ses01F_script02_2_M023;neu;Do you want me to go get some champagne?;ang
Ses01F_script02_2_M024;hap;Do you want to take off your shoes?;neu
Ses01F_script02_2_F025;fru;No, no. Nothing.;neu
Ses01F_script02_2_M026;hap;Do you want to get married again?;sad
Ses01F_script02_2_F026;neu;No.;neu
Ses01F_script02_2_M027;oth;What?  What?  Do you want a divorce?;sur
Ses01F_script02_2_F027;fru;No.;neu
Ses01F_script02_2_F029;fru;[BREATHING];dis
Ses01F_script02_2_M031;fru;No I'm just like you.  I thought it was going to be all roses and peaches and the bills would just pay themselves.  And we'll have three, fat rosy cheeked children.  Huh, baby, the joke's on us.  Because you know what you get?;hap
Ses01F_script02_2_M032;fru;Do you know what you get?  You get this.;sur
Ses01F_script02_2_F030;fru;This? What is this?  This is nothing.  This isn't even anything.;sur
Ses01F_script02_2_M033;neu;Yes it is.;neu
Ses01F_script02_2_F032;fru;I mean this is a lot of things, but it's just...;neu
Ses01F_script02_2_M035;fru;[BREATHING];dis
Ses01F_script02_2_F033;fru;Do you understand what I am saying?;sur
Ses01F_script02_2_M036;fru;I'm doing the best I can.;neu
Ses01F_script02_2_F034;sad;I know you are Augie, I know.;neu
Ses01F_script02_2_F035;sad;I know you meant this to be special, I know that you wanted it to be right, but I just can't help thinking that, I can't help wishing that I was somewhere else.;sad
Ses01F_script02_2_M037;sad;Maybe if you were with someone else, too.;neu
Ses01F_script02_2_F036;sad;I didn't say that.;neu
Ses01F_script02_2_M038;sad;I just- I know I don't make you happy.;sad
Ses01F_script02_2_F037;sur;Don't be ridiculous.  Anything that- anything I am doing, I'd rather be doing it with you.;ang
Ses01F_script02_2_M039;sur;Yeah?;sur
Ses01F_script02_2_F038;sur;Yeah.  Don't you know that?;sur
Ses01F_script02_2_F040;sad;You're the one who probably wishes he was with somebody else.  Somebody who doesn't take things so seriously, who could enjoy herself.;neu
Ses01F_script02_2_M040;neu;You know, actually now that you mention it, no I don't.;neu
Ses01F_script02_2_F041;neu;So maybe we are in the wrong spot, but we are with the right person.;neu
Ses01F_script02_2_M041;fru;I don't know, it seemed like such a good spot to me.;sur
Ses01F_script02_2_M042;neu;We have a great view of the moon from here, though, huh?;neu
Ses01F_script02_2_F042;hap;Hmm.  I noticed that, it's pretty. Big old white moon.;sur
Ses01F_script02_2_M043;neu;[BREATHING];dis
Ses01F_script02_2_M044;hap;And look what I got here.;sur
Ses01F_script02_2_F043;hap;Augie, you bought refreshments.;neu
Ses01F_script02_2_F044;hap;I guess we don't need glasses.;neu
Ses01F_script02_2_M046;hap;[BREATHING];dis
Ses01F_script02_2_M047;neu;Do you want to go home?  Are you cold?;sur
Ses01F_script02_2_F045;hap;I'm beginning to think this might be the right spot after all.;neu
Ses01F_script02_2_F046;sad;Augie, I'm sorry.;sad
Ses01F_script02_2_M048;neu;Shh.  If we're very quiet, the fish might come.;fea
Ses01F_script02_2_F047;neu;Or not.;neu
Ses01F_script02_2_M049;hap;Or not.;neu
Ses01F_script03_1_M000;fea;Good God.;sur
Ses01F_script03_1_F000;fea;Is it them?;sur
Ses01F_script03_1_M001;fea;I wonder.;sur
Ses01F_script03_1_F001;fea;Freda is the only one who knows we are here.  She wouldn't ring up.;neu
Ses01F_script03_1_M002;fea;It must be them then.;neu
Ses01F_script03_1_F002;fea;It had to happen sooner or later.  What are we going to do?;neu
Ses01F_script03_1_M003;fea;[BREATHING];dis
Ses01F_script03_1_M005;exc;I don't care then.;dis
Ses01F_script03_1_M007;hap;No.  Wrong number. [LAUGHTER];sad
Ses01F_script03_1_F005;hap;[LAUGHTER] That sent shivers up my spine.;fea
Ses01F_script03_1_M008;hap;What shall we do if they suddenly walk in on us.[LAUGHTER];fea
Ses01F_script03_1_F006;exc;We'll behave exquisitely.;neu
Ses01F_script03_1_M009;hap;With perfect poise.;neu
Ses01F_script03_1_F007;exc;I think I shall do a curtsy.;hap
Ses01F_script03_1_M010;hap;"It's strange; things that ought to matter dreadfully, they just don't matter at all when one's happy.  Do they?";fea
Ses01F_script03_1_F010;hap;Yes.  Meaning just that.;neu
Ses01F_script03_1_M013;hap;Well what does it all mean?  That's what I ask myself in my quest for ultimate truth.  Dear God, what does it all mean?;sur
Ses01F_script03_1_F011;hap;Don't laugh at me.  I'm being serious.;sad
Ses01F_script03_1_F012;exc;Who's they?;sur
Ses01F_script03_1_M018;hap;Who knows?;neu
Ses01F_script03_1_M021;exc;Yes.  Yes with all of his might.;neu
Ses01F_script03_1_M024;exc;Let's be superficial, and just pity those poor philosophers, huh?  Let's blow trumpets and squeakers and enjoy the party for as long as we can, you know, like small, idiotic school children.;sad
Ses01F_script03_1_F020;hap;[LAUGHTER];neu
Ses01F_script03_1_M025;hap;Oh Come and kiss me darling before your body rots and worms pop out of your eye sockets.;neu
Ses01F_script03_1_F021;hap;Oh Elliott, worms don't pop.;neu
Ses01F_script03_1_M026;hap;Oh See, I don't care what you do, see.  You can paint yourself green and run naked through the Place Vendome and run off with all of the men of the world.  I shan't say a word, just as long as you love me best.;dis
Ses01F_script03_1_F022;hap;Aw.  Thank you, darling.  The same applies to you too, except that if you so much as look at another woman I'll kill you.;ang
Ses01F_script03_1_F024;exc;Oh Charles, that was his name.  He did wiggle so beautifully.;neu
Ses01F_script03_1_M030;dis;It was a terrible thing.  I hated it.;fea
Ses01F_script03_1_M034;hap;That was a rouser, wasn't it?;dis
Ses01F_script03_1_F029;hap;The manager came in, he found us rolling about the floor, biting and scratching like panthers. [LAUGHTER]  How utterly, utterly ridiculous.;dis
Ses01F_script03_1_M036;hap;[LAUGHTER] I'll never forget his face. [LAUGHTER];neu
Ses01F_script03_1_M037;hap;[LAUGHTER] We were very much younger then.;neu
Ses01F_script03_1_F030;hap;[LAUGHTER] And very much sillier.;hap
Ses01F_script03_2_F000;hap;And very much sillier.;hap
Ses01F_script03_2_M001;neu;However I believe the real cause of that row was Peter Burden.;neu
Ses01F_script03_2_F001;hap;Oh.  You knew there was nothing in that.;sur
Ses01F_script03_2_M002;neu;I knew nothing of the sort.  You took presents from him.;dis
Ses01F_script03_2_F002;hap;Presents?  It was only a trivial, little brooch.;neu
Ses01F_script03_2_M004;neu;You went out of your way to torture me over Peter Burden.;ang
Ses01F_script03_2_F004;neu;I did not.  You worked that whole thing up in your jealous imagination.;neu
Ses01F_script03_2_M005;fru;Well, you let him kiss you, huh?  You said you did.;neu
Ses01F_script03_2_F005;neu;Well, what of it?;ang
Ses01F_script03_2_M007;ang;What about me?;fea
Ses01F_script03_2_F008;fru;Oh dear.  I'm bored with this conversation.;sad
Ses01F_script03_2_M009;fru;So am I.  I'm bored stiff. [GARBAGE]  Do you want some brandy?;sad
Ses01F_script03_2_M010;neu;I'll have a little, I think.;neu
Ses01F_script03_2_M011;neu;No particular reason.  Anyhow, they are very small ones.;neu
Ses01F_script03_2_M012;fru;You can hardly call three glasses of liquor a whole evening long, going on and on and on.;neu
Ses01F_script03_2_M013;fru;Oh.  Don't be so grand.  Just because you don't happen to want one at the moment.;neu
Ses01F_script03_2_F013;ang;Don't be stupid.;ang
Ses01F_script03_2_M014;ang;Really, Amanda.;sur
Ses01F_script03_2_F014;ang;What?;sur
Ses01F_script03_2_M015;fru;Nothing.;neu
Ses01F_script03_2_M016;neu;you going out somewhere, dear?;sur
Ses01F_script03_2_F015;ang;No.  I am just making myself fascinating for you.;neu
Ses01F_script03_2_F016;ang;Oh.  It's a woman's duty to allure the man.;neu
Ses01F_script03_2_M018;neu;Well as a matter of fact, yes, that's perfectly true.;neu
Ses01F_script03_2_F017;ang;No it isn't.;neu
Ses01F_script03_2_M019;neu;Yes it is.;neu
Ses01F_script03_2_F018;ang;You shut up.;ang
Ses01F_script03_2_M020;ang;Oh really.  It's a pity you didn't have any brandy, it would have made you a little less disagreeable.;dis
Ses01F_script03_2_M021;ang;Snap, snap, snap.  You know you are like a little adder.;ang
Ses01F_script03_2_M022;ang;Nonsense.  They have a bag of venom behind their fangs and they snap. They snap.;ang
Ses01F_script03_2_F021;ang;They sting. I don't care.  Do you understand?  I don't care if they bark and they roll about like hoops.;ang
Ses01F_script03_2_M023;ang;Did you see much of Peter Burden after our divorce?;neu
Ses01F_script03_2_F022;ang;Yes I did, quite a lot.;neu
Ses01F_script03_2_M024;ang;And I suppose you let him kiss you a good deal more than, too. Yes.  I suppose you guys had a riotous time, huh?  All out, no restraint at all.  Well, you never really had much anyhow.;neu
Ses01F_script03_2_F023;ang;Mind your own business.;neu
Ses01F_script03_2_F024;ang;You're quite insufferable, I expect it's because you are drunk.;ang
Ses01F_script03_2_M025;ang;I think I am not in the least bit drunk.;neu
Ses01F_script03_2_F025;ang;You've always had a weak head.;neu
Ses01F_script03_2_M026;ang;I think I mentioned once before that I've had three minute liquor glasses the whole evening long.  A child of two cannot get drunk on that.;neu
Ses01F_script03_2_F026;ang;On the contrary, a child of two can get violently drunk on only one glass of brandy.;dis
Ses01F_script03_2_M027;ang;That's very interesting Amanda. How about a child of four?  Or a child of six?  Or a child of nine? We can get a good little conversation going on about this, you know, intemperate tots.;neu
Ses01F_script03_2_F027;ang;Oh shut up.;ang
Ses01F_script03_2_F028;ang;Shut up.;ang
Ses01F_script03_2_F029;ang;Not very funny, darling.  Why don't you have some more brandy.;sur
Ses01F_script03_2_M029;ang;Look, you better turn that off. I don't want to wake up the people upstairs.;ang
Ses01F_script03_2_F030;neu;Why?;sur
Ses01F_script03_2_F031;neu;"There are no people upstairs; it's a photographer's studio.";neu
Ses01F_script03_2_M030;ang;Well then you'll wake up the people downstairs.;neu
Ses01F_script03_2_F032;neu;They are away in Tunis.;neu
Ses01F_script03_2_M031;neu;This is no time of year for Tunis.;neu
Ses01F_script03_2_M032;ang;I will do no such thing.;ang
Ses01F_script03_2_F034;ang;Fine if you insist on being boorish and idiotic.;ang
Ses01F_script03_2_M033;ang;Will you turn that off, it's driving me mad.;ang
Ses01F_script03_2_F035;ang;You are far too temperamental, try to control yourself.;ang
Ses01F_script03_2_M034;ang;Turn it off.;neu
Ses01F_script03_2_F036;ang;I won't.  Let go, let go of me. Listen, listen?  I'm sick and tired of listening to you, you sadistic bully.;fea
Ses01F_script03_2_M035;ang;Amanda, listen, listen.;neu
Ses01F_script03_2_M036;ang;Oh.  That's very amusing indeed.;hap
Ses01F_script03_2_F037;ang;Oh shut up.  Let go.  I hate you, I hate you.  Do you hear?  You are a conceited and overbearing and utterly impossible.;ang
Ses01F_script03_2_M037;ang;You are a vile, ill-tempered, loose living, wicked little beast and I never want to see you again as long as I live.;dis
Ses01F_script03_2_F038;ang;This is the end.  Do you hear me?  Finally and forever.;neu
Ses01F_script03_2_M038;ang;You're not going like this.;dis
Ses01F_script03_2_F039;ang;Oh.  Yes I am.;sur
Ses01F_script03_2_M039;ang;You're not.;neu
Ses01F_script03_2_F040;ang;Yes I am.   Stop it. Stop it.  Let go of me. Oh.  You're a cruel fiend.  I loathe and I hate you. Marry you again?  Never, never, never. I hope you die in torment, you brute beast cad.;ang
Ses01F_script03_2_M040;ang;Shut up. Shut up. God, I wouldn't marry you again if you came crawling back to me on a bended knee.  You are a vile, ill-tempered, mean little wench and I never want to see you again as long as I live.;dis
Ses01M_impro01_F000;ang;Next.;neu
Ses01M_impro01_M000;fru;Yes, me. Okay, okay here we go.;neu
Ses01M_impro01_F001;ang;My window is open.;sur
Ses01M_impro01_M001;fru;Okay, so filled out all these forms  --;neu
Ses01M_impro01_M002;fru;and I have This form of ID here so...;neu
Ses01M_impro01_M003;neu;Yes, Jones.;neu
Ses01M_impro01_F004;fru;What are you... what's...What are you applying for?;sur
Ses01M_impro01_M005;fru;I'm just applying for another ID.;neu
Ses01M_impro01_M006;fru;Yes.  I'm supposed to have three forms of ID for this.  It's a long story, I'm supposed to have three forms of ID for this other job I really don't get into but I need another...;neu
Ses01M_impro01_M007;fru;I have it right here, yes.;neu
Ses01M_impro01_F007;ang;No, I need your ID to give you a second ID.;neu
Ses01M_impro01_F008;ang;It's really simple if you have a problem with it... Maybe you should--;neu
Ses01M_impro01_M008;fru;But that's...;neu
Ses01M_impro01_M009;fru;That's why I'm here, that's why I was waiting in this line.  I need to get another form of ID.;neu
Ses01M_impro01_M010;neu;No, I don't have a passport.;neu
Ses01M_impro01_F010;fru;You have a birth certificate?;sur
Ses01M_impro01_M011;fru;I don't where it is though, I don't have with me.  Can I get it from somewhere?  I mean...;neu
Ses01M_impro01_F011;ang;What do you expect me to do?;sur
Ses01M_impro01_M012;fru;I probably have to go wait another line to get my birth certificate don't I?;neu
Ses01M_impro01_F012;ang;Probably.;neu
Ses01M_impro01_M013;fru;You're very helpful.  What's your name?;neu
Ses01M_impro01_M015;fru;So can you help me or not?;neu
Ses01M_impro01_F015;fru;I am..I don't..I don't understand what you want.  A driver's license or a California ID.;sur
Ses01M_impro01_M016;fru;Okay. [BREATHING];ang
Ses01M_impro01_M017;fru;I need California ID.;neu
Ses01M_impro01_M018;fru;On top of these other two forms of ID which I already have.;neu
Ses01M_impro01_M019;fru;No, I don't have driver's license.;neu
Ses01M_impro01_M020;ang;Did you even look at the form?  I filled it out all these questions--;sur
Ses01M_impro01_F019;ang;Don't raise your voice with me.;fea
Ses01M_impro01_F020;ang;Don't talk to me like I'm a child.;ang
Ses01M_impro01_M022;fru;Okay.;neu
Ses01M_impro01_F021;ang;Do you know how long I've been working here? How long have you lived in California?;neu
Ses01M_impro01_M023;fru;If it makes you stop acting like a child.;ang
Ses01M_impro01_F022;ang;Maybe you never been to the D.M.V. before, maybe you should get back in line.  You know what?  sit in line again and if you get my number ask for different one.;neu
Ses01M_impro01_M025;ang;I am not...I'm not getting to back that line.;neu
Ses01M_impro01_M026;fru;Okay, okay let's keep our voices down, okay?  I didn't come here to get in yelling match.;neu
Ses01M_impro01_M027;fru;I did not come in here to get in a yelling match with you, all right?;ang
Ses01M_impro01_F024;neu;Uh huh.  I didn't come here get in yelling match either.;neu
Ses01M_impro01_M028;fru;Just try and help me.;ang
Ses01M_impro01_F025;neu;They don't pay me enough to deal people like you.;ang
Ses01M_impro01_M030;ang;Why?;sur
Ses01M_impro01_M031;ang;Why, because I'm sick of talking to you.;sad
Ses01M_impro01_M032;ang;'Cause you're obviously not talking to me, you're just yelling at me, berating me and telling me I can't fill out forms right.;ang
Ses01M_impro01_M033;fru;Oh, no honey. And you're going to miss the Christmas card too. It's a shame. It's going to be a good, nice picture.;sad
Ses01M_impro02_M000;neu;Hey, Joy come in here.;hap
Ses01M_impro02_F000;neu;What's happening?;sur
Ses01M_impro02_M001;sad;I have to go back.;sad
Ses01M_impro02_M002;sad;I just got a letter I have to go back.;neu
Ses01M_impro02_M003;sad;First thing tomorrow morning.;fea
Ses01M_impro02_F002;sur;Are you kidding me?;sur
Ses01M_impro02_F003;fru;How...;neu
Ses01M_impro02_F004;fru;How can they do that?;sur
Ses01M_impro02_F005;fru;They said you're home for at least four years.;neu
Ses01M_impro02_M006;fru;I guess they can do it,;neu
Ses01M_impro02_M007;sad;The National Guard is I guess really spread thin and then everyone has to go.  We all have to go back, my whole companies going back.;neu
Ses01M_impro02_F006;fru;[BREATHING];dis
Ses01M_impro02_F007;fru;That's not fair.;ang
Ses01M_impro02_M009;sad;So yeah, we leave tomorrow...;neu
Ses01M_impro02_F008;fru;[BREATHING];dis
Ses01M_impro02_M010;sad;...we're all shipping out.;neu
Ses01M_impro02_M011;sad;I just got I feel like I'm in shock actually.;sur
Ses01M_impro02_F009;sad;I don't even know what to tell you.;dis
Ses01M_impro02_M012;sad;I don't know.;sur
Ses01M_impro02_F010;sad;What about the birthday party?;neu
Ses01M_impro02_M013;sad;I guess you're just going to have to have it without me.;neu
Ses01M_impro02_M014;sad;Hey listen, it's going to be okay though, all right?;neu
Ses01M_impro02_M015;sad;You're going to be fine.;neu
Ses01M_impro02_M016;sad;I'm going to be fine too, okay?;neu
Ses01M_impro02_M017;sad;I know I have a good... I have a really good group of guys with me.;hap
Ses01M_impro02_M018;sad;We're going to be okay.;neu
Ses01M_impro02_F013;sad;You're going with the same ones?;sur
Ses01M_impro02_M019;sad;Do promise me you're going to take a lot of pictures.;neu
Ses01M_impro02_M020;sad;I know.;neu
Ses01M_impro02_F015;sad;It's not the same though.;neu
Ses01M_impro02_M021;sad;I just wish there was something I could do.;sad
Ses01M_impro02_M022;sad;Run away?;sur
Ses01M_impro02_F017;sad;Mm hmm.  We'll build a bunker and never come out.;fea
Ses01M_impro02_M023;sad;I really don't want to go, I don't want to go...;sad
Ses01M_impro02_F019;sad;Don't say that.;neu
Ses01M_impro02_M025;sad;I love you.;hap
Ses01M_impro03_M000;exc;The craziest thing just happened to me.;sur
Ses01M_impro03_M001;exc;"This girl; she just offered me fifty thousand dollars to marry her.";ang
Ses01M_impro03_F001;sur;[BREATHING];dis
Ses01M_impro03_F002;exc;Why?;sur
Ses01M_impro03_M003;neu;Well, she's not a citizen so she wants to get a visa.;neu
Ses01M_impro03_F003;exc;Is she on the run?;neu
Ses01M_impro03_M004;exc;No, no, no, no, no, no she just... she's not a citizen but she wants her visa, yeah. She's going to pay me fifty thousand dollars to marry her and stay married to her for two years.;neu
Ses01M_impro03_F004;exc;Oh, she just needs to marry you.;neu
Ses01M_impro03_F005;exc;That's incredible. That's awesome. Where's she from?  Maybe you can get a dual citizenship.;sur
Ses01M_impro03_M005;exc;That's like twenty five thousand dollar a year for doing nothing. Isn't that awesome?;sur
Ses01M_impro03_M006;neu;She's actually from England, I think.  Well she- she spoke English but she had an accent. I didn't even ask.;neu
Ses01M_impro03_F006;exc;That's so cool. Uh huh.;hap
Ses01M_impro03_F007;exc;[LAUGHTER] Why did she pick you? Where were you?;sur
Ses01M_impro03_M007;exc;Fifty thousand dollars. Fifty thousand dollars. I was just out... I just... she's - well, she's a friend of friend but like...;sur
Ses01M_impro03_F008;exc;You were at a party? And she's like hey. You seem unattached she's like.;dis
Ses01M_impro03_M008;exc;Yeah.  Can you believe that? Yeah, she's like hey, I'm like sure I'll do it, I don't care. Yeah. I'm like fifty thousand dollars, I'd totally do it for fifty thousand dollars. But the only thing is that's kind of like illegal. So like I could go to jail probably for a long if I get caught, but...;ang
Ses01M_impro03_F009;exc;That's unbelievable... Yeah.;sur
Ses01M_impro03_F010;exc;Well I've known people who have done this before. Yeah.  You just- it's really fun actually 'cause you have like a fake engagement party and all your friends come over and like...;hap
Ses01M_impro03_M010;exc;It's like I'm really going to get married. We'll have like the whole thing.;hap
Ses01M_impro03_M011;exc;Oh, good. [LAUGHTER];neu
Ses01M_impro03_F011;exc;Yeah. Yeah. And then yeah, and then you know like you could like you could do like like sock her for a lot of money;neu
Ses01M_impro03_M012;exc;I know. What do you think I should-;neu
Ses01M_impro03_F012;exc;Like make her rent the apartment that you two have to live together in, you know. And you won't pay any rent or you pay like, a hundred bucks a month or something.;neu
Ses01M_impro03_M013;exc;Oh good idea.;hap
Ses01M_impro03_M014;neu;Yeah.  Make her like open the bank account and stuff too.;neu
Ses01M_impro03_F013;exc;Yeah.;neu
Ses01M_impro03_M015;exc;It's a good idea.;hap
Ses01M_impro03_F014;exc;Dude, you lucked out.;hap
Ses01M_impro03_M016;exc;I know.  Also I get to like plan the wedding now too. That will be fun.;hap
Ses01M_impro03_F015;exc;Yeah.  My colors are blush and beige what is it, do you know?;neu
Ses01M_impro03_M017;exc;Something blue, something new, something... no I don't know. [LAUGHTER] So yeah, wonder if she's going to pay me up front but do you think it's bad though, do you think they're going to like track the money or something?;sur
Ses01M_impro03_F016;exc;Oh I don't know. [LAUGHTER];sur
Ses01M_impro03_F017;neu;I don't know get it in cash.;sur
Ses01M_impro03_M018;neu;Just cash hardcore.;neu
Ses01M_impro03_F018;neu;Yeah.;neu
Ses01M_impro03_M019;exc;What should we do?  Where should we get married? We should have party.;fea
Ses01M_impro03_F019;exc;How exciting. You should have a wedding on the beach.;hap
Ses01M_impro03_M020;exc;Yeah, like a big like- A wedding on the beach, that would be nice.;hap
Ses01M_impro03_F020;exc;Yeah, at night.;fea
Ses01M_impro03_M021;neu;And then we can honeymoon.  I want to go tropical though like Bahamas- --or like Tahiti or something. I just want to like beach and like drink.;hap
Ses01M_impro03_F021;neu;Oh yeah, absolutely, absolutely.;neu
Ses01M_impro03_F022;exc;How exciting.  You should make her bring all your friends too.;hap
Ses01M_impro03_M022;exc;I'll make her pay for that.  I hear she's like totally wealthy. She's like royalty- --or something like and- --whatever like removed or something but yeah.;neu
Ses01M_impro03_F023;exc;[GARBAGE] She's got to be loaded.  fifty thousand dollars.  That's incredible.;sur
Ses01M_impro03_F024;exc;Incredible.;sur
Ses01M_impro03_M023;exc;I'm going to marry a blue blood. [LAUGHTER];hap
Ses01M_impro03_F025;exc;you're a lucky, lucky, lucky man.;hap
Ses01M_impro03_M024;exc;Will you help me plan?;fea
Ses01M_impro03_F026;exc;Oh, totally. Yeah.;neu
Ses01M_impro04_F000;neu;You seem kind of down.;neu
Ses01M_impro04_M001;fru;It's--I've been trying to find this job I can't get any job.;sad
Ses01M_impro04_M002;fru;It's not fair.;ang
Ses01M_impro04_F002;neu;What do you mean?;sur
Ses01M_impro04_M003;fru;I mean I've been looking for a job for like three years and I can't get a job.  I mean like, it's America, right?  I should be able to get a job.;sad
Ses01M_impro04_F003;neu;There's a lot of people looking for jobs.;neu
Ses01M_impro04_M004;fru;I guess.  But three years?  I mean, I like--I went to college even, I mean I didn't finish but I went for like a little bit.  It's not fair, I don't know.;neu
Ses01M_impro04_F004;neu;I don't know, I mean, I just don't think...;sur
Ses01M_impro04_M005;fru;I mean I've been sending out my resumes and doing everything I can do but nothing is happening.  You know, it's like I can't and I can't keep living on loans anymore like this.  I'm going to--I mean eventually I'm going to have to pay it back. I'm just kind of freaking out, I don't know.;ang
Ses01M_impro04_F005;neu;Did you ever think it might be your attitude that's...;sur
Ses01M_impro04_F006;neu;I don't know just sometimes you get kind of... No, I'm not saying that.  I just--;neu
Ses01M_impro04_M008;fru;No, well maybe it's because I'm like frustrated 'cause I can't get a job, you know.;ang
Ses01M_impro04_F007;neu;...has anyone ever just said anything like that to you before?;sur
Ses01M_impro04_M009;fru;Like it's really hard to like shake that off when you go into like audition a room or whatever, you know what I mean?;fea
Ses01M_impro04_F008;neu;Right, sure.;neu
Ses01M_impro04_F009;neu;But I mean you kind of got to, you got to fake it 'til you feel it, right?;dis
Ses01M_impro04_M010;fru;I guess I just getting really hard to fake, you know.;neu
Ses01M_impro04_F010;neu;I'm just saying that if I was looking to hire somebody in the--or kind of... No. No. No.;neu
Ses01M_impro04_M011;fru;Are you hiring? Wait, do you know of a job? Seriously, do you know, like do you know of anything though?  Like, oh please, do you know of anything?;ang
Ses01M_impro04_F011;neu;No.  I'm just saying though that if I was a person who was hiring somebody I-- --would not hire someone who was angry or upset.;ang
Ses01M_impro04_M012;fru;Yeah.;neu
Ses01M_impro04_M013;fru;I come across angry?;ang
Ses01M_impro04_F012;neu;No.;neu
Ses01M_impro04_M014;ang;What?;sur
Ses01M_impro04_F013;neu;Well, you know a little.  If you were to listen to--;neu
Ses01M_impro04_M015;fru;Okay.  You're my friend you can tell me stuff.  You can tell me honestly stuff, okay?  Please.;neu
Ses01M_impro04_F014;neu;I just don't want you to fly off the handle.;ang
Ses01M_impro04_M016;fru;Okay, I'm not flying off the handle I don't think I'm flying off the handle here at all.;sur
Ses01M_impro04_F015;neu;You kind of have a short fuse.;neu
Ses01M_impro04_M017;fru;I have a short fuse?;sur
Ses01M_impro04_F016;neu;Yeah.;neu
Ses01M_impro04_M018;ang;Okay. Okay no, no, no, no okay no, I need to hear this more. Come on, bring it.;ang
Ses01M_impro04_F017;neu;Like this, right now we're trying have a conversation.;neu
Ses01M_impro04_F018;neu;We're trying to have a conversation and you seem extremely hostile. You keep cutting me off.;ang
Ses01M_impro04_M020;fru;I'm not always right I'm just--;neu
Ses01M_impro04_F019;neu;I can't finish the sentence with you without you jumping in...;neu
Ses01M_impro04_F020;neu;...and you're always right.;neu
Ses01M_impro04_F021;neu;You have an excuse for everything.;neu
Ses01M_impro04_M022;fru;[BREATHING];dis
Ses01M_impro04_F022;neu;I'm just saying that maybe you should take in some information before you produce more of your own.;neu
Ses01M_impro04_M023;ang;I'm like a sponge I'm like soaked up with all this information for like three years I'm just dying for a job to like put it in to.;neu
Ses01M_impro04_F023;neu;[BREATHING];dis
Ses01M_impro04_F024;fru;That's -.;neu
Ses01M_impro04_M024;fru;You know, and like I don't think it's that much to ask. I know.;neu
Ses01M_impro04_F025;neu;Well, what kind of field are you looking to go into?;neu
Ses01M_impro04_M025;neu;That's it.;neu
Ses01M_impro05_F000;neu;Can I help you?;fea
Ses01M_impro05_M000;fru;Yes, please help me.  Where is my bag?;fea
Ses01M_impro05_F001;neu;I need a little more information.;neu
Ses01M_impro05_M001;fru;Where is my bag?  Come on, I've been here for four hours.;sur
Ses01M_impro05_F002;neu;What- What flight did you come in on?;sur
Ses01M_impro05_M002;fru;Okay, I'm coming in from Atlanta.;neu
Ses01M_impro05_F003;neu;Georgia?;sur
Ses01M_impro05_F004;neu;There's no need for you to raise your voice, sir.;neu
Ses01M_impro05_F005;neu;I've been college educated.;neu
Ses01M_impro05_F006;neu;I speak your language.;neu
Ses01M_impro05_M004;ang;Are you insinuating that I don't have a college education and that- for some reason that makes you a better person than I am?;sur
Ses01M_impro05_M005;ang;Listen, shut your smug mouth, okay?  I don't need that.;ang
Ses01M_impro05_F007;neu;I'm just saying you don't need to talk to me like I-;neu
Ses01M_impro05_M006;ang;I've been sitting here for four hours.;neu
Ses01M_impro05_F008;fru;I'm not a child.;neu
Ses01M_impro05_M007;ang;You people have just been tossing me around like a used hanky.;dis
Ses01M_impro05_M008;ang;You work here.;neu
Ses01M_impro05_F011;neu;Details, Details.  Well, anyhow can I--;neu
Ses01M_impro05_F012;neu;so you flew in from Atlanta...;neu
Ses01M_impro05_M009;fru;My bag from Atlanta.;neu
Ses01M_impro05_F013;neu;Four...Four hours ago.;sur
Ses01M_impro05_M010;fru;It's a little black bag with wheels.;neu
Ses01M_impro05_F014;neu;Do you have any i-?;neu
Ses01M_impro05_F015;neu;I wouldn't let you?   I was not in Atlanta. I was not in Atlanta.;ang
Ses01M_impro05_F016;neu;I had nothing to do with the boarding attendance.  I'm sorry that your seat was wherever it was.;sad
Ses01M_impro05_F017;neu;I have some unfortunate news, uh, that your bag isn't going to be--;sad
Ses01M_impro05_F018;neu;#NOME?;neu
Ses01M_impro05_F019;neu;I'm really sorry to tell you this but...;sad
Ses01M_impro05_M015;neu;Okay.;neu
Ses01M_impro05_F020;neu;It's not.  I can offer you fifty dollars and a reimbursement gift cards for our airline...;neu
Ses01M_impro05_F021;neu;...and your future...;neu
Ses01M_impro05_F022;neu;No.;neu
Ses01M_impro05_F023;neu;Yes.;neu
Ses01M_impro05_M018;fru;Where is it?  Where did it go?;sur
Ses01M_impro05_F024;neu;We've actually...;neu
Ses01M_impro05_F025;neu;They do as matter of fact.  We don't like to publicize it because;neu
Ses01M_impro05_F026;neu;people wouldn't Fly our airline.;ang
Ses01M_impro05_M020;ang;Probably people that work for your company huh?;neu
Ses01M_impro05_M021;ang;Do you know what was in that little bag that I could have just easily put in overhead compartment but no I had to check?;sur
Ses01M_impro05_F027;neu;What was that?;sur
Ses01M_impro05_M022;ang;My computer which has all of my data which I'm collecting right now.;neu
Ses01M_impro05_F028;neu;That's unfortunate.;sad
Ses01M_impro05_M023;ang;Yeah it's really unfortunate you know why because I'm going to get fired if I don't get that.  So I need to have that back.;sad
Ses01M_impro05_F029;neu;That's too bad.;dis
Ses01M_impro05_M024;ang;Fifty dollars is not going to cover me for my job, okay?;ang
Ses01M_impro05_F030;neu;I wish I could give it to you.;sad
Ses01M_impro05_M025;ang;Well you need to find it. Can I just go back there and look through the bags?  Can I just go back there and just go through maybe I'll find it.;neu
Ses01M_impro05_F031;neu;I wish I-;sad
Ses01M_impro05_F032;neu;That's not - no.;neu
Ses01M_impro05_F033;neu;No.;neu
Ses01M_impro05_M026;ang;It'll be a lot more than what you're doing sitting here and just give me lip service.  I'd like to go back at least do some aggressive searching for my stuff.;neu
Ses01M_impro05_F034;neu;We have plenty of aggressive searching going on it's not there.  Someone's taken it.;neu
Ses01M_impro05_M027;ang;Sure, yeah right you have plenty of aggressive searching going on, aggressive searching, drinking coffee and smoking cigarettes.;neu
Ses01M_impro05_M028;ang;"I know what you guys do when you're not working you're union people; you just sit around on your ass.";dis
Ses01M_impro05_F035;fru;You know I don't need to take this sort of abuse.;dis
Ses01M_impro05_M030;fru;[BREATHING];dis
Ses01M_impro05_M031;ang;Thank you very much.;hap
Ses01M_impro06_F000;neu;You okay?;ang
Ses01M_impro06_M000;sad;Yeah, I'm just-- yeah;neu
Ses01M_impro06_M001;sad;Just kind of feel numb, you know.;sad
Ses01M_impro06_F001;neu;What's happened?;sur
Ses01M_impro06_M002;sad;You didn't even hear?;sur
Ses01M_impro06_M003;sad;[BREATHING] Umm.;dis
Ses01M_impro06_M004;sad;God I've told this story so many times. Umm.;dis
Ses01M_impro06_F002;neu;You don't have to if you don't want to.;neu
Ses01M_impro06_M005;sad;I just...I just basically lost someone that was really close to me.;sad
Ses01M_impro06_M006;sad;And I've kind of been dealing with all of the...the stuff, you know the hospital and people work because...;neu
Ses01M_impro06_F003;sad;I'm sorry to hear that.;sad
Ses01M_impro06_M007;sad;He kind of didn't have anyone to take care of that for him, so--;dis
Ses01M_impro06_F004;sad;You've been taking care of it all?;neu
Ses01M_impro06_F005;sad;Oh Jesus.;sur
Ses01M_impro06_M008;sad;It's just really...really messed up.;dis
Ses01M_impro06_F006;sad;He sick for awhile?;neu
Ses01M_impro06_M009;sad;No.;neu
Ses01M_impro06_M010;sad;Just like it.;neu
Ses01M_impro06_F007;neu;Was it an accident?;neu
Ses01M_impro06_M011;sad;No, I mean it just came on really quick, you know I mean it was a [GARBAGE] it was a sickness but it just --;sur
Ses01M_impro06_F008;neu;how was sick?;neu
Ses01M_impro06_M012;sad;What?;sur
Ses01M_impro06_F009;neu;Well, I'm confused.  He was sick or it was an accident?;neu
Ses01M_impro06_M013;sad;He was sick. He got sick. He got sick but it happened really, really fast, you know.;sur
Ses01M_impro06_F010;neu;Oh. Really fast? Oh.;sur
Ses01M_impro06_M014;sad;It was kind of like boom... done;sur
Ses01M_impro06_F011;neu;Yeah.;neu
Ses01M_impro06_M015;sad;It's just really weird because he was really young you know and it kind of like...;dis
Ses01M_impro06_F012;neu;Yeah.;neu
Ses01M_impro06_M016;sad;#NOME?;neu
Ses01M_impro06_F013;neu;Totally, yeah.;dis
Ses01M_impro06_M017;sad;So weird you know that like one days it's like you know sounds so stupid but like one day someone's here. And like next day you know they're not here and it just kind of makes you like think about like life and mortality and like that kind of stuff.  You just like used to take for granted--you know.;dis
Ses01M_impro06_F014;neu;Mmhmm.;neu
Ses01M_impro06_F015;neu;Lock;neu
Ses01M_impro06_F016;neu;Mmhmm.;neu
Ses01M_impro06_F017;neu;The plans you make [GARBAGE].;neu
Ses01M_impro06_M018;sad;Exactly, you know, and like he had so many plans and he was going to do...;neu
Ses01M_impro06_F018;neu;It leaves a hole for you too.;neu
Ses01M_impro06_M019;sad;so many things, you know?;sur
Ses01M_impro06_F019;neu;It leaves a hole for you too, in your plans together.;neu
Ses01M_impro06_M020;sad;What?;sur
Ses01M_impro06_M021;sad;Yeah.;neu
Ses01M_impro06_F020;neu;It gets better.;neu
Ses01M_impro06_M022;sad;He was a really, really good guy.;hap
Ses01M_impro06_F021;neu;Mmhmm.;neu
Ses01M_impro06_M023;sad;A lot of people loved him.;hap
Ses01M_impro06_F022;neu;MMhmm.;sur
Ses01M_impro06_M024;sad;You know, it's like affecting a lot of people it's not just me, you know?;neu
Ses01M_impro06_F023;neu;Mmhmm.;neu
Ses01M_impro06_F024;neu;How long did you know each other?;neu
Ses01M_impro06_M025;sad;Umm...;neu
Ses01M_impro06_M026;sad;For like eight years.;neu
Ses01M_impro06_F025;neu;That's a long time.;neu
Ses01M_impro06_M027;sad;Yeah.;neu
Ses01M_impro06_F026;neu;It's good that you were there.;hap
Ses01M_impro06_M028;sad;Yeah, I'm glad I was there. Glad I- glad I got to be there.;hap
Ses01M_impro06_M029;sad;So weird,;dis
Ses01M_impro06_F027;neu;Yeah.;neu
Ses01M_impro06_M030;sad;"like I can't...it's like you know it's like ""pinch me"" it's like I can't believe like I'm dealing with this, you know.";sur
Ses01M_impro06_F028;neu;Are there things you wish you'd done differently?;sur
Ses01M_impro07_M000;exc;Check this out.  You know how I've told you I've been really into like softball recently?;neu
Ses01M_impro07_F000;neu;Yeah.;neu
Ses01M_impro07_M001;exc;Well, this is totally random, I got this full ride scholarship to go to U.S.C next year to play softball.;neu
Ses01M_impro07_F001;exc;[LAUGHTER]. For softball? That's unbelievable. Is it slow pitch?;sur
Ses01M_impro07_M002;exc;For softball.  They're going to pay me to go to school. Isn't that awesome?;sur
Ses01M_impro07_M003;exc;Yeah.  Well, I don't--well yeah I can pitch, I'm not like the pitcher though. I'm like the pinch hitter guy I mostly just hit.  But I guess I'm going to have to... Yeah, and then I play shortstop too but... It's so ex- The good news is I get to stay here.;hap
Ses01M_impro07_F003;exc;Pinch hitting softball.;neu
Ses01M_impro07_F004;exc;That is incredible.;sur
Ses01M_impro07_F005;exc;That's amazing. They pay for everything?;sur
Ses01M_impro07_M004;exc;I know. For softball, yeah.;neu
Ses01M_impro07_F006;exc;Your housing, books, everything? That is incredible.;sur
Ses01M_impro07_M005;exc;Yeah, everything. Every like- free ride and I get to, you know, like be on like a Trojans sports team too. And it's like cool. Isn't it awesome?;hap
Ses01M_impro07_F007;exc;That is incredible. Do you get like a per diem?;sur
Ses01M_impro07_M006;hap;I don't know. I should ask. Yeah, I will.;neu
Ses01M_impro07_F008;exc;You should...You should look into that.;neu
Ses01M_impro07_F009;exc;That is amazing, congratulations. Good for you.;sur
Ses01M_impro07_M007;exc;Thank you.;neu
Ses01M_impro07_M008;exc;But I don't know I want to live in the housing that they give me though 'cause I think I want to you know like get like a nicer place.;neu
Ses01M_impro07_F010;neu;Oh.;neu
Ses01M_impro07_F011;exc;Yeah, that you probably. You should see one of these Victorian houses around by.;neu
Ses01M_impro07_M009;exc;Where should I move?;fea
Ses01M_impro07_M010;exc;That's a really good idea. Or I could go to like Santa Monica. Go beach. Venice beach, yeah a little dirty though. I don't want to go to Venice beach. But - Malibu. All right.;neu
Ses01M_impro07_F012;neu;Oh. Venice beach.;sur
Ses01M_impro07_F013;exc;Oh, you don't like that. You're west-sider?;dis
Ses01M_impro07_F014;exc;Okay. That would be way too much of a commute you can't do that. Especially- I know especially from--I don't know, what I was going to say, I don't know.;neu
Ses01M_impro07_M011;hap;Professional softball player Malibu. [LAUGHTER];neu
Ses01M_impro07_F015;exc;I don't know. Commuting from what Malibu that would be ridiculous.;dis
Ses01M_impro07_M013;hap;Oh yeah, that would be.  Well, depends on what type of car you had, though too. I guess it would be worth it. helicopter. Yeah, helicopter.  There is a helipad there, right? Yeah, exactly.;neu
Ses01M_impro07_F016;exc;Oh yeah. He'd drop you right off at practice?;sur
Ses01M_impro07_F018;exc;They have those neon--softballs.  They're like day-glow you can see them anywhere.;neu
Ses01M_impro07_F020;neu;Oh. That is incredible. Is it--;sur
Ses01M_impro07_F021;exc;do they have a--is it a co-ed softball team?  I mean... Really? You know, I didn't even know that they have that.;sur
Ses01M_impro07_M017;hap;They do it's--believe me it's huge.;sur
Ses01M_impro07_F022;exc;Who do you play? Like do--are you like... nationally ranked?;neu
Ses01M_impro07_M018;exc;I just got into it. I just kind of fell into it. Literally I was walking around and...;neu
Ses01M_impro07_F023;exc;That is unbelievable.;sur
Ses01M_impro07_M019;hap;It's pretty wild.;neu
Ses01M_impro07_F024;exc;I would put that right up there with--ping-pong.;neu
Ses01M_impro07_M020;neu;Yeah, well I doubt [GARBAGE] ping pong [GARBAGE];neu
Ses01M_impro07_F025;exc;I mean not to denigrate what you are doing.  I think that's great.;dis
Ses01M_impro07_M021;sur;Oh you mean it's not really sport that what you're saying?;sur
Ses01M_impro07_F026;exc;No, no.  I love softball. I played softball all the time.;hap
Ses01M_impro07_M022;sur;It's totally a sport. What are you talking about?;sur
Ses01M_impro07_F027;exc;I am not saying you should be. I'm not no. I think it's great I think you should be incredibly proud yourself especially because you're going to U.S.C for free for doing it. For free.;hap
Ses01M_impro07_M024;exc;For free that's really what it's about. I mean who cares I mean if I have to play softball all the time?;neu
Ses01M_impro07_M026;neu;Yeah we have like away games and stuff.;neu
Ses01M_impro07_M030;neu;But you know I'm like [GARBAGE].;neu
Ses01M_impro07_F033;hap;You're like the rookie? The new kid.;neu
Ses01M_impro07_F034;hap;Just watch in five years you'll be like on the force. You carry around donuts in your back pocket... [LAUGHTER];neu
Ses01M_impro07_M032;hap;I'm going to have a mustache...On the force...;neu
Ses01M_impro07_M033;hap;Pull over..;neu
Ses01M_script01_1_F000;fru;What he's going to say?;sur
Ses01M_script01_1_M000;neu;He saw it.;neu
Ses01M_script01_1_F001;sur;When?;sur
Ses01M_script01_1_F002;sur;How could he see it?  I was the first one up and he was still in bed.;sur
Ses01M_script01_1_M002;neu;I was out here at four this morning I heard a crack and I looked out the window and he was standing right over there.;fea
Ses01M_script01_1_F003;sur;What was he doing here at four in the morning?;sur
Ses01M_script01_1_M003;sad;I don't know.  But he went back in the kitchen and he cried.;neu
Ses01M_script01_1_F004;sad;Did you talk to him?;sur
Ses01M_script01_1_M004;sad;No.  I figured I'd just let it wait.;neu
Ses01M_script01_1_F005;sad;Cried hard?;neu
Ses01M_script01_1_M005;sad;Yeah, I could hear him crying through the floorboards in my room.;dis
Ses01M_script01_1_F006;sad;[BREATHING];dis
Ses01M_script01_1_F007;fru;What is he doing out here at that hour?;sur
Ses01M_script01_1_M006;sad;I don't know.;sur
Ses01M_script01_1_F008;ang;He's dreaming about him again, walking the streets.;neu
Ses01M_script01_1_M007;sad;I guess he is.;neu
Ses01M_script01_1_M008;fru;I don't know the meaning of it.  But I know we've made terrible mistake with father.;fea
Ses01M_script01_1_F010;sur;What?;sur
Ses01M_script01_1_F011;ang;What do you mean a mistake?;sur
Ses01M_script01_1_M010;fru;I just--why shouldn't he walk the nights waiting for him, huh?  Do we contradict him do we say we don't have any hope any more that he's not coming back?;ang
Ses01M_script01_1_F012;fru;What do you want to do, argue with him?;ang
Ses01M_script01_1_M011;fru;I don't want to argue with him, it's just for God's sake it's time he realized that no one believes with him any more.;neu
Ses01M_script01_1_M012;fru;I got to.;neu
Ses01M_script01_1_F014;ang;What, can you prove it?  What proof do you have?  Can you prove it?;sur
Ses01M_script01_1_M013;fru;For God's sake, three years?  Nobody comes back after three years. It's insane.;sur
Ses01M_script01_1_F015;ang;To you it is, to me it is.  But to your father?  You can talk yourself 'til you're blue in the face but there's was no grave and there is no body.  So where are you?;neu
Ses01M_script01_1_M014;fru;Okay, all right.  Mom, sit down.  I want to talk to you.;neu
Ses01M_script01_1_F016;ang;The trouble is those god damn news papers.  Every month some boy comes back missing longer then Larry so--;ang
Ses01M_script01_1_M015;fru;Yeah, okay all right, all right.  Listen, um, you know why I asked Annie here, right?;neu
Ses01M_script01_1_F017;ang;Why?;sur
Ses01M_script01_1_M017;neu;I'm going to ask her to marry me.;hap
Ses01M_script01_1_F019;fru;Well, that's only your business, Chris.;neu
Ses01M_script01_1_M018;fru;You know it's not just my business.;neu
Ses01M_script01_1_F020;ang;Well, what do you want me to do?  You're old enough known your own business.;neu
Ses01M_script01_1_M019;fru;So it's okay then?  I'm just going to go ahead with it?;neu
Ses01M_script01_1_M020;ang;See.  Then it's not just my business. Sometimes you infuriate me, you know that?  You know it's just your business too if I tell father and he throws a fit about it, huh?;ang
Ses01M_script01_1_F022;fru;I'm just saying.;neu
Ses01M_script01_1_F023;ang;I'm sorry.  I ignore what I've got to ignore. That girl is Larry's girl.;sad
Ses01M_script01_1_M021;ang;She is not Larry's girl.;neu
Ses01M_script01_1_F024;ang;From father's point of view he is not dead and you have no right to take his girl.  I'm just saying that you can go on from there if you know where to go but I'm saying I don't know where to go.  See, I don't know.;neu
Ses01M_script01_1_M022;fru;I don't know why it is you know every time I reach out for something I have to pull back 'cause I'm afraid it's going to hurt somebody.  All my life...;fea
Ses01M_script01_1_F025;neu;You're a considerate fellow.  There's nothing wrong in that.;neu
Ses01M_script01_1_M023;ang;To hell with that.;ang
Ses01M_script01_1_F026;neu;Did you ask Annie yet?;sur
Ses01M_script01_1_M024;sad;No, I wanted to get this all sorted out first.;neu
Ses01M_script01_1_F027;fru;Well, how do you know she's going to marry you?  Maybe she feels same way your father does.;neu
Ses01M_script01_1_F028;fru;The trouble is you don't see enough women, you never did.;neu
Ses01M_script01_1_M026;fru;So what?  I'm just--I'm not fast with women.;sur
Ses01M_script01_1_F029;ang;I don't see why it has to be Annie.;sur
Ses01M_script01_1_M027;fru;Because it is.;neu
Ses01M_script01_1_F030;ang;That's a good answer but it doesn't answer anything.  You haven't seen her since you went away to war, it's been five years.;neu
Ses01M_script01_1_M028;fru;I don't know, it I think of her, I grew up next to her.  She is what I think of when I think of a wife.;neu
Ses01M_script01_1_F031;sad;He thinks he's coming back, Chris.  You marry that girl you're pronouncing him dead.;neu
Ses01M_script01_1_F032;ang;Do you know what that'll do to you, to your father, do you know?  I don't.;fea
Ses01M_script01_1_M030;fru;I've given it lots of thought.  And I keep coming back to the same thing.;neu
Ses01M_script01_1_M031;fru;When I think of a family, when I think of my future I see Annie in the center of that and you know and if that can't happen here then I'll go somewhere else.;neu
Ses01M_script01_1_F034;sur;What the hell is this?;ang
Ses01M_script01_1_M032;fru;I'll leave.  I'll get married and move somewhere else maybe New York.;sad
Ses01M_script01_1_F035;ang;Are you crazy?;ang
Ses01M_script01_1_F036;ang;You have a business here.  I said what the hell is this?;ang
Ses01M_script01_1_M034;ang;Business?  The business doesn't inspire me.;sad
Ses01M_script01_1_F037;ang;Oh, must you be inspired.;neu
Ses01M_script01_1_M035;ang;Yes, yes I like it for one hour a day.  I don't care if I have to grub for money all day long when I come home I want it nice, I want a family, I want to kids and Annie is in the center of that.;hap
Ses01M_script01_1_M036;fru;If that can't happen here...;neu
Ses01M_script01_1_M037;neu;Yes, on this I would.;neu
Ses01M_script01_1_F039;ang;Well, you don't want to think like that.;dis
Ses01M_script01_1_M038;sad;Then help me stay here mom.;neu
Ses01M_script01_1_F040;ang;All right but you don't think like that because what the hell is this all for.  This is all for you, what are we working for Chris? The whole shooting match is for you.;ang
Ses01M_script01_1_M040;sad;Then help me stay.;neu
Ses01M_script01_1_F041;ang;Well, you don't think like that.;dis
Ses01M_script01_1_M041;ang;I am thinking like that.;neu
Ses01M_script01_1_F042;ang;I don't understand you, do I?;sur
Ses01M_script01_1_M042;sad;No, you don't.  I'm a pretty tough guy.;fea
Ses01M_script01_1_F043;ang;Well, I can see that.;neu
Ses01M_script01_2_F000;ang;Why did he invite her here?;sur
Ses01M_script01_2_M000;neu;Well, maybe he wanted see her.;neu
Ses01M_script01_2_F001;ang;It's been three and a half years.  Why all of a sudden?;sur
Ses01M_script01_2_M001;neu;Well uh, He grew up next door to the girl, why wouldn't he want to see her?;ang
Ses01M_script01_2_M002;fru;Don't look at me like that.  He didn't tell me anything he told you.;ang
Ses01M_script01_2_M003;fru;How do you know he's even thinking about it?;sur
Ses01M_script01_2_M004;fru;Oh so what?;sur
Ses01M_script01_2_F004;ang;What is going on here, Joe?;sur
Ses01M_script01_2_M005;fru;Okay, now listen, kids...;ang
Ses01M_script01_2_F005;ang;The girl is not Larry's.  If the girl is Larry's girl she's not his she know she's not.;neu
Ses01M_script01_2_M006;fru;Listen. Line. You can't read her mind.;ang
Ses01M_script01_2_M007;neu;And how do you know why she's waited.;sur
Ses01M_script01_2_M008;fru;Okay, look it's a beautiful day.  Why are we arguing?;hap
Ses01M_script01_2_F008;fru;Nobody in this house dares take away her faith Joe.  Her- strangers might but not her father, not her brother.;ang
Ses01M_script01_2_M009;fru;What do you want me to do?  What do you want?;fea
Ses01M_script01_2_F009;ang;I want you to---act like he is coming back.  Don't think I haven't noticed you, both of you since Chris invited her here.  I won't stand for any nonsense.;ang
Ses01M_script01_2_M010;fru;Kate...;neu
Ses01M_script01_2_M011;fru;[BREATHING];dis
Ses01M_script01_2_F011;ang;Oh, laugh at me, laugh all you like but why does this happen to very night she comes back?  She goes to sleep in his room and his memorial breaks in pieces.  Look at it, Joe look.;neu
Ses01M_script01_2_M012;fru;All right, calm yourself.;neu
Ses01M_script01_2_F012;ang;Believe with me Joe, you got to believe. Only last week a boy came back missing longer then Larry you read it yourself.;sur
Ses01M_script01_2_M013;fru;Okay, calm yourself. Alright.;neu
Ses01M_script01_2_M014;fru;calm yourself.;neu
Ses01M_script01_2_F013;ang;You above all have got to believe. Just don't stop believing.;neu
Ses01M_script01_2_M015;ang;What does that mean? Me above all? What does that mean?;sur
Ses01M_script01_2_M016;ang;Look at you. You're shaking.;fea
Ses01M_script01_2_M017;ang;What the hell do you want from me, Kate?;ang
Ses01M_script01_3_F000;neu;The only one I know still love his parents.;sad
Ses01M_script01_3_M000;hap;Yeah, that kind of went out of style didn't it?;neu
Ses01M_script01_3_F001;neu;Oh it's not bad thing it's good thing.;dis
Ses01M_script01_3_M001;hap;You're not sorry you came?;sur
Ses01M_script01_3_F003;sad;Not sorry, no.  I can't stay here.;sad
Ses01M_script01_3_M002;sad;Why not?;neu
Ses01M_script01_3_F004;neu;For one thing your mother as much as told me to go.;dis
Ses01M_script01_3_F005;sad;[BREATHING] And then you've been kind of...;dis
Ses01M_script01_3_M004;neu;What?;sur
Ses01M_script01_3_F006;sad;You've been kind of embarrassed ever since I got here.;dis
Ses01M_script01_3_M006;neu;You did?;sur
Ses01M_script01_3_F008;neu;From her point of view why else would I come?;sur
Ses01M_script01_3_M007;neu;Yeah--;neu
Ses01M_script01_3_M009;hap;Ann, I love you.  I love you.;hap
Ses01M_script01_3_F012;neu;I almost got married two years ago.;hap
Ses01M_script01_3_M014;neu;Why didn't you?;sur
Ses01M_script01_3_F014;exc;Everyday since.;neu
Ses01M_script01_3_M016;exc;why didn't you let me know?;ang
Ses01M_script01_3_F015;exc;Because I was waiting for you, Chris.  Till then you never wrote me and then when you did, well, you sure can be ambiguous you know.;neu
Ses01M_script01_3_M018;exc;I kissed you.  I kissed Annie.;hap
Ses01M_script01_3_F016;hap;I'll never forgive you for waiting so long.  All I did was sit around and wonder if I was crazy for thinking about you.;sur
Ses01M_script01_3_M019;hap;I kissed you.;dis
Ses01M_script01_3_F018;sad;Chris, what's the matter?;sur
Ses01M_script01_3_M020;sad;Do you want to go somewhere?  Let's go.;neu
Ses01M_script01_3_F019;sad;No, what is it?  Is your mother?;sur
Ses01M_script01_3_M021;sad;No, no, it's nothing like that.;neu
Ses01M_script01_3_M022;sad;I don't know it's--it's complicated. But it's going from me now.;neu
Ses01M_script01_3_F021;sad;You got to tell me.;neu
Ses01M_script01_3_M023;sad;I don't know.;sur
Ses01M_script01_3_M024;sad;It's kind of all mixed up with all these other things.;neu
Ses01M_script01_3_F022;sad;Wouldn't work like this.;ang
Ses01M_script01_3_M025;sad;you know over seas I was in command of the company?;neu
Ses01M_script01_3_F023;sad;Yeah, sure.;neu
Ses01M_script01_3_M026;sad;Well I lost them.;sad
Ses01M_script01_3_F024;sad;How many?;sur
Ses01M_script01_3_M027;sad;Pretty much all.;neu
Ses01M_script01_3_F025;sad;[BREATHING]. Geez.;dis
Ses01M_script01_3_M028;sad;Takes awhile to toss something like that off.  I mean they weren't just men, you know.;neu
Ses01M_script01_3_M029;sad;For instance, there was this one time when this kid--it had been raining for like several days and he gave me his last pair of dry socks.;neu
Ses01M_script01_3_M030;sad;He just put it in my pocket that's the kind of guys I had.;neu
Ses01M_script01_3_M031;sad;They didn't die they killed themselves for each other and I mean that exactly, you know a little more selfish and they'll all be here today...;ang
Ses01M_script01_3_M032;sad;And I had this idea as I was watching them go down like everything was being destroyed, you know.  But I felt like this one new thing was being made, you know it's kind of like this.  This monument...;dis
Ses01M_script01_3_M033;sad;You know, that they were bringing something on to this earth, a kind of sacrifice you know.;neu
Ses01M_script01_3_M034;sad;I thought I would change everything you know, and I got back here and it was- it was like nothing had changed at all...;sur
Ses01M_script01_3_M035;sad;You know.  I went to work with dad and I started that whole rat race again...;fea
Ses01M_script01_3_M036;sad;And no one had changed it was just like sort of random bus accident to them.;neu
Ses01M_script01_3_M037;sad;Driving my new car and I felt guilty you know opening my bank book seeing a new refrigerator.;sad
Ses01M_script01_3_M038;sad;'Cause you can take those things out of a war.  But you have to realize that those things came out of the love that a man can have for another man...;neu
Ses01M_script01_3_M039;sad;And if you can't see that then it's just loot and there's blood all over it.;dis
Ses01M_script01_3_M040;sad;I felt ashamed and I didn't want any part of it.  I guess I included you too.;sad
Ses01M_script01_3_F026;sad;Do you still feel that way?;neu
Ses01M_script01_3_M041;sad;I want you to know Annie.;neu
Ses01M_script01_3_M043;hap;I'm going to make a fortune for you.;hap
Ses01M_script01_3_F030;hap;What would I do with a fortune?;ang
Ses01M_script02_1_M000;exc;What time is it?  God, this is great, isn't it?  I can't believe it.;sur
Ses01M_script02_1_M001;exc;Of course I did want to a little further up the coast you know get away from all the lights and people and everything.  Is it midnight, do they always start at midnight?  Is that what it is midnight?  How you doing, huh? You okay?  That's good.;neu
Ses01M_script02_1_M002;exc;Look, there what's that, what's that?  Is it--;sur
Ses01M_script02_1_F001;fru;Ugh...;dis
Ses01M_script02_1_M004;exc;Oh, no I can't tell though.  Although probably if you can't tell it probably isn't them right, yeah.  Probably going to be like unmistakable, right?;neu
Ses01M_script02_1_M005;exc;Gosh, this is great, isn't it?  This is awesome.  Oh, no you know what I forgot?;sur
Ses01M_script02_1_F002;sur;What flashlight?;sur
Ses01M_script02_1_M007;neu;Flashlight the silver one.  There's only one isn't there?;sur
Ses01M_script02_1_M009;neu;Oh, well, yeah of course.;neu
Ses01M_script02_1_F005;ang;"You keep saying ""my flashlight"" like somehow it's just yours. How's that supposed to make me feel?";neu
Ses01M_script02_1_M010;neu;Of course, our flashlight.  What's your is mine, mi flashlight es su flashlight.;neu
Ses01M_script02_1_M011;neu;Gosh, I should have brought it. I can't believe I forgot that.;sur
Ses01M_script02_1_F007;neu;No.;neu
Ses01M_script02_1_M014;exc;You know what we should've brought a blanket too.  Man, our blanket, our blanket.  Wish I had six-pack too, a six-pack would be just the ticket right about now, huh, six-pack.;neu
Ses01M_script02_1_F008;neu;I'm fine.;neu
Ses01M_script02_1_M016;exc;Oh yeah, I'm so excited right now I'm like a kid.;hap
Ses01M_script02_1_M017;exc;I can't believe I got out of the house without my fly zipped up even.;sur
Ses01M_script02_1_F009;hap;I wonder if they can hear me talk;sur
Ses01M_script02_1_F010;fru;I'm cold.;sad
Ses01M_script02_1_M020;fru;Do you want my jacket?;neu
Ses01M_script02_1_F011;fru;It's after eleven, let's go home.;neu
Ses01M_script02_1_M021;fru;What are you kidding?  We just got here.  We don't want to turn around and go home now.  What's the point coming all the way down here?;sur
Ses01M_script02_1_F012;fru;There is no point.;ang
Ses01M_script02_1_M022;neu;Right.;neu
Ses01M_script02_1_F013;fru;That's my point.;neu
Ses01M_script02_1_M023;neu;That's my point too.;neu
Ses01M_script02_1_F014;ang;Then let's go.;neu
Ses01M_script02_1_M024;fru;No, wait no, no that's not my point.  My point is there is no point and coming all the way down here if we just turn around and go home.;neu
Ses01M_script02_1_M026;fru;Why not?;neu
Ses01M_script02_1_M027;fru;It's not stupid.  It's a natural phenomenon.;dis
Ses01M_script02_1_M028;ang;"People in Kansas would have to get plane tickets and make hotel reservations to see this.  It's only forty minutes away; it's just too good to pass up.";neu
Ses01M_script02_1_F017;ang;Pass what up?  These little fish swim out of the ocean, they flop around on the sand then they swim back and then they die.;neu
Ses01M_script02_1_F018;fru;I don't know what you're so excited about.  This isn't a moon landing we're talking about, it's fish, it's a fish nobody even eats.;sur
Ses01M_script02_1_M030;neu;Yeah, they do.;neu
Ses01M_script02_1_F019;fru;Oh, Augie.;neu
Ses01M_script02_1_M031;exc;Well, okay whatever, okay but it's a fish who do something that like no other fish do, you know, it's like those swallows that return to Capistrano or those like those lemmings that jumped off the cliffs, you know.;neu
Ses01M_script02_1_M032;exc;It's like a little bit of the unexplainable, a little magic, a little mystery.  I just don't see how you can not be interested in this.;sur
Ses01M_script02_1_F020;fru;I'm not.;neu
Ses01M_script02_1_F021;ang;Yes.;neu
Ses01M_script02_1_M034;fru;All right.;neu
Ses01M_script02_1_M035;fru;I don't get it though, I mean the first time we came here you said it was like the best night of your life...;sur
Ses01M_script02_1_M036;fru;And last year I remember like distinctively you were so excited to get here that you didn't realize you stubbed your toe until we were in a car.;sur
Ses01M_script02_1_F022;ang;Last year, you'll also remember we got--our shoes got wet, I got sand in my panties, you got a sore throat, we got into a big fight and we did not see the grunions.;dis
Ses01M_script02_1_M037;neu;We just weren't in a good spot though.;neu
Ses01M_script02_1_F023;ang;We didn't see them the year before either.;neu
Ses01M_script02_1_M039;neu;Come on, trust me I got instincts for these things, okay?  So just--just think about it all right?  Okay, I know you're not interested, think about it...;fea
Ses01M_script02_1_M040;exc;Out there, there's like this big mass of silver fish they're heading this way...;neu
Ses01M_script02_1_M041;exc;They don't know why, we don't know why.  No one like sent them an invitation or gave them a map or direction...;sur
Ses01M_script02_1_M042;exc;They just all turned at once and they just form this line as long as the California coast.  And they just started swimming...;neu
Ses01M_script02_1_M043;exc;Like some little time release fire cracker went off inside their little tiny bodies.  And they all turned as one...;neu
Ses01M_script02_1_M044;exc;And form the line and started swimming, swimming that would bring them to this point here...;neu
Ses01M_script02_1_M045;exc;It's like urgency that's pure urge you know.  It's single-mindedness with no mind.;neu
Ses01M_script02_1_M046;exc;It's crazy.  Look at this, I'm giving myself goose bumps, the hairs are standing up on my arm.;dis
Ses01M_script02_2_M001;exc;...to this spot for this massive celebration of like sex and death...;hap
Ses01M_script02_2_M002;exc;Look at this, my hairs are standing up my arm. I'm giving myself goose bumps.;ang
Ses01M_script02_2_F000;neu;That's the wind.;neu
Ses01M_script02_2_M003;exc;Well, so?  What do you think?;sur
Ses01M_script02_2_F002;fru;I think it's ridiculous.;dis
Ses01M_script02_2_F003;fru;It's a PR.;neu
Ses01M_script02_2_M006;fru;It's not just me, okay?  Look at like all the people.;neu
Ses01M_script02_2_F005;fru;They're all told the same thing.;neu
Ses01M_script02_2_F006;fru;Everybody is believes that it keeps them excited, you know it keeps them coming back for more.;neu
Ses01M_script02_2_F007;fru;Everybody keeps thinking that they can just find the right spot, you know they'll get it on the action.;neu
Ses01M_script02_2_F008;fru;Their life will start then.;neu
Ses01M_script02_2_F009;fru;I'm sorry it still just fish to me.;sad
Ses01M_script02_2_M008;neu;Can I ask you a question?  Are you on your period?;neu
Ses01M_script02_2_F010;ang;Why do you ask me that?  God damn it, I told you not to ask me that I hate it when you ask me that. It's insulting.;ang
Ses01M_script02_2_F011;ang;I just, we just have different ideas of what this evening is supposed to look like.;neu
Ses01M_script02_2_M010;fru;Is not supposed to like anything.  We come down here, we look at the fish, they arrive, we go woo-ah fish.;neu
Ses01M_script02_2_F012;fru;Oh. Grow up Augie, the fish are not going to come.;sad
Ses01M_script02_2_M012;fru;Why not?;neu
Ses01M_script02_2_F013;ang;Because they never do.  Do they, have they ever?;sur
Ses01M_script02_2_M013;neu;We missed them twice.;sad
Ses01M_script02_2_F014;ang;Twice is every year we've tried that's ever.;neu
Ses01M_script02_2_M014;fru;Okay we'll see them this year, this is a much better spot. Trust me.;neu
Ses01M_script02_2_F015;ang;No we won't.  It's pointless it's like a waiting up to see Santa Claus.;neu
Ses01M_script02_2_F016;ang;I feel like my whole life is going to be spent here on the beach with my eyes wide open and my hands clasped expectantly, waiting for fish to show up and the fish never show.;hap
Ses01M_script02_2_M015;fru;Okay, I'm trying to work this backwards;neu
Ses01M_script02_2_F017;fru;You don't understand anything I'm saying.;ang
Ses01M_script02_2_M016;fru;and figure out where we took a turn to the worst thing.;dis
Ses01M_script02_2_M017;fru;Of course not.;neu
Ses01M_script02_2_M018;fru;Okay.  I'm trying to work this backwards here and I'm trying to figure out the exact moment that you took a turn for the worst here, now.;dis
Ses01M_script02_2_M019;neu;you were fine during the phone call from Marge, dinner was okay, doing the dishes was fine.;neu
Ses01M_script02_2_M020;neu;"Let's see, uh, I took a shower and, um, you were watching the news and you said the ""the Grunions are running tonight,"" and I said ""okay great, let's go.""";neu
Ses01M_script02_2_M021;neu;So I'm putting the animals out we're getting the car to the garage and--;neu
Ses01M_script02_2_F019;neu;Do you remember the first year we came here? It's about four years ago right after we got married.;neu
Ses01M_script02_2_F022;sad;And I remember thinking this is it. finally, finally I'm as happy as I'm supposed to be.;hap
Ses01M_script02_2_M022;neu;Wait a minute, I've got it.;neu
Ses01M_script02_2_M023;neu;"It was when we were driving passed that knickerbocker liquor locker and you would said, no you said ""let's get some champagne"" and I said ""no time to wasting"" or something like that.  That's what it is, right?";neu
Ses01M_script02_2_F024;sad;I'd rather not remember some things.  I'd rather not hope for some things.;neu
Ses01M_script02_2_M025;neu;Oh right sure, of course.;neu
Ses01M_script02_2_F025;sad;No.;neu
Ses01M_script02_2_M027;neu;You want me to go get some champagne?;ang
Ses01M_script02_2_F026;sad;No.;neu
Ses01M_script02_2_M028;neu;Do you want to take off our shoes?;neu
Ses01M_script02_2_M029;neu;What? Huh?;sur
Ses01M_script02_2_M030;neu;You want to get married again?;sur
Ses01M_script02_2_M031;fru;What?  What?  You want to divorce?;sur
Ses01M_script02_2_F028;fru;No.;neu
Ses01M_script02_2_M032;fru;A vacation?;sur
Ses01M_script02_2_F029;fru;No.;neu
Ses01M_script02_2_M033;ang;A new carpet, a poodle, a suicide pact, ice cream, a back rub, what?  What?  What the hell do you want?;sur
Ses01M_script02_2_F030;ang;I want something to turn out the way that it's supposed to.;neu
Ses01M_script02_2_M034;fru;Well, welcome to the human race.;neu
Ses01M_script02_2_M035;ang;You think nothing turns out how it's supposed to.  You think I had some grand idea going that four years down the line.  We would come to this beach and argue over fish?  No.;sur
Ses01M_script02_2_M037;sad;No, no I'm just like you, I thought it was going to be all rosy cheeks and the bills would pay themselves and fish will always come and--;neu
Ses01M_script02_2_M038;sad;No.  You know what you get?  You know what you get?  You get this.;neu
Ses01M_script02_2_F031;ang;This what?  What is this?  This isn't even anything.;sur
Ses01M_script02_2_M039;neu;Yeah, it is.;neu
Ses01M_script02_2_F032;ang;Oh, sure this is standing on the beach, this is waiting, fighting.;neu
Ses01M_script02_2_M040;neu;Right.;neu
Ses01M_script02_2_F033;sad;This isn't anything like I thought anything would be.;neu
Ses01M_script02_2_M041;sad;I know me neither.;neu
Ses01M_script02_2_F034;sad;This is just this.  I mean it includes a lot and everything but it's--do you understand what I'm saying?;sur
Ses01M_script02_2_M042;sad;I'm doing the best I can.;neu
Ses01M_script02_2_F035;sad;I know that Augie, I really do.;hap
Ses01M_script02_2_F036;sad;I just can't help wishing that I was somebody, somewhere else.;sad
Ses01M_script02_2_M043;sad;Maybe if you were with somebody else too?;neu
Ses01M_script02_2_F037;sad;I didn't say that.;neu
Ses01M_script02_2_M044;sad;No, I know but--I know I don't make you happy.;sad
Ses01M_script02_2_F038;sur;Are you kidding me?  For heaven sake Augie anything I'm doing I'd rather be doing it with you.;sur
Ses01M_script02_2_M045;sad;Yeah?;sur
Ses01M_script02_2_F039;sur;Yes, don't be ridiculous.  Don't you know that?;ang
Ses01M_script02_2_F040;sad;You are the one who probably wishes he was with somebody else, someone who didn't take everything so seriously, someone who would enjoy yourself.;neu
Ses01M_script02_2_M049;hap;Look what we got here.;sur
Ses01M_script02_2_M050;neu;It's not champagne.;neu
Ses01M_script02_2_F044;hap;I guess we don't need glasses.;neu
Ses01M_script02_2_M051;neu;Are you cold, huh?  Do you want to go home?;sad
Ses01M_script02_2_F045;hap;I'm beginning to think you might be right.  I think this might be the spot after all.;neu
Ses01M_script02_2_F046;sad;Augie, I'm sorry.;sad
Ses01M_script02_2_M052;hap;Shh...;dis
Ses01M_script02_2_M053;hap;If we are really quiet, the fish might come.;fea
Ses01M_script02_2_F047;neu;Or not.;neu
Ses01M_script02_2_M054;neu;Or not.;neu
Ses01M_script03_1_M000;fea;Good God.;sur
Ses01M_script03_1_M001;fea;I wonder.;sur
Ses01M_script03_1_F001;fea;Freda is the only one who knows we are here. She wouldn't ring up.;neu
Ses01M_script03_1_F002;fea;What we're going to do?;sur
Ses01M_script03_1_M003;fea;We're okay, right darling?  Whatever happens, we're okay?;neu
Ses01M_script03_1_F003;hap;Now and always sweet.;neu
Ses01M_script03_1_M004;hap;I don't care then.;dis
Ses01M_script03_1_F004;hap;It had to happen sooner or later.;neu
Ses01M_script03_1_F007;exc;[BREATHING];dis
Ses01M_script03_1_F008;hap;Oh. Behave exquisitely...;neu
Ses01M_script03_1_M010;hap;With perfect poise...;neu
Ses01M_script03_1_F009;hap;[LAUGHTER] I think I shall do a court curtsey.;neu
Ses01M_script03_1_M011;hap;Ah...;neu
Ses01M_script03_1_F010;hap;[LAUGHTER];neu
Ses01M_script03_1_M012;hap;Ah...Strange...;sur
Ses01M_script03_1_F011;hap;Mmm...;neu
Ses01M_script03_1_M013;hap;Things that just ought to matter dreadfully, you know they just don't matter at all when one is happy, do they?;fea
Ses01M_script03_1_M014;sad;Darling, don't say that.;ang
Ses01M_script03_1_F014;hap;Oh, yes meaning just that.;neu
Ses01M_script03_1_M016;hap;Oh, dear god what is that all mean, dear god?;sur
Ses01M_script03_1_F015;hap;[LAUGHTER] Don't laugh at me I'm being serious.;sad
Ses01M_script03_1_M017;hap;You mustn't be so serious, darling, it just what they want.;ang
Ses01M_script03_1_M019;hap;Flippancy brings out the acid in their darn sweetness and light.;neu
Ses01M_script03_1_F017;hap;Mmhmm If I must laugh at everything, I must laugh at us too.;neu
Ses01M_script03_1_F018;hap;How long will it last, this ludicrous, overbearing love of ours?;neu
Ses01M_script03_1_M021;hap;We are figures of fun all right;hap
Ses01M_script03_1_M022;hap;Ahh...who knows.;sur
Ses01M_script03_1_F019;hap;Shall we always want to bicker and fight?;ang
Ses01M_script03_1_F021;hap;If one of us dies...;sad
Ses01M_script03_1_F024;hap;I think you're talking nonsense.;dis
Ses01M_script03_1_M028;exc;Let's pity the poor philosophers, huh?  Let's enjoy the party for as long as we can, okay?  Let's blow trumpets and squeakers and sit like small idiotic school children. [LAUGHTER];sad
Ses01M_script03_1_M029;exc;Come here darling, kiss me;neu
Ses01M_script03_1_M030;hap;before your body rots and worms pop out of your eye sockets.;dis
Ses01M_script03_1_M031;hap;See, you know I don't care what you do.  You could paint yourself green and run naked to the Place Vendome.;dis
Ses01M_script03_1_M033;hap;Do you remember that row we did have in Venice?;neu
Ses01M_script03_1_F030;hap;Which particular one?;neu
Ses01M_script03_1_F031;exc;Oh, Charles.  That was his name Charles. He did wriggle so beautifully.;neu
Ses01M_script03_1_M037;exc;But you know it wasn't as bad as the one we had in Cannes...mmhmm...where your curling irons burnt a hole in my dressing gown.;dis
Ses01M_script03_1_F034;hap;Cannes...mmhmm...;neu
Ses01M_script03_1_F036;hap;The manager came in he found us rolling about the floor.  [LAUGHTER];dis
Ses01M_script03_1_M039;hap;I will never forget the look on his face.;dis
Ses01M_script03_1_F037;hap;Scratching and biting like panthers. [LAUGHTER] Oh...;dis
Ses01M_script03_1_M040;hap;oh...;neu
Ses01M_script03_1_F038;hap;Utterly, utterly ridiculous.;dis
Ses01M_script03_1_F039;hap;oh...[LAUGHTER];sur
Ses01M_script03_1_M041;hap;We were very much younger then.;neu
Ses01M_script03_1_F040;hap;Very much sillier.;hap
Ses01M_script03_1_F041;exc;Oh you knew there was nothing in that.;sur
Ses01M_script03_2_F003;sur;Presents? It was a trivial little broach.;dis
Ses01M_script03_2_F006;neu;Well, what of it?;ang
Ses01M_script03_2_F010;neu;No, thank you.;neu
Ses01M_script03_2_M012;neu;I'll have a little, I think.;neu
Ses01M_script03_2_F011;ang;I don't see why you want any you already had two glasses.;sur
Ses01M_script03_2_M013;neu;Oh, you know no particular reason besides they are very small glasses.;neu
Ses01M_script03_2_M016;fru;Really, Amanda.;sur
Ses01M_script03_2_F015;ang;Don't be stupid, what?;ang
Ses01M_script03_2_M017;fru;Nothing.;neu
Ses01M_script03_2_M018;neu;Are you going out somewhere dear?;sur
Ses01M_script03_2_F017;ang;Well it's a woman's duty to allure the man. Watch me a minute will you?;neu
Ses01M_script03_2_M022;ang;You know, it's a pity you didn't have any more brandy. It would have made you just a little less disagreeable.;dis
Ses01M_script03_2_M023;ang;You know what?  You snap, you snap, you snap you're like a little adder.;ang
Ses01M_script03_2_M024;ang;Nonsense.  They have a bag of venom behind of fangs and they snap.;ang
Ses01M_script03_2_F022;ang;They sting.;ang
Ses01M_script03_2_F023;ang;I don't care.  I don't care, do you understand?  I don't mind if they bark and they roll about like hoops.;ang
Ses01M_script03_2_M025;ang;Did you see much of Peter Burden after our divorce?;neu
Ses01M_script03_2_F024;ang;Yes, I did quite a lot.;neu
Ses01M_script03_2_M026;ang;I suppose you let him just kiss you or good deal more than too.;neu
Ses01M_script03_2_F025;ang;Oh, mind you own business.;neu
Ses01M_script03_2_M027;ang;I suppose you two had a riotous time, huh?  No restrain at all, very enjoyable, he never had much any how.;hap
Ses01M_script03_2_F026;ang;You're quite insufferable, I expect it's because you're drunk.;ang
Ses01M_script03_2_M028;ang;I am not in the least bit drunk.;dis
Ses01M_script03_2_F027;ang;You always had a weak head.;neu
Ses01M_script03_2_M029;ang;I think I told you once before that I had three minute liquor glasses the whole evening long.  A Child of two cannot get drunk on that.;neu
Ses01M_script03_2_F028;ang;On the contrary, a child two could get violently drunk on only one glass of brandy.;dis
Ses01M_script03_2_M030;ang;Oh very, very interesting Amanda.  How about the child of uh... four, six or maybe nine---you know, we could work up a splendid little debate about it, you know?  Intemperate tots.;neu
Ses01M_script03_2_F029;ang;Shut up.;ang
Ses01M_script03_2_F030;ang;Not very funny darling.  Why don't you have some more brandy?;sur
Ses01M_script03_2_M031;ang;That's a very good idea I think I will.;hap
Ses01M_script03_2_M032;ang;Would you uh...turn that off please? You're going to wake the people upstairs.;ang
Ses01M_script03_2_F031;ang;Why?;sur
Ses01M_script03_2_M033;ang;Well then you'll wake the people downstairs.;neu
Ses01M_script03_2_F033;ang;They are away in Tunis.;neu
Ses01M_script03_2_M034;ang;This is no time a year for Tunis.;neu
Ses01M_script03_2_F034;ang;Turn it on again, please.;neu
Ses01M_script03_2_M035;ang;I will do no such thing.;ang
Ses01M_script03_2_F035;ang;Very well if you insist on being boorish and idiotic.;neu
Ses01M_script03_2_M036;ang;Turn it off. It's driving me mad.;ang
Ses01M_script03_2_F036;ang;I won't.;neu
Ses01M_script03_2_M037;ang;Turn it off.;neu
Ses01M_script03_2_F037;ang;Stop it. No. Go away.;ang
Ses01M_script03_2_M038;ang;Amanda listen. Listen.;neu
Ses01M_script03_2_F038;ang;listen Oh I'm sick and tired of listening to you, you damn sadistic bully.;fea
Ses01M_script03_2_M039;ang;That's very amusing indeed.;hap
Ses01M_script03_2_F039;ang;Oh you're cruel you're...you're...I hate you, I hate you. Go away. You're conceited. You're overbearing. You're utterly impossible.;ang
Ses01M_script03_2_M040;ang;You...You're an evil minded, self-centered little wench and I never want to see you again.;dis
Ses01M_script03_2_F040;ang;This is the end do you hear me?  Finally and forever.;neu
Ses01M_script03_2_M041;ang;You're not going like this.;dis
Ses01M_script03_2_F041;ang;Oh yes I am...Oh yes I am. Let go of me. You let go. You...urgh...You're a cruel friend. I loathe and I hate you. Marry you again...Ha...Never, never, never, never. I hope you die in torment. You beast.;ang
Ses01M_script03_2_M042;ang;No you're not.;neu
Ses01M_script03_2_M043;ang;Shut up. Shut up. I wouldn't marry you again if you came crawling back to me on a bended knee. You are an evil tempered little vampire and I never want to see you again as long as I live.;ang
Ses02F_impro01_F000;neu;Hi. Excuse me.  Um, I'd like to put in this application for my registration.;neu
Ses02F_impro01_M000;neu;Hi.;neu
Ses02F_impro01_M001;neu;Okay.  Let me see here.  Um, we need--we need your original birth certificate.;neu
Ses02F_impro01_F001;sur;My--my original birth certificate?  But I don't carry that with me.;neu
Ses02F_impro01_M002;neu;Right.  Well.  We still need it.;neu
Ses02F_impro01_F003;fru;No it doesn't say it on the form.;neu
Ses02F_impro01_F004;fru;I mean it just says that you need some form of identification, but it doesn't say what kind of identification.;neu
Ses02F_impro01_F005;fru;I mean if I had known--I would have brought it.;neu
Ses02F_impro01_M004;neu;um Sorry.;sad
Ses02F_impro01_M005;fru;Okay.  Um, I'm sorry but I--I can't help you.  You're gonna have to go back and uh...;sad
Ses02F_impro01_F006;fru;Look, I've been waiting in line for a really long time.  I mean, you've seen how long it is.;neu
Ses02F_impro01_F007;fru;It's lunch hour.;neu
Ses02F_impro01_M006;fru;Right.  It's the D.M.V..;neu
Ses02F_impro01_M007;fru;I know, it gets long, but I can't do anything without your--do you have Social Security card, maybe?;neu
Ses02F_impro01_F008;fru;Well, no.  I mean, I don't carry my original documents with me because if those things get destroyed, then what do you, you know what I mean, like if I loose my wallet or something, I'll never have them again.;ang
Ses02F_impro01_F009;fru;I have my passport and I have my driver's license. And that's all I have.;neu
Ses02F_impro01_M008;fru;Alright, I don't know what to tell you right.;neu
Ses02F_impro01_M009;fru;I think you're just gonna--you're gonna have to get 'em and then you can back and then, we'll help you out.  Maybe, we can-;neu
Ses02F_impro01_F010;fru;But, isn't there anything you can do.  Can't you make an exception this one time?  My picture is on both of those identifications.  It's not like you don't know that it's me.;neu
Ses02F_impro01_M010;fru;I can't.;sad
Ses02F_impro01_F011;fru;And I can give you my social--;neu
Ses02F_impro01_M011;fru;I make an exception for you and I have to make an exception for everyone.  I mean, I-I've seen this before and I know it's frustrating, but there's nothing I can do. You just have to-;sad
Ses02F_impro01_F012;fru;Well, I can give you my Social Security Number.;neu
Ses02F_impro01_M012;fru;No, it's--;neu
Ses02F_impro01_F013;fru;And I can tell you where I was born and what time and by who and what day.;neu
Ses02F_impro01_M013;fru;Okay.  But how do I--that's- that's not proof to me.  How do I know that, you know, that it's really you.  I need--;fea
Ses02F_impro01_F014;fru;I can't go--I have to go back to work.  I don't have time to go back to my house and get all of that stuff and then get back in line and wait for another forty five minutes.;sad
Ses02F_impro01_M014;fru;Well, the weekends are not as busy.  Maybe you can uh, come and try to get here early--;neu
Ses02F_impro01_F015;fru;Um, I have kids.  I have to take them places on the weekends.  I don't have time to come back here.  Please.  I really need you to help me.;sad
Ses02F_impro01_M015;fru;I can't.  There's nothing I can do.  I'm sorry.;sad
Ses02F_impro01_F016;fru;Well.  [BREATHING] I just--I just don't.  I-I'm sorry that I'm standing here-- But I can't leave. I-;fea
Ses02F_impro01_F017;fru;I really need this done today.  As you can see, the deadline is almost up and I can't come back.;sad
Ses02F_impro01_M017;ang;Ok, but you're right now you're holding up more people in line by standing here-- and letting;dis
Ses02F_impro01_F018;ang;Well, why didn't the D.M.V. put that you needed your birth certificate on the application then?;neu
Ses02F_impro01_M018;fru;I--when you're going to the D.M.V., you usually need pretty professional identification--;neu
Ses02F_impro01_M019;ang;You know, Official documentation--;neu
Ses02F_impro01_F019;ang;Yeah, but your birth certificate--I mean, who carries around their birth certificate?  Nobody does that.;neu
Ses02F_impro01_M020;fru;No, but you come--you come to the D.M.V., it's something-- You should've- You should've figured--;fea
Ses02F_impro01_F020;ang;With your driver's license and your passport.  Just like everybody else.;neu
Ses02F_impro01_M021;fru;But, without your drive--where-where- what about your identification without your driver's license?  I mean, you need--you needed something before then?;neu
Ses02F_impro01_F021;ang;Who--you always use your driver's license.  I mean, you're not coming to the D.M.V. if you're not over sixteen and that's when you get your driver's license so you're never gonna need it anyway.;neu
Ses02F_impro01_M022;fru;All right.  Well, um, you know, I'd love to help you, but--nothing I can do.;sad
Ses02F_impro01_M023;fru;So, if you wanna go get your birth certificate, um, maybe come back--I don't--maybe you can talk to the person in the--in the front of line maybe.  I don't know.;neu
Ses02F_impro01_F022;fru;Do you have a supervisor?;neu
Ses02F_impro01_M024;fru;I am the supervisor.  So--;neu
Ses02F_impro01_F023;fru;Well, thank you very much.  You've been very helpful.;hap
Ses02F_impro02_F000;sad;It's almost time for me to go.;neu
Ses02F_impro02_F001;sad;There's nothing I can do.  I mean, the government you know--;dis
Ses02F_impro02_M001;fru;What--what're we gonna do here?  I can't--I can't do this by myself.  I--;fea
Ses02F_impro02_F002;sad;You're gonna have to.  I mean, you're a great father.  You can do it.  I know you can.;neu
Ses02F_impro02_M002;fru;But, I'm--I'm nothing--I'm nothing without you here.  Maybe we can--we can get out of this somehow.;neu
Ses02F_impro02_F003;sad;I don't think so.;neu
Ses02F_impro02_M003;fru;Well, come on.  You've gotta think of something.  A year--a year away, it's gonna tear us apart.  I don't even--I don't even wanna think about it.  I mean, I don't even know if I'll be able to get in touch with you or--;fea
Ses02F_impro02_F004;sad;Well, we can do the best we can and-and, with um, you know like wireless internet these days--I think that we could-- Talk every once in awhile.;neu
Ses02F_impro02_F005;sad;You could send me pictures.;neu
Ses02F_impro02_M005;fru;What if--maybe--what if, uh, we went somewhere over there?  I don't--I don't know--I--I need to figure something out for this because--;fea
Ses02F_impro02_F006;sad;Their not gonna let you.  You have to stay home and I have to go.  I mean, that's all--;sad
Ses02F_impro02_F007;sad;and--I mean, my daughter--I don't want to put her in danger.  You know?  She has to stay.;fea
Ses02F_impro02_M006;fru;This is gonna be a--a crucial yet--she's--she's growing up.  She's gonna need you.;neu
Ses02F_impro02_F008;sad;I know, but, she needs to be safe more.  She needs to be around kids her age--own age.  She needs to be able to play on the streets and--;neu
Ses02F_impro02_M007;sad;But she's--you're not gonna--you're not gonna be here for--for her first words.  For her first steps.  I mean--it's something that you're supposed to be here for that--;dis
Ses02F_impro02_F009;sad;You can just remember it for me.;neu
Ses02F_impro02_M008;fru;I don't know--I don't know--I don't know how--I don't know how this could even be possible for you--I--if I was--;sur
Ses02F_impro02_F010;sad;Well, I need--I need you to be able to do this for me 'cause I can't do anything about it.;neu
Ses02F_impro02_F011;sad;I mean, it's just as hard for me, but--I know that we can do it, you know;neu
Ses02F_impro02_M009;fru;I mean, you just get to--go off and do your thing.  I mean, yeah, we're both--I don't know--it's bad for both of us, but--;dis
Ses02F_impro02_M010;fru;...it would be so much better if we can--if we could stay together somehow.  You know--we could--we could do this together.;neu
Ses02F_impro02_F012;sad;I don't want you in danger.  And I don't want her in danger.;fea
Ses02F_impro02_F013;sad;I have no choice. There's nothing I can do.;sad
Ses02F_impro02_M012;sad;All right.;neu
Ses02F_impro03_F000;exc;Oh my God.  Guess what, guess what, guess what, guess what, guess what, guess what?;sur
Ses02F_impro03_F001;exc;Well, guess.  Guess, guess, guess, guess.;neu
Ses02F_impro03_M001;neu;Um, you--;neu
Ses02F_impro03_M002;sur;No.  Let me see.;neu
Ses02F_impro03_M004;hap;That is great.  You look radiant.  I should've guess.;hap
Ses02F_impro03_F004;exc;I'm so excited.;hap
Ses02F_impro03_M005;exc;Well, Tell me about him.  What happened.;sur
Ses02F_impro03_M006;sur;What?;sur
Ses02F_impro03_F009;exc;like all they have And I was like, what's going on?  And he like takes my hand and pulls me into the middle and he's like--you know, get's on his knee and everything--And says will you marry me? And I flipped out.;sur
Ses02F_impro03_M007;sur;That--that is the most romantic thing I have ever heard.;sur
Ses02F_impro03_F011;exc;'Cause- 'Cause he was with me. You didn't do it did you?;ang
Ses02F_impro03_M009;hap;Yeah.  I mean candles wouldn't stay--No, I didn't--I didn't know anything about it.;sur
Ses02F_impro03_F012;exc;You didn't know anything?;sur
Ses02F_impro03_M010;hap;No. I'm just as happy as you are.  This is--;hap
Ses02F_impro03_F013;exc;I was just--it was so like I thought this might happen eventually, but like not yet, you know what I mean?  Like--;neu
Ses02F_impro03_M011;hap;So, I mean--it's good though.;hap
Ses02F_impro03_F014;exc;It is good.  It's totally good.  I mean, it like oh, you know.;hap
Ses02F_impro03_M012;exc;Yeah, I know.  Wow.  I'm shaking.  I can't even--;fea
Ses02F_impro03_F015;hap;I know. So we're gonna take it--Like we're not gonna get married right away--'Cause we want to like have plenty of time to plan everything out;neu
Ses02F_impro03_F016;hap;...and, um, my parents want to like be part of it and help out and everything--So we want to give it lots of time to like--;neu
Ses02F_impro03_M013;neu;Oh. Do they--do they know yet? Have you told them? Oh, that's--;sur
Ses02F_impro03_F017;hap;Yeah, yeah, I called them. I called them And, of course, they were so excited 'cause they love him. Like they always have.  Um--;hap
Ses02F_impro03_M014;neu;That's great.  Yeah.;hap
Ses02F_impro03_F018;hap;So, yeah, I mean, it'll be good.  We wanna like, uh, I think we're gonna have it in spring time, like early Spring--So it's no too hot yet.  And um--;neu
Ses02F_impro03_M015;neu;Okay. You know--you know where?  Or--;neu
Ses02F_impro03_F019;hap;I don't know.  I mean, I kinda like the idea of having something outside, but--Like--is a- Yeah,;neu
Ses02F_impro03_M016;neu;Uh, huh. I mean, you know, it's spring--It'll be--;neu
Ses02F_impro03_M017;neu;Spring's nice though.;hap
Ses02F_impro03_F021;exc;Yeah, I don't know-[LAUGHTER]-I mean--I can't even--the whole idea of like living--spending my whole life with somebody--that's crazy;dis
Ses02F_impro03_M018;neu;Yeah, that is--how long you guys been together now?;neu
Ses02F_impro03_M019;hap;Okay.  All right.  So-[LAUGHTER]-quite a while.  I mean--That's-  That's good.  I'm so happy for you. [LAUGHTER];hap
Ses02F_impro03_F023;hap;Thank you. Thank you so much.;hap
Ses02F_impro03_M020;hap;Yeah, I'd love to be in that same situation some day, but, wow- so-;sur
Ses02F_impro03_F024;exc;Oh, you will--You'll find just the right girl.  And she'll be perfect for you and everything will be great.;neu
Ses02F_impro03_M022;hap;Oh, I approve. I-[LAUGHTER]-I more than approve.;neu
Ses02F_impro03_M023;hap;I mean, I'm surprised he didn't, ya know--go get a plane to fly over and shine--But candles on the beach, that's okay too I guess--;sur
Ses02F_impro03_F026;hap;Yeah, it's pretty good.;hap
Ses02F_impro03_M024;exc;Well--can--I mean, let me know--I want- I want invitations and--;neu
Ses02F_impro03_F027;hap;Of course, of course--you'll be able to be a part of it.  You can come help me pick my colors.;neu
Ses02F_impro03_M025;exc;Oh, yes.  This is the whole [GARBAGE];neu
Ses02F_impro03_F028;exc;It's so girly.  I don't even know how to like--It's so weird, but it'll be fun.  My mom will love to be like--she'll get so into it, I'm sure.;hap
Ses02F_impro03_F029;hap;She'll be like--flowers and the--;neu
Ses02F_impro03_M026;hap;It'll be good.  Wow, that's great.;sur
Ses02F_impro03_F030;hap;Oh, thank you. [LAUGHTER];neu
Ses02F_impro04_M000;neu;So, uh, so how's it been going?  I mean, you have any needs or anything?;neu
Ses02F_impro04_F000;fru;I'm--every lead that I get ends up just being a dead end.  You know what I mean.  People are sick of me calling--;dis
Ses02F_impro04_M001;neu;No.  You can't think that way.  I mean it's good--it's good that you're--that you're calling, you know. you can't;neu
Ses02F_impro04_F001;fru;Yeah, but it--I mean it's the same response you get over and over again.  Like--;neu
Ses02F_impro04_F002;fru;Oh, we're not hiring at this time or thank you, we already have your information on file--We'll call you when we're ready.;neu
Ses02F_impro04_F003;fru;But, it's been so long, like--I mine as well just take a job at McDonald's.  Like, I don't--;neu
Ses02F_impro04_M003;neu;No, come on.  Don't [GARBAGE];fea
Ses02F_impro04_F004;fru;I just--I can't do it anymore.  Like, it just takes it out of you--;ang
Ses02F_impro04_M004;neu;I know.  I know. It's hard, but you just--you gotta keep going.  I mean, you've been going at it for so long, you know.  Something is definitely going to come up.  I-I know it will, because you're a good worker--;neu
Ses02F_impro04_F005;fru;I just keep getting rejected.  I just keep getting rejected over and over and over again and it starts to make you feel like there must be something wrong with you that you can't get a job.;sad
Ses02F_impro04_M005;neu;No.  It's--I mean, it's competitive, you know.  That's-That's what it is.  that's what you gotta be is competitive.;neu
Ses02F_impro04_F006;fru;Yeah, but maybe--if just because it's competitive, like maybe I'm just not good enough.  Maybe the level is here and I'm here and there's just no way I'm ever gonna do that--;neu
Ses02F_impro04_M006;neu;There...There are plenty of people out there with--with like, good jobs, you know, that are a lot...;neu
Ses02F_impro04_M007;neu;...dumber than you.  I mean they're a lot worse off than you.  You are much better off than like a lot of those people in there. I know;dis
Ses02F_impro04_F007;fru;I didn't have like one of those starts, you know, like a family member who was already in the business or something you know that could like give me a helping hand.;neu
Ses02F_impro04_M008;neu;I know.  It makes it harder.  I mean it's definitely who you know in a lot of cases, but--;neu
Ses02F_impro04_F008;fru;It's just so frustrating.  Like, I just--I just don't wanna do it anymore.  You know?  I just don't wanna like hit the pavement every single day with my resumes and going out there all the time.  You know, it's just like--;sad
Ses02F_impro04_M009;neu;But you gotta.  Otherwise, what is--what's your other option?;neu
Ses02F_impro04_F009;sad;I feel so worthless.;sad
Ses02F_impro04_M010;neu;It's not worthless 'cause it's definitely gonna--it's definitely gonna pay off.  I know it.  I mean, I can--I've just--I've seen your work etiquette.  You know, you're a good worker and...;neu
Ses02F_impro04_M011;neu;... and there's no reason that--that something won't come up like really soon.  All right?  So you just gotta--;neu
Ses02F_impro04_F010;fru;And what would make you say that?  There doesn't seem to be any indicators that anything's going to get better.;neu
Ses02F_impro04_M012;neu;Because I know you.  You know, and maybe once you get to know some more people, like talking to them and everything, they'll get to know you too and they'll realize they should've hired you three years ago.  You know? but  And- and they'll finally come around and believe me--it'll--you gotta-;neu
Ses02F_impro04_F011;fru;It's just really hard.  I feel like their starting to get like a personal prejudice against me.  You know what I mean?  Like it's like suddenly it starts to feel like it's just you that they say no to and it's not that they're not taking applications and it's not that they're not hiring people, it's just you particularly they have some particular reason for just hating you.  You know?;dis
Ses02F_impro04_M013;neu;Well maybe yeah, but maybe you get to that point where it's like you bug 'em and then they just don't wanna hear from you anymore, but you keep bugging them and bugging them and then it's gonna annoy them so much that they're gonna be like all right fine. you know;ang
Ses02F_impro04_F012;fru;Or they'll never talk to me again.;neu
Ses02F_impro04_M014;fru;Or, well, no.  Okay. you -[GARBAGE];neu
Ses02F_impro04_F013;fru;I-I just I think maybe I should try something else.  I mean, I-I don't know.  All growing up this is the only thing that I ever wanted to do and yet I can't.  I'm not physically able apparently.  I mean--;fea
Ses02F_impro04_M015;neu;That obviously that's not true though.  I mean, you've done this before.  You've done all the work like this before, you know, and and you've gotten people saying oh, you're so good and like you know--;neu
Ses02F_impro04_F014;fru;I guess the money shouldn't matter to me, but--Somehow it does.  You know? It's not like I do it for the money, but;neu
Ses02F_impro04_M016;neu;Right.;neu
Ses02F_impro04_M017;neu;Well, you've gotta live.;neu
Ses02F_impro04_F015;fru;you have to--I mean, if you're hired by somebody, then you're not a professional, you're an amateur and that means that you're not good enough.;dis
Ses02F_impro04_M018;neu;I mean, it's just, it's really--I don't know, yeah, it's about their opinions and it's about, I don't know, just getting yourself out there and--;neu
Ses02F_impro04_F016;sad;I just wanna crawl in a hole, you know.  Like it just makes you not wanna even open your eyes in the morning.;dis
Ses02F_impro04_M019;neu;Well, come on, come on.  Thinking about it like this is definitely not gonna help either though.;dis
Ses02F_impro05_F000;neu;Hi, um, excuse me, I believe that the airline lost my baggage.;sad
Ses02F_impro05_M000;neu;Um, okay, it didn't--didn't come out on the carrousel--;fea
Ses02F_impro05_F001;neu;No, it didn't. um It didn't come out and I don't see it anywhere around here, so what can you do about that?;sur
Ses02F_impro05_M001;neu;Okay.  Um, well, unfortunately yeah there was a some- some problems with the--;fea
Ses02F_impro05_F002;sur;Some problems?  What is that supposed to mean?;sur
Ses02F_impro05_M002;neu;Uh, well some-some of the bags were--were lost on the way over here. uh-;sad
Ses02F_impro05_F003;sur;How do you lose a suitcase?  A huge suitcase?;sur
Ses02F_impro05_M003;neu;You know, I mean, there's a lot of things that go on under the plane and sometimes, you know, that kind of things happen.;neu
Ses02F_impro05_M004;neu;Uh, But, we are willing to reimburse you for the bag and and for the contents--;neu
Ses02F_impro05_F004;neu;How much?;sur
Ses02F_impro05_M005;neu;Um, we'd be willing to give you uh fifty dollars for--;neu
Ses02F_impro05_F005;sur;Fifty dollars?  For my suitcase?  I mean, the suitcase itself was like a hundred and fifty dollar just for the suitcase, but all the things inside, all my clothes, all my personal belongings, the sentimental value, not to mention, which is more-more than all of that together.;sur
Ses02F_impro05_M006;neu;Right.  Uh We realize, you know, that that it's a bad situation, but I'm sorry, there's nothing that we can really do.;sad
Ses02F_impro05_F006;ang;That's all, that's all, that's all you're going to do is just give me fifty dollars and say go have fun on your vacation without any of your stuff?;neu
Ses02F_impro05_M007;neu;I think, um, maybe you can file a claim if you want and turn it in to our main office--;neu
Ses02F_impro05_F007;fru;Yes, yes, I would like to file a claim, but what are you gonna--I mean, is it just gonna show up magically out of nowhere?;sur
Ses02F_impro05_M008;neu;Right.  No.  I mean they- they might--they might--if you-if you are argue the case more, maybe they'll reimburse you more, but, right now--;ang
Ses02F_impro05_M009;neu;Yes, I know. I know-. It's It's frustrating.  Unfortunately though-- um;sad
Ses02F_impro05_F010;ang;Because you don't seem to care very much, you know.;dis
Ses02F_impro05_M010;neu;By checking your bags, you--you, you know- admit to the liability that's- that's at risk--;fea
Ses02F_impro05_F011;fru;I didn't sign anything.;ang
Ses02F_impro05_M011;neu;Right, well, by checking in your bags, you agreed to, you know, at the will of the--;neu
Ses02F_impro05_M012;neu;You paid for the flight and then your bags were checked at--it's a service that the airline provides for us.  So so, really, it's really the risk was taken and, I'm sorry, but there's really nothing else we can do.  So do you want--do you want the reimbursement?;neu
Ses02F_impro05_F013;fru;[BREATHING] Well, sure, yeah, I guess I'll go buy dinner and then be--have nothing for the rest of my entire vacation.  I'm supposed to be here for three weeks.  What am I gonna do without anything for three weeks?;neu
Ses02F_impro05_M013;neu;Well, there are-there are some shops here in- in the airport--;neu
Ses02F_impro05_F014;fru;But fifty dollars isn't going to get me anything.;neu
Ses02F_impro05_M014;neu;No, um, like I said you can file a claim and, uh, maybe get reimbursed for more-- you;neu
Ses02F_impro05_F015;fru;Isn't there anything else you can do?;neu
Ses02F_impro05_M015;neu;probably even talk to--;neu
Ses02F_impro05_F016;fru;I mean, is there somebody you can call?  Or the guy that put the stuff on the--on the plane.  I mean, are they--they must be really irresponsible to have just disappeared my baggage.  I mean, did it get stolen?;sur
Ses02F_impro05_M016;neu;Right, that--that gets taken care of-- That gets taken care of.  We get we do, you know, we investigate those and just make sure that um- they're not doing their own thing with them so--uh;neu
Ses02F_impro05_F017;fru;Yeah, I'm sure you -- You're like, hmm, do you take baggage?  No.  Oh, okay, thanks.  Great.  I mean how--;neu
Ses02F_impro05_M017;neu;but Unfortunately sometimes is--;sad
Ses02F_impro05_M018;neu;Well, that's--that's what I'm saying--;neu
Ses02F_impro05_F018;fru;There needs to be better security here.;neu
Ses02F_impro05_M019;neu;Okay.  Well that that could be something that you put on on the claim--on on the complaint form if you want.  And provide us with your information while you're here and then, maybe, if it turns up, then we'll send it right over.;neu
Ses02F_impro05_F019;ang;It sounds like it's such a little like oh well no big deal whatever.  It's a big deal to me.;neu
Ses02F_impro05_M020;neu;All right, Miss, I-I know.  I realize this. But Like I said, there are several people that are in your same situation, so, um, it's not--it's not totally uncommon and I'm actually gonna have to ask you to move so I can help the next person.;neu
Ses02F_impro05_F020;fru;Well, can I at least have my fifty dollars, please?;neu
Ses02F_impro05_M021;neu;Yes, all right.  There you go, now you can file a claim over to the left--And they'll help you out.;neu
Ses02F_impro05_F022;fru;Thank you very much.;hap
Ses02F_impro06_M000;neu;Hey, a what's up?;sur
Ses02F_impro06_F000;sad;Um, Johnny died yesterday.;sad
Ses02F_impro06_M001;neu;Wow, that's horrible.;dis
Ses02F_impro06_M002;neu;I'm sorry to hear about that.;sad
Ses02F_impro06_F001;sad;We knew that it was coming, but--;fea
Ses02F_impro06_M003;neu;Yeah.;neu
Ses02F_impro06_F002;sad;It seemed like he had a little bit longer.  Like just last week, he was doing was so well.;neu
Ses02F_impro06_M004;neu;I mean, you know, at least he's not in anymore pain now, right?;neu
Ses02F_impro06_F003;sad;Yeah.;neu
Ses02F_impro06_M005;neu;It's good, you know.  you know It hurts I know.  I know what it's like to lose someone like that.;sad
Ses02F_impro06_F004;sad;I just don't want him to be gone.;ang
Ses02F_impro06_M006;neu;It's okay.;neu
Ses02F_impro06_M007;neu;'Cause, you know, you've got all the times that you guys did spend together, you know and that's something good that you can look back on.;neu
Ses02F_impro06_M008;neu;I mean--I don't know.;sur
Ses02F_impro06_F005;sad;And his whole family was there.;neu
Ses02F_impro06_F006;sad;I mean, he was like really conscious right up until the end. you know;neu
Ses02F_impro06_M009;neu;Well, that's that's good, you know.  At least, I don't know.  I mean it's- it's better to go- to goout that way than...;hap
Ses02F_impro06_M010;neu;.than you know, in pain and like this gradual, this horrible process.  I mean--;fea
Ses02F_impro06_F007;sad;He was so young, you know.  And all the stories he used to tell me about...;neu
Ses02F_impro06_F008;sad;...the way he wanted to live and he was gonna go to Africa and he was gonna--;neu
Ses02F_impro06_M011;neu;But look at the--he--look at the life he did get to lead.  I mean, for his age, he'd done so much and--;dis
Ses02F_impro06_F009;sad;Nobody's ever gonna forget him.;neu
Ses02F_impro06_M012;neu;Yeah, exactly.  He's made a big impact on a lot of people. and;neu
Ses02F_impro06_M013;neu;And you'll always have that and--you should feel, you know, happy for him that he got to do so much before--I mean, and even after he found out last year.  I mean--;hap
Ses02F_impro06_F010;sad;He did a lot.  But--;neu
Ses02F_impro06_M014;neu;I know.  It doesn't bring him back, but--;neu
Ses02F_impro06_M015;neu;But It's okay because now, you know, you'll just go on with your life and--;neu
Ses02F_impro06_F011;sad;I'm gonna forget him.;sad
Ses02F_impro06_M016;neu;No, you'll never forget him.;neu
Ses02F_impro06_F012;sad;I won't be able to hear his voice or his--;sad
Ses02F_impro06_M017;neu;I know. but you're not  I mean you're not going to forget him.  The pain will go away eventually and--or it will subside--;neu
Ses02F_impro06_F013;sad;You start to lose like that image after a while.;neu
Ses02F_impro06_M018;neu;That will be, It'll be--it'll be better that way. I mean Time will tell.  Time heals, you know, and it's good.  It's okay.  I mean, it wasn't anybody's fault or anything like that so .;neu
Ses02F_impro06_M019;neu;It's hard to lose someone that way, but he's he's better--he's better off now.;neu
Ses02F_impro06_F014;sad;Thanks.;neu
Ses02F_impro07_M000;neu;So, how's it going?;neu
Ses02F_impro07_M001;exc;Oh, you got what?  Where?;sur
Ses02F_impro07_F001;exc;I got into U.S.C.;neu
Ses02F_impro07_M002;exc;Oh, no way.;dis
Ses02F_impro07_F002;exc;Yeah, I'm so excited.  So I'm gonna say--;hap
Ses02F_impro07_M003;exc;Are you gonna go? you gonna-;ang
Ses02F_impro07_F003;exc;Yeah, I think, I mean because where else would I gonna go?  Like the other places that I applied to I really didn't like that much anyway.;neu
Ses02F_impro07_F004;exc;So--;neu
Ses02F_impro07_M004;exc;Wow, that's...;sur
Ses02F_impro07_M005;exc;...that's first choice, huh? That's so awesome and now look you're gonna be--you're gonna be here. you know;hap
Ses02F_impro07_F005;exc;Yeah, I know.;neu
Ses02F_impro07_F006;exc;Absolutely. I'm so excited.;hap
Ses02F_impro07_F007;exc;I know.  I know. And we'll all get to hang out.  And I'm--even though we'll be at like at different parts of the city, we can still, like...;neu
Ses02F_impro07_F008;exc;...hang out and, like, have our different lives--And meet each other's friends and stuff.  So, I'm just so glad 'cause they have such a good school;hap
Ses02F_impro07_M006;exc;Yeah, no, definitely--It's gonna..;dis
Ses02F_impro07_M007;exc;Yeah.;neu
Ses02F_impro07_F009;exc;and like-- The football team--And like all the-...you- what I mean, like...;neu
Ses02F_impro07_M008;exc;Yeah;neu
Ses02F_impro07_M009;exc;Fight on.;neu
Ses02F_impro07_F010;exc;You can walk somewhere and be anywhere in the country and be like, oh, yeah, I am at U.S.C.;neu
Ses02F_impro07_F011;exc;And you know what, you know what I mean, like it's recognizable rather than just being like I went some random school. It's like people really know what you...;neu
Ses02F_impro07_M010;exc;[LAUGHTER];neu
Ses02F_impro07_M011;exc;Wow. That's cool.;sur
Ses02F_impro07_F012;exc;...like, they feel like--I feel like it's going to be so like accomplished.  Do you know what I mean?;hap
Ses02F_impro07_F013;exc;Like it has some prestige. so;neu
Ses02F_impro07_F014;exc;Yeah, I mean there's all the money stuff and my mom's helping me with the financial aid and stuff.  But, it'll be fine--;neu
Ses02F_impro07_F015;exc;Like, now that I'm accepted, it's just, like, such a huge load off my mind.;neu
Ses02F_impro07_F016;exc;I don't mind worrying about all the paperwork.  You know--;fea
Ses02F_impro07_M016;neu;So...;neu
Ses02F_impro07_F017;exc;Because, I don't have to like make that decision anymore.  I don't have to try and decide, like, what the bad school I'm going to go to is. you know;neu
Ses02F_impro07_M017;exc;Right.  Right.  Right. Oh, man, then you're going to have to do orientation, I guess.;neu
Ses02F_impro07_F018;exc;I know. I know.  I think you go and you like stay for a couple of days and you meet people and--And they'll give you like a tour--And show you everything.  Oh, man, I'm just so--I'm so excited.;hap
Ses02F_impro07_M018;hap;That'll be awesome.;hap
Ses02F_impro07_M019;hap;I mean because you went to the campus before, right?;neu
Ses02F_impro07_F019;exc;Yeah, oh totally.  It's a beautiful campus.  It's gonna be really nice.  Um, and everyone is friendly and like there's ivy on all the walls.  Oh, it's just so--it's so like collegiate.;hap
Ses02F_impro07_F020;exc;You know what I mean?  Like, it's like exactly what I want.;neu
Ses02F_impro07_F021;exc;Well, you know, I've thought about it but they have so many things that I might--Like try some things out first...;neu
Ses02F_impro07_F022;exc;...because also on the list of their, um, like G.E.'s or whatever, you have a lot of choices within every single one.  So you can, like, try things out and not just be like, oh, I have to take math, oh, I have to take this.  You know what I mean?;neu
Ses02F_impro07_F023;exc;So, um, so I don't know.;neu
Ses02F_impro07_F024;exc;I mean I'm gonna take a bunch of stuff and see.;neu
Ses02F_impro07_M023;exc;Oh man.;sur
Ses02F_impro07_F025;exc;I- They have like--they just have so many like prestigious like this school is top ten and like the departments within it, you know what I mean.;neu
Ses02F_impro07_F026;exc;I know, I get to be one of those now--I'll like walk around and be like a U.S.C..  You know what I mean.;neu
Ses02F_impro07_M027;exc;Ahh. Yeah. [GARBAGE];neu
Ses02F_impro07_M028;exc;You'll be like are you a fan or a student you know? Student. [LAUGHTER] Oh man, that's awesome.;neu
Ses02F_impro07_F027;exc;And you'll be like...;neu
Ses02F_impro07_F028;exc;Student. I'm a student. Yes I am, Thank you very much.;hap
Ses02F_impro07_F029;exc;[BREATHING];dis
Ses02F_impro07_M029;exc;A U.S.C. graduate now. You're set.;neu
Ses02F_impro07_F030;exc;I know.  I'm excited.;hap
Ses02F_impro07_F031;exc;Well, that'll take a while. [GARBAGE];neu
Ses02F_impro07_F032;exc;That's going to be a lot of work.;neu
Ses02F_impro07_F033;exc;But, it'll be fine, I mean.  I'm so excited. It's going to be so fun.;hap
Ses02F_impro07_F034;exc;I know, and I mean the area's not great, but like the school makes up for it. It'll be fine. It'll be good.;neu
Ses02F_impro07_M034;exc;You're getting close to the beach.  I mean geez.;sur
Ses02F_impro07_F035;exc;I know. I know. So fun.  I can't wait.;hap
Ses02F_impro07_F036;exc;I will. I will. Thank you.;hap
Ses02F_impro07_F037;exc;Thanks.;neu
Ses02F_impro08_F000;neu;Hi, my name is Shiloh, welcome to--Airline Six.  Hi, how may I help you?;neu
Ses02F_impro08_M000;fru;Yeah, hello.;neu
Ses02F_impro08_M001;fru;Ok.  I've- I've just been talking to this machine for the past half hour and I can't-can't get anything done.  I've been trying to book this vacation this entire time.;sad
Ses02F_impro08_F001;neu;All right, sir.;neu
Ses02F_impro08_M002;fru;I know, I'm sorry.  It's-It's just that it's been a little frustrating because--;sad
Ses02F_impro08_F002;neu;I completely understand.  Automated systems are very difficult sometimes.;neu
Ses02F_impro08_M003;neu;Okay.;neu
Ses02F_impro08_F003;neu;Um, how may I help you.  You're trying to book a specific flight?;fea
Ses02F_impro08_M004;fru;Well, yeah, I mean I heard there was like these package deals and that maybe I could get a like a hotel or something like that. and-;neu
Ses02F_impro08_F004;neu;Oh, yeah, absolutely.  You know, and especially because you've been waiting so long and I know that, um, you've been having a difficult time.;neu
Ses02F_impro08_F005;neu;I want to definitely give you our special package today, which um is usually only for valued customers who have a record of having previous,;neu
Ses02F_impro08_F006;neu;um lots of purchases, but we're gonna go ahead and give that to you anyway. uh,  Just to make sure that you're happy with your service here.;hap
Ses02F_impro08_M005;neu;You- You can do that--You can do that now? I don't have to get like transferred through or anything like that.;neu
Ses02F_impro08_F007;neu;Is that all right?;neu
Ses02F_impro08_F008;neu;I can do that right now for you. No, absolutely.  I can take care of you all the way through to the end.;neu
Ses02F_impro08_F009;neu;All I'm going to need is your credit card number but just give me one moment. So-;neu
Ses02F_impro08_M006;neu;[BREATHING] that's good.;hap
Ses02F_impro08_F010;neu;um, you're scheduling a flight as well--And you would like to, um, we have a highly discounted hotel rate that goes along with that so that everything is all in one deal.  You're taken care of by the time that you get there.;neu
Ses02F_impro08_M007;neu;All right.  I want to make sure it's like a nice hotel--I mean-mean I'm gonna be paying a lot of money for this so I don't wanna-I don't wanna, you know, I don't wanna to be a waste of time.;hap
Ses02F_impro08_F011;neu;Absolutely. we we;neu
Ses02F_impro08_F012;neu;Yes, I completely understand.  Actually, our-our airline only uses five star hotel and above.  Except we charge at a three star hotel rate because, as a corporation, we are able to get a deal from the hotels themselves.;neu
Ses02F_impro08_F013;neu;So, you will absolutely be in a high rated great hotel and we can make sure that it's in a area of town that you like as well.;neu
Ses02F_impro08_M008;neu;Okay. So--;neu
Ses02F_impro08_F014;neu;Yeah.;neu
Ses02F_impro08_M009;neu;Well, you know, we wanted to--we wanted to go to Maui and--That was a;neu
Ses02F_impro08_F015;neu;Okay.;neu
Ses02F_impro08_M010;neu;--you know, the kids wanna go to the beach and stuff and so--um;hap
Ses02F_impro08_F016;neu;Great.  How many seats?;sur
Ses02F_impro08_M011;neu;Well, it's gonna be four of them.;neu
Ses02F_impro08_F017;neu;Okay.  Great.  Four seats.  I'll book you for four seats.;hap
Ses02F_impro08_M012;neu;All right.  And can they like all get together?;neu
Ses02F_impro08_F018;neu;Oh, yeah, absolutely.  Um- Would you like window seats or aisles?;neu
Ses02F_impro08_M013;neu;Um- You know, window is nice. I guess;neu
Ses02F_impro08_F019;neu;Okay, I can do um- a win- -two like a window and a aisle and a window and an aisle next to each other so that each of you can sit two by two. And switch around maybe?;neu
Ses02F_impro08_F020;neu;Okay.  Great.  What time of the day would you like?;hap
Ses02F_impro08_M015;neu;Uh, well, yeah, I think we were just--you know, whenever best available, I guess.  You know--;neu
Ses02F_impro08_F021;neu;All right.  Great.  Well we have a very open flight that leaves at nine a.m. and fortunately uh the time change actually goes um backwards from that.;neu
Ses02F_impro08_F022;neu;So, it's a five hour flight, but you'll arrive only at eleven a clock in the morning.  So that day, you can have plenty of time to get to your hotel--Rest up and then still have a nice afternoon your first afternoon in Maui.;neu
Ses02F_impro08_M016;neu;And, like, there's there's shuttles or something that I can get to the hotel.;neu
Ses02F_impro08_F023;neu;Absolutely.  That actually goes in on the same package with our hotel.  You just give me your address.  We'll come and pick up a time that allows you to get to your flight with plenty of time to spare.;neu
Ses02F_impro08_F024;neu;And a there will also be a shuttle waiting for you to take you to the appropriate hotel.;neu
Ses02F_impro08_F025;neu;Yeah--I completely understand.  It's a difficult process sometimes and we want to make traveling as easy as possible.;neu
Ses02F_impro08_M018;neu;All right.  So we're confirmed then or do you--All right.;neu
Ses02F_impro08_F026;neu;Absolutely. Thank you so much for calling and we hope that you will come to us again.;hap
Ses02F_impro08_M019;neu;Okay.;neu
Ses02F_impro08_F027;neu;Thank you.;neu
Ses02F_script01_1_F004;sad;Did you talk to him?;sur
Ses02F_script01_1_F005;sad;He cried hard?;sur
Ses02F_script01_1_F006;sad;What was he doing out here at that hour?;sur
Ses02F_script01_1_F011;fru;What do you want to do argue with him?;ang
Ses02F_script01_1_M011;ang;Why shouldn't he dream of him and walk the nights waiting for him?  Do we contradict him?  Do we say straight out that we don't have any hope anymore?  That we haven't had hope for years now?;fea
Ses02F_script01_1_F012;fru;You can't say that to him.;dis
Ses02F_script01_1_M012;fru;We've got to say it to him.;neu
Ses02F_script01_1_F013;fru;Can you prove it?  How can you prove it?;sur
Ses02F_script01_1_M013;ang;For God sakes, it's been three years.  Nobody comes back after three years.  It's insane.;sur
Ses02F_script01_1_F014;fru;To you it is and to me, but not to him.  I mean, you can talk yourself blue in the face, but he--there's no body and no grave so where are you?;neu
Ses02F_script01_1_M015;fru;All right.  All right.  Listen to me.  You know why I brought Annie here don't you?;neu
Ses02F_script01_1_F017;sad;I've got an idea, but what's the story?;neu
Ses02F_script01_1_M017;neu;I'm gonna ask her to marry me.;hap
Ses02F_script01_1_F018;neu;Well, that's only your business, Chris.;neu
Ses02F_script01_1_M018;fru;You know it's not only my business.;neu
Ses02F_script01_1_F019;ang;What do you want me to do?  You're old enough to know your own mind.;neu
Ses02F_script01_1_M019;fru;So it's all right then?;neu
Ses02F_script01_1_M020;fru;I'll go ahead with it?;neu
Ses02F_script01_1_M021;ang;Well, then it isn't just my business--;neu
Ses02F_script01_1_F021;neu;I'm just saying that--;neu
Ses02F_script01_1_M023;ang;She's not Larry's girl.;neu
Ses02F_script01_1_F023;fru;From your father's point of view, he isn't dead.  And you've no right to take his girl.;neu
Ses02F_script01_1_F024;fru;And you can go on from there if you know where to go, but I don't know where to go.  See, I don't know.  Now what can I do for you?;neu
Ses02F_script01_1_M024;fru;I don't know why, but, every time I reach out for something that I want, I have to pull back 'cause someone else will suffer.  My whole bloody life.  Time after time after time.;ang
Ses02F_script01_1_F025;neu;You're a considerate fellow.  There's nothing wrong with that.;neu
Ses02F_script01_1_M025;ang;To hell with that.;ang
Ses02F_script01_1_F026;neu;[BREATHING] Have you asked Annie yet?;sur
Ses02F_script01_1_F027;neu;Well, how do you know she'll marry you?  Maybe she feels the same way your father does.;neu
Ses02F_script01_1_M027;sad;Well, if she does, then that's the end of it.  But from her letters, I think she's forgotten him.  I'll find out.  And then we'll thrash it out with Dad, right?  Mom, don't avoid me.;neu
Ses02F_script01_1_F028;sad;Trouble is, you don't see enough women.;dis
Ses02F_script01_1_F029;fru;You never did.;neu
Ses02F_script01_1_F030;fru;I just don't see why it has to be Annie.;sur
Ses02F_script01_1_M029;neu;Because it is.;neu
Ses02F_script01_1_F031;fru;Well, that's a good answer, but it doesn't answer anything.  I mean, you've been away for--at war.  It's been five years.;neu
Ses02F_script01_1_M031;fru;These years when I think of a wife, I think of Annie.  What do you want, a diagram?;neu
Ses02F_script01_1_F032;fru;I don't want a diagram.  Umm-- He thinks he's coming back, Chris.  You marry that girl and you're pronouncing him dead.;dis
Ses02F_script01_1_F033;fru;I mean, what's gonna happen to your father?  Do you know?  I don't.;fea
Ses02F_script01_1_M032;fru;All right.  All right, then, Mom.;neu
Ses02F_script01_1_F034;fru;I just--give it some more thought.;neu
Ses02F_script01_1_M033;fru;I've given it three years of thought.  I thought that if I waited Dad would forget about Larry and we could have a regular wedding and everything happy.;neu
Ses02F_script01_1_F035;sur;What the hell is this?;ang
Ses02F_script01_1_F036;ang;Are you crazy?;ang
Ses02F_script01_1_M036;ang;I've been a good son too long.  A good sucker.  I'm through with it.;hap
Ses02F_script01_1_F037;ang;What about the business?  What the hell is this?;sur
Ses02F_script01_1_M037;ang;The business?  The business doesn't inspire me.;sad
Ses02F_script01_1_F038;ang;Must you be inspired?;neu
Ses02F_script01_1_M038;ang;Yes.  I like it an hour a day.  If I'm gonna grub for my money all day long, at least in the evening I want it beautiful.;ang
Ses02F_script01_1_M040;neu;Yes, on this I would.;neu
Ses02F_script01_1_F040;ang;Well, you don't want to think like that.;dis
Ses02F_script01_1_M042;fru;I know.  I know, Mom.  Just help me stay here.;neu
Ses02F_script01_1_F042;fru;All right.  Just-- just don't go thinkin' that way, you hear me?;ang
Ses02F_script01_1_M043;neu;I am thinkin' that way.;neu
Ses02F_script01_1_F043;fru;I don't understand you, do I?;sur
Ses02F_script01_1_M044;neu;No, you don't.  I'm a pretty tough guy.;fea
Ses02F_script01_1_F044;sad;I can see that.;neu
Ses02F_script01_2_M001;neu;Well, maybe he just wanted to see her again.;neu
Ses02F_script01_2_M002;neu;What do you mean?  He lived next door to the girl all his life.  Why wouldn't he want to see her again?;sur
Ses02F_script01_2_M004;neu;How do you know he's even thinking of it?;sur
Ses02F_script01_2_F004;oth;-he's not gonna marry her.;sad
Ses02F_script01_2_F005;ang;It's got that all about it.;neu
Ses02F_script01_2_M005;neu;Well, so what?;ang
Ses02F_script01_2_M006;neu;Now, listen Kate.;neu
Ses02F_script01_2_M007;neu;You can't read her mind.;dis
Ses02F_script01_2_F008;fru;Well then why is she still single?  I mean, New York is full of men.  Why isn't she married?  Probably a hundred people told her she's crazy, but she's waited.;sur
Ses02F_script01_2_M008;neu;How do you know why she's waited?;sur
Ses02F_script01_2_F009;fru;She knows what I know, that's why.  She's faithful as a rock.  In my worst moments I think of her waiting and I know again that I'm right.;dis
Ses02F_script01_2_M009;fru;Look, it's a nice day.  What are we arguing for?;hap
Ses02F_script01_2_M010;fru;Well, what do you want me to do about it?;ang
Ses02F_script01_2_F011;fru;I want you to act like he's coming back.  Both of you.  Don't you think I haven't noticed since she got here.  I won't stand for any nonsense.;neu
Ses02F_script01_2_M011;fru;But Kate--;neu
Ses02F_script01_2_F012;ang;Because if he's not coming back, I'll kill myself.  I mean, laugh--laugh at me, but...;ang
Ses02F_script01_2_F013;ang;But why did that happen the very night she came here?  She sleeps in his room and his memorial breaks to pieces.  Just look.  Look at it.;sur
Ses02F_script01_2_M012;fru;Calm yourself.;neu
Ses02F_script01_2_F014;fru;Believe with me, Joe.  I can't stand all alone.;sad
Ses02F_script01_2_M013;fru;Calm yourself.;neu
Ses02F_script01_2_F015;fru;Last week, a man turned up in Detroit missing longer than Larry.  I mean, you read it yourself.;dis
Ses02F_script01_2_M014;fru;All right.  All right.  Calm yourself.;neu
Ses02F_script01_2_F016;fru;You, above all, have to believe.;neu
Ses02F_script01_2_F017;fru;Just--just don't stop believing.;ang
Ses02F_script01_2_M016;ang;What does that mean?  Me above all?;sur
Ses02F_script01_2_M017;ang;Look at you.  Look at you shaking.;fea
Ses02F_script01_2_F018;fru;I can't help it.;sad
Ses02F_script01_2_M018;ang;What have I got to hide?  What the hell is the matter with you Kate?;sur
Ses02F_script01_3_M001;neu;You're not sorry you came?;sur
Ses02F_script01_3_F009;sad;from her point of view, why else would I come?;ang
Ses02F_script01_3_M010;exc;You feel it's wrong here, don't you?  This yard, this chair.  I want you to be ready for me.  I don't want to have to win you away from anything.;sad
Ses02F_script01_3_F012;hap;I almost got married two years ago.;hap
Ses02F_script01_3_F013;hap;You started to write me and--;ang
Ses02F_script01_3_F014;hap;Every day since.;neu
Ses02F_script01_3_F016;hap;I will never forgive you.  Why did you wait all these years?  All I did was sit and wonder if I was crazy for thinking of you.;sur
Ses02F_script01_3_M020;sad;No.  Nothing like that.;neu
Ses02F_script01_3_F020;sad;Then, what's wrong?  I mean, even in your letters there was some--something ashamed.;dis
Ses02F_script01_3_M021;sad;Yeah, I suppose I have been.  But it's going from me.;neu
Ses02F_script01_3_F021;sad;You've gotta tell me.;neu
Ses02F_script01_3_M022;sad;I don't know how to start.;fea
Ses02F_script01_3_F022;sad;It wouldn't work this way.;neu
Ses02F_script01_3_M023;sad;It's all mixed up with so many other things.  You remember overseas, I was in command of a company?;sur
Ses02F_script01_3_F023;sad;Yeah, sure.;neu
Ses02F_script01_3_M024;sad;Well, I lost them.;sad
Ses02F_script01_3_F024;sad;How many?;sur
Ses02F_script01_3_M025;sad;Just about all.;neu
Ses02F_script01_3_F025;sad;Oh, gee.;dis
Ses02F_script01_3_M026;sad;It takes some time for a guy to toss that off.  'Cause they weren't just men.;neu
Ses02F_script01_3_M027;sad;For instance, one time, it had been raining several days and this kid came to me and gave me his last pair of dry socks.  I put them in pocket.  It's only a little thing, but that's the kind of guys I had.;neu
Ses02F_script01_3_M028;sad;They didn't die, they killed themselves for each other.  I mean that exactly.  A little more selfish and they'd have been here today.;ang
Ses02F_script01_3_M029;sad;I got this idea watching them go down.  Everything was being destroyed, see, but it seemed that there was one new thing being made.  A sort of responsibility.  Man for man.;dis
Ses02F_script01_3_M030;sad;You know what I mean?  To show that, to bring that onto the Earth again, like some kind of monument and everyone would feel it standing behind him and it would make a difference to him.;neu
Ses02F_script01_3_M031;sad;Then I came back and it was incredible.  There was no meaning in it here.  The whole thing to them seemed like sort of a bus accident.  I went to work with Dad and that rat race again.;sur
Ses02F_script01_3_M032;sad;And I felt what you said, ashamed somehow 'cause nobody was changed at all.  It seemed to make suckers out of a lot of guys.  I felt wrong to be alive to open the new bank book, drive the new car, see the new refrigerator.;sad
Ses02F_script01_3_M033;sad;I mean, you can take those things out of a war, but when you drive that car, you've gotta know that it came out of the love a man can have for a man.  You've gotta be a little better because of it.;neu
Ses02F_script01_3_M034;sad;Because otherwise all you have is really loot and there's blood on it.  And I didn't want to take any of it.  And I guess that included you.;neu
Ses02F_script01_3_F026;sad;You still feel that way?;sur
Ses02F_script01_3_F029;hap;What'll I do with a fortune?;ang
Ses02F_script02_1_M000;exc;What time is it?  They're supposed to run around midnight.;sur
Ses02F_script02_1_M001;exc;This is great, isn't it?  Look at the night we've got here, couldn't be better.;sur
Ses02F_script02_1_M002;exc;I would have liked to have gone a little further up the coast to get away from the lights and the people, but I was afraid we'd miss it.;fea
Ses02F_script02_1_M003;exc;How you doing?;sur
Ses02F_script02_1_M004;exc;Is that--no--is that just foam?  I can't even tell.;sur
Ses02F_script02_1_M005;exc;Well, I guess we can tell, it probably isn't right?  Probably be unmistakable don't you think?;fea
Ses02F_script02_1_M006;exc;How you doing?  Aw, you know what I forgot?  I forgot to bring my flashlight.  Oh, how could I be so stupid?  I should've brought my flashlight.;sur
Ses02F_script02_1_F001;neu;What flashlight?;sur
Ses02F_script02_1_M009;neu;Oh, well sure.;neu
Ses02F_script02_1_M010;neu;Right, of course.  Our flashlight.  Mine and yours.  I mean, me flashlight is su flashlight naturally.;neu
Ses02F_script02_1_M012;neu;I wonder, do they always run during a full moon?  I can't remember if it was full last year.  Do you remember?;sur
Ses02F_script02_1_F005;neu;Yeah.;neu
Ses02F_script02_1_M013;neu;You cold?  Do you want my jacket?  Oh, we should've brought the blanket.  Our blanket.;sur
Ses02F_script02_1_M014;exc;This is great, isn't it?  A six pack would be just the ticket right now.;sur
Ses02F_script02_1_M015;exc;I can't believe I forgot.  I'm like a kid.  It's amazing I got out of the house with my fly zipped.;sur
Ses02F_script02_1_M016;exc;You think they can hear us talk?  Or feel the vibrations in the sand when we move around?;sur
Ses02F_script02_1_M017;neu;Do you want my jacket?;neu
Ses02F_script02_1_F007;fru;It's after eleven, let's just go home.;neu
Ses02F_script02_1_M019;neu;Right.;neu
Ses02F_script02_1_M020;neu;That's my point too.;neu
Ses02F_script02_1_M021;neu;No. No. That's not my point.  The point is there's no point in coming down if we just leave.  Don't you want to see it?;ang
Ses02F_script02_1_M024;exc;Think about the people in Kansas, they had to get plane tickets and hotel reservations to see this.  We live forty minutes away.  It's too good to pass up.;neu
Ses02F_script02_1_F013;fru;Pass up what?  These little fish swim onto the beach, they flop around, and swim away.  And then they die.;neu
Ses02F_script02_1_M025;exc;Yeah, but that moment on the beach, is the highlight of their little lives.  All that flopping is laying eggs or what do you--spawning or mating.  I mean,;dis
Ses02F_script02_1_M026;exc;this is a big night for these guys.  Life's last orgy.;hap
Ses02F_script02_1_F014;fru;What are you so excited about?  I mean, it's not a moon landing we're talking about here.  It's fish.  It's a fish nobody even eats.;sur
Ses02F_script02_1_M027;fru;Yeah they do.;neu
Ses02F_script02_1_F015;fru;Ah, Augie.;neu
Ses02F_script02_1_M028;exc;Alright.  But it's fish that do something that none of the other fish do.  Like the swallows returning to Capistrano or the lemmings throwing themselves off the cliffs.;neu
Ses02F_script02_1_F016;fru;I'm just not.;neu
Ses02F_script02_1_M031;neu;I don't get it.  The first time we came here, you said it was the best night of your life.;sur
Ses02F_script02_1_F018;fru;Last year, you will also remember our shoes got wet, I got sand in my panties, you got a sore throat, we got in a big fight over nothing, and we didn't see the grunions.;dis
Ses02F_script02_1_M033;neu;We weren't in a good spot.;sad
Ses02F_script02_1_F019;neu;We didn't see them the first time either.;sur
Ses02F_script02_1_M035;exc;There is that--no that's just seaweed isn't it?;neu
Ses02F_script02_1_M036;exc;Oh man, this is great, isn't it?  I wouldn't miss this for anything.  Here, think about this, all right, I know you're not interested, but think about this.;sur
Ses02F_script02_1_M039;exc;all as one, this time release instinctual little firecracker went off and they all turned and formed a line as long as the California coast and started swimming.  And they're swimming right now as if that's all that matters.;neu
Ses02F_script02_1_M040;exc;It's like single mindedness with no mind.  It's urgency that's pure urge.  They don't know what drives them.  They don't ask it a question or give it a name.;neu
Ses02F_script02_1_M041;exc;They just turn as one and start the swim that brings them right here to where we stand, for a massive celebration of sex and death.;neu
Ses02F_script02_1_M042;exc;Ah, God, I'm giving myself goose bumps.  Look, all my hairs are popped up.;sur
Ses02F_script02_1_M043;neu;Well, so what do you think?;neu
Ses02F_script02_1_F021;neu;About what?;sur
Ses02F_script02_1_M044;neu;What I was saying.;neu
Ses02F_script02_2_M000;exc;Well, so what do you think?;neu
Ses02F_script02_2_F000;neu;About what?;sur
Ses02F_script02_2_M001;neu;What I was saying.;neu
Ses02F_script02_2_F001;fru;It's ridiculous.;dis
Ses02F_script02_2_M002;neu;It certainly is not.  It's slightly exaggerated scientific fact.;neu
Ses02F_script02_2_M003;neu;Well, I'm not the only one.  Look at all these people.;dis
Ses02F_script02_2_M005;neu;Carla, can I ask you something?  Don't take this wrong, but are you having your period?;neu
Ses02F_script02_2_F005;ang;God damn it, Augie, don't ask me that.  I hate it when you ask me that.  You always ask me that.  It's insulting.;ang
Ses02F_script02_2_M006;fru;Well, what's bugging you?;ang
Ses02F_script02_2_F006;ang;We just have different ideas of what this evening is supposed to look like.;neu
Ses02F_script02_2_M007;neu;There's nothing to it.  We come here, the grunion arrive, they do their little fish business, we go ooh, ah, look at the fish.  They go home. We go home.;fea
Ses02F_script02_2_F007;fru;For heaven sake, we're not going to see the grunions.;dis
Ses02F_script02_2_M008;fru;Why not?;neu
Ses02F_script02_2_F008;fru;We never do, do we?  I mean, have we ever?;sur
Ses02F_script02_2_M009;neu;We've missed them twice.  That's not ever.;neu
Ses02F_script02_2_F009;fru;Twice is every time we've tried. That's ever.;neu
Ses02F_script02_2_M010;neu;Well, we'll see them this year.;neu
Ses02F_script02_2_F010;fru;No, we won't.  It's pointless.  It's like waiting up to see Santa Claus.;sad
Ses02F_script02_2_F011;ang;I mean, I feel like my whole life is gonna be spent standing on the beach with my eyes wide open and my hands clasped expectantly waiting for the fish to show up.  And the fish won't show up.;neu
Ses02F_script02_2_M011;fru;I thought you wanted to see it.;neu
Ses02F_script02_2_F012;fru;You don't understand anything I'm saying.;ang
Ses02F_script02_2_M012;fru;No, of course not.;neu
Ses02F_script02_2_F013;fru;I did want to see it.  I always do.  I keep thinking that this is gonna be the time and it never is.;neu
Ses02F_script02_2_M013;neu;It's just fish.  Nothing to get traumatized about.;dis
Ses02F_script02_2_M014;fru;All right.  Look, I've been trying to work this backwards, but I cannot seem to figure out the exact moment that we took a turn for the worst.;dis
Ses02F_script02_2_M016;neu;"You said, ""Hey the grunion are running tonight.""  I said, ""Great, let's go.  I feel lucky.""";hap
Ses02F_script02_2_M017;neu;Okay, so I'm putting on my jacket, putting out the animals, getting the car out of the garage--;neu
Ses02F_script02_2_F015;sad;Do you remember the first time we came to see it?  It was about four years ago, right after we got married.;neu
Ses02F_script02_2_F016;sad;I thought I was pregnant, you had a bottle of champagne, but no glasses.  You asked me to dance, so we kicked off our shoes and you popped the cork.;sur
Ses02F_script02_2_F017;sad;And while we were dancing, you said the softest, most intimate things to me right into my ear so that I could feel them as much as hear them.;dis
Ses02F_script02_2_F018;sad;And I remember thinking, this is it.  You know, at last--at last I am as happy as I am supposed to be.;hap
Ses02F_script02_2_M018;neu;Wait a minute.  I've got it.;neu
Ses02F_script02_2_F019;sad;Just dancing barefoot in the sand, drinking champagne out of the bottle.;dis
Ses02F_script02_2_M019;neu;"It was in the car, right?  Driving past the Knickerbocker Liquor Locker, you said, ""let's get some champagne,"" and I said, ""time's a wasting"" or something like that, right?";neu
Ses02F_script02_2_M020;neu;Yeah, of course, I see it now.  You want this to be like that other time, right?  That's it, right?;neu
Ses02F_script02_2_F020;sad;I'd rather not remember some things.  I would rather not hope for some things.;neu
Ses02F_script02_2_M021;neu;Okay, yeah, sure, I see it now.  Listen, you wanna dance?;hap
Ses02F_script02_2_F021;sad;No.;neu
Ses02F_script02_2_M022;neu;You want me to go get some champagne?;ang
Ses02F_script02_2_F022;sad;No.;neu
Ses02F_script02_2_M023;neu;Take off our shoes?;sur
Ses02F_script02_2_M024;fru;Well, what?  You want me to breathe in your ear?;sur
Ses02F_script02_2_F024;sad;No.;neu
Ses02F_script02_2_M025;fru;You wanna get married again?;sur
Ses02F_script02_2_F025;fru;No.;neu
Ses02F_script02_2_M026;fru;What?  What?  You want a divorce?;sur
Ses02F_script02_2_F026;fru;No.;neu
Ses02F_script02_2_M027;fru;A vacation?;sur
Ses02F_script02_2_F027;fru;No.;neu
Ses02F_script02_2_M028;fru;A new carpet?  A poodle?  Ice cream?  Back rub?  A suicide pact?  What?  What?  Carla, what the hell do you want?;sur
Ses02F_script02_2_M029;ang;Well, welcome to the human race.  Do you think this is what I had in mind when I proposed?  That four years down the road, we'd be at the beach yelling at each other over fish?;neu
Ses02F_script02_2_M031;sad;No, Carla, I'm just like you.  I thought it was gonna be all peaches and roses and sand in our toes and wind in our hair and the fish will always come and the bills will pay themselves and we'll have three fat rosy kids and ha, ha, baby, the joke's on us;hap
Ses02F_script02_2_M032;fru;'cause you know what you get, Carla?  You know what you get?  This.;neu
Ses02F_script02_2_M033;neu;Yes, it is.;neu
Ses02F_script02_2_M034;neu;Right.;neu
Ses02F_script02_2_F031;sad;Well.  This isn't anything like I thought anything would be like.;neu
Ses02F_script02_2_M035;sad;I know, me neither.;neu
Ses02F_script02_2_M036;sad;I'm doing the best I can.;neu
Ses02F_script02_2_F033;sad;I know that, Augie.  Really, I do.;neu
Ses02F_script02_2_F034;sad;I know that you meant this to be special and nice and the sand and the moon and all, but I just couldn't help thinking about being somewhere else.;sur
Ses02F_script02_2_M037;sad;Maybe if you were with somebody else too.;neu
Ses02F_script02_2_F035;sad;I didn't say that.;neu
Ses02F_script02_2_M038;sad;No, I know.  But still.  I know I don't make you happy.;sad
Ses02F_script02_2_M039;sur;Yeah?;sur
Ses02F_script02_2_F038;sad;You're the one who probably wishes you were with someone else.  Someone who--you'd rather enjoy yourself and didn't take everything so hard.;neu
Ses02F_script02_2_M041;hap;I don't know.  It seemed like a pretty good spot to me.  I mean, look at the view you have of the moon from here.;sur
Ses02F_script02_2_M042;hap;Well, look what we have here.;dis
Ses02F_script02_2_F041;hap;Augie, you brought refreshments.;neu
Ses02F_script02_2_M043;hap;It's not champagne.;neu
Ses02F_script02_2_F042;hap;Well, then we don't need glasses.;neu
Ses02F_script02_2_F043;hap;No.  I think you might be right.  Maybe this is the spot after all.;neu
Ses02F_script02_2_F044;sad;Augie, I'm sorry.;sad
Ses02F_script02_2_M045;hap;Shh.  If we're very quiet the fish might come.;fea
Ses02F_script02_2_F045;hap;Or not.;neu
Ses02F_script02_2_M046;hap;Or not.;neu
Ses02F_script03_1_F000;fea;Do you think it's them?;sur
Ses02F_script03_1_M001;neu;I wonder.;sur
Ses02F_script03_1_F001;fea;Well, nobody know we're here except Freda and she wouldn't ring up.;neu
Ses02F_script03_1_F002;fea;What're we gonna do?;ang
Ses02F_script03_1_M004;neu;I don't care then.;dis
Ses02F_script03_1_M005;neu;Hello?  Hello?  What?  Wrong number.;sur
Ses02F_script03_1_F005;exc;Ah, it send shivers up my spine.;fea
Ses02F_script03_1_F006;hap;Behave exquisitely.;neu
Ses02F_script03_1_M007;neu;With the most perfect poise?;neu
Ses02F_script03_1_F007;hap;Oh, of course.  I shall probably do a court curtsy.;neu
Ses02F_script03_1_M008;neu;Things that ought to matter dreadfully don't matter at all when one's happy.  Do they?;fea
Ses02F_script03_1_F008;hap;What's so horrible is that one can't stay happy.;fea
Ses02F_script03_1_M009;neu;Oh, darling, don't say that.;neu
Ses02F_script03_1_F009;hap;It's true.  The whole business is a very poor joke.;dis
Ses02F_script03_1_M010;neu;Meaning that sacred and beautiful thing, love?;neu
Ses02F_script03_1_F010;hap;Yes, meaning just that.;neu
Ses02F_script03_1_M012;neu;You mustn't be serious, my dear one.  That's just what they want.;ang
Ses02F_script03_1_F012;neu;Who's they?;sur
Ses02F_script03_1_M013;neu;All those futile moralists that try to make life unbearable.  Laugh at them.  Be flippant.  Laugh at everything.  All their sacred shibboleths.;hap
Ses02F_script03_1_M014;neu;Flippancy brings out the acid in their damn sweetness and light.;neu
Ses02F_script03_1_F013;neu;If I laugh at everything, then I must laugh at us too.;hap
Ses02F_script03_1_M015;neu;Certainly, you must.  We're figures of fun, alright.;hap
Ses02F_script03_1_F014;neu;Well how long will it last us, this ludicrous overbearing love of ours.;neu
Ses02F_script03_1_M016;neu;Who knows.;neu
Ses02F_script03_1_F015;neu;Well, shall we always want to bicker and fight?;neu
Ses02F_script03_1_M017;neu;No, that desire will fade.  Along with our passion.;sad
Ses02F_script03_1_F016;neu;Oh, dear, shall we like that?;neu
Ses02F_script03_1_M018;neu;Depends on how well we've played.;neu
Ses02F_script03_1_F017;neu;Well, what happens if one of us dies?  I mean, does the one that's left still laugh?;neu
Ses02F_script03_1_M019;exc;Yes.  Yes. With all his might.;neu
Ses02F_script03_1_M020;exc;No. No, it isn't.  Death is very laughable.  Such a cunning little mystery.  All done with mirrors.;neu
Ses02F_script03_1_F019;hap;Darling, I believe you're talking nonsense.;ang
Ses02F_script03_1_M021;neu;So is everyone else in the long run.;neu
Ses02F_script03_1_M022;exc;Let's be superficial and pity the poor philosophers.  Let's blow our trumpets and squeakers and enjoy the party as much as we can.  Like quite idiotic, very small school children.  Let's savor the delight of the moment.;hap
Ses02F_script03_1_M023;exc;Come and kiss me, darling, before your body rots and worms pop in and out of your eye sockets.;dis
Ses02F_script03_1_F020;hap;Elliott, worms don't pop.;neu
Ses02F_script03_1_M024;neu;I don't care what you do.  See, you could paint yourself green and dance naked in the Place Vendome and rush off madly with all the men in the world and I shan't say a word.  As long as you love me best.;ang
Ses02F_script03_1_F021;hap;Oh, thank you, dear.  The same applies to you except that if I catch so much as looking at another woman, I'll kill you.;ang
Ses02F_script03_1_M025;neu;You remember that awful scene we had in Venice?;fea
Ses02F_script03_1_F022;hap;Which particular one?;neu
Ses02F_script03_1_M026;neu;The one when you bought that little painted wooden snake in the Piazza and put it on my bed.;neu
Ses02F_script03_1_F023;hap;Charles.  That was his name.  Charles.  He did wriggle so beautifully.;neu
Ses02F_script03_1_F024;hap;Yes, I know you did.  You threw it out of the window into the Grand Canal.  I don't think I'll ever forgive you for that.;sad
Ses02F_script03_1_M028;neu;How long did that row last?;neu
Ses02F_script03_1_F025;hap;It went in intermittently for days.;neu
Ses02F_script03_1_M029;neu;The worst one was in Cannes when your curling iron burnt a hole in my new dressing gown.;dis
Ses02F_script03_1_F026;hap;It burned my comb too and all the towels in the bathroom.;dis
Ses02F_script03_1_F027;neu;That was the first time you ever hit me.;sur
Ses02F_script03_1_M031;neu;I didn't hit you very hard.;neu
Ses02F_script03_1_F028;hap;The manager came in and found us rolling around on the floor, biting and scratching like panthers.;dis
Ses02F_script03_1_M032;exc;Oh, I'll never forget his face.;neu
Ses02F_script03_1_F029;exc;It was ridiculous.  Completely ridiculous.;dis
Ses02F_script03_1_M033;neu;We were very much younger then.;neu
Ses02F_script03_1_M034;neu;As a matter of fact, the real cause of that row was Peter Burden.;neu
Ses02F_script03_2_M000;neu;As a matter of fact, the real cause of that row was Peter Burden.;neu
Ses02F_script03_2_M001;neu;I knew nothing of the sort.  You took presents from him.;dis
Ses02F_script03_2_M006;ang;What of it?;sur
Ses02F_script03_2_M007;ang;Well, what about me?;neu
Ses02F_script03_2_F007;neu;Well, if you hadn't been so suspicious and nosey, you never would have known a thing about it.;neu
Ses02F_script03_2_M009;neu;Me, too.  Bored stiff.  You want some brandy?;sad
Ses02F_script03_2_M011;neu;No particular reason.  Anyhow they were very small ones.;neu
Ses02F_script03_2_F011;neu;Just seems so silly to go on and on and on with such a thing.;dis
Ses02F_script03_2_M012;fru;You can hardly call three liquor glasses in a whole evening going on and on and on.;neu
Ses02F_script03_2_F012;neu;Well, it's become a habit with you.;neu
Ses02F_script03_2_M013;ang;You needn't be so grand, just because you don't happen to want any yourself at the moment.;neu
Ses02F_script03_2_F013;ang;Don't be so stupid.;ang
Ses02F_script03_2_F014;ang;What?;sur
Ses02F_script03_2_M015;fru;Nothing.;neu
Ses02F_script03_2_F016;exc;A woman's job is to allure the man.  Watch me a minute, will you?;neu
Ses02F_script03_2_F017;fru;No, it isn't.;neu
Ses02F_script03_2_M019;fru;Yes, it is.;neu
Ses02F_script03_2_F018;ang;Oh, be quiet.;neu
Ses02F_script03_2_F019;fru;Doesn't seem to have worked such wonders with you.;sur
Ses02F_script03_2_M021;fru;Snap, snap, snap, like a little adder.;ang
Ses02F_script03_2_F020;ang;Adders don't snap, they sting.;ang
Ses02F_script03_2_M022;fru;Nonsense.  They have a little bag of venom behind their fangs and they snap.;ang
Ses02F_script03_2_M023;fru;They snap.;ang
Ses02F_script03_2_F022;fru;I don't care, do you understand?  I don't care.  I don't care if they bark or roll about like hoops.;ang
Ses02F_script03_2_F024;fru;Mind your own business.;neu
Ses02F_script03_2_F025;ang;You're quite insufferable;ang
Ses02F_script03_2_F026;fru;I expect it's because you're drunk.;neu
Ses02F_script03_2_M027;ang;I'm not in the least drunk.;dis
Ses02F_script03_2_M028;fru;As I mentioned before, I have had three minute liquor glasses of brandy the whole evening long.  A child of two couldn't get drunk on that.;neu
Ses02F_script03_2_F028;fru;On the contrary, a child of two could get violently drunk on only one glass of brandy.;dis
Ses02F_script03_2_M029;fru;Oh, very interesting.  How about a child of four?  A child of six?  Or a child of nine?;sur
Ses02F_script03_2_F029;ang;Shut up.;ang
Ses02F_script03_2_M030;ang;We could get a good debate going about this, don't you think?  Intemperate tots.;neu
Ses02F_script03_2_F030;fru;Not very funny, dear.  You'd better have some more brandy.;sur
Ses02F_script03_2_F031;ang;Why?;sur
Ses02F_script03_2_M033;fru;Because it's late and it'll annoy the people upstairs.;ang
Ses02F_script03_2_F032;fru;There aren't any people upstairs.  It's a photographer's studio.;neu
Ses02F_script03_2_M034;fru;There are people downstairs I suppose?;sur
Ses02F_script03_2_M035;fru;This is no time of the year for Tunis.;neu
Ses02F_script03_2_F034;ang;Turn it on again, please.;neu
Ses02F_script03_2_M036;ang;I'll do no such thing.;ang
Ses02F_script03_2_F035;ang;Very well, if you insist on being boorish and idiotic.;neu
Ses02F_script03_2_M037;ang;Turn it off.  It's driving me mad.;ang
Ses02F_script03_2_F036;ang;You are far too temperamental.  Try to control yourself.;ang
Ses02F_script03_2_M038;ang;Turn it off.;neu
Ses02F_script03_2_F037;ang;Stop it.  Go away.  I hate you.;ang
Ses02F_script03_2_M039;ang;Amanda, listen. listen;neu
Ses02F_script03_2_F038;ang;Listen?  Listen, indeed.  I am sick and tired of listening to you, damn sadistic bully.;fea
Ses02F_script03_2_M040;fru;Very amusing, indeed.;hap
Ses02F_script03_2_F039;ang;I hate you.  Stop it.  Stop it.  I hate you, do you hear?  You're conceited and overbearing and utterly impossible.;ang
Ses02F_script03_2_M041;ang;You're a vile, tempered, loose living, wicked little beast and I hope to never see you again as long as I live.;dis
Ses02F_script03_2_F040;ang;This is the end.  Finally and forever.  Do you hear me?  The end.;neu
Ses02F_script03_2_M042;ang;You're not going like this.;dis
Ses02F_script03_2_F041;ang;Oh Yes, I am.;neu
Ses02F_script03_2_M043;ang;You're not.;neu
Ses02F_script03_2_F042;ang;I am.  Let go of me.  You're a cruel fiend and I hate and loathe you.;ang
Ses02F_script03_2_M044;ang;Shut up. Shut up.;ang
Ses02F_script03_2_M045;ang;I wouldn't-- I wouldn't marry--;ang
Ses02F_script03_2_M046;ang;I wouldn't marry you if you came in crawling on your knees;dis
Ses02F_script03_2_F043;ang;Thank God I realized what you are-- I'd never marry you again ever in my life. You're a cruel fiend and I hate you. You're a beast. You're a beast--I hate you. Stop it.  Stop it.;ang
Ses02F_script03_2_M047;ang;You're a evil vampire and I hope to God I never see you again as long as I live.;dis
Ses02M_impro01_M000;fru;All right. Finally. Here you go.;neu
Ses02M_impro01_F000;neu;Hi, How can I help you?;fea
Ses02M_impro01_M001;neu;Yea. I just want to get this done,;neu
Ses02M_impro01_F001;neu;Sure, um;neu
Ses02M_impro01_M002;neu;get my new license.;neu
Ses02M_impro01_F002;neu;do you have two forms of ID with you?;neu
Ses02M_impro01_M003;neu;Um, no, I got my driver's license though.;neu
Ses02M_impro01_F003;neu;I actually need two forms of ID. I need either a passport or a birth certificate, or social security card. I'm sorry.;sad
Ses02M_impro01_M004;neu;Uh, sorry, I forgot them. I mean I've got to -;sad
Ses02M_impro01_F004;neu;Well;neu
Ses02M_impro01_M005;neu;well is the dri-driver's license going to work?;neu
Ses02M_impro01_F005;neu;I- I can take your driver's license but I need another form of ID in order to process this paper work.;neu
Ses02M_impro01_M006;fru;Okay, so what are you saying? What-;ang
Ses02M_impro01_F006;neu;Um, that you would need to go home and get another form of ID and come back.;neu
Ses02M_impro01_M007;ang;What? I- You telling me I waited in that huge line to go and sit down and get my number called, like after;sur
Ses02M_impro01_F007;fru;Well, I'm sorry sir but;sad
Ses02M_impro01_M008;ang;three hours and;neu
Ses02M_impro01_F008;fru;you need to bring two forms of ID there is nothing we can do about it.;neu
Ses02M_impro01_M009;ang;Shouldn't they have like told us about that? I mean why - why would they make me go and wait three hours if I have got to go and do it again?;sur
Ses02M_impro01_F009;fru;Well, it's actually-;neu
Ses02M_impro01_F010;fru;It's standard that you bring a couple of forms of ID, I'm sorry.;sad
Ses02M_impro01_M010;ang;It's standard? I mean I don't work at the D.M.V. how am I supposed to know that, like, I stand in line, I get my;neu
Ses02M_impro01_F011;fru;Well, I'm sorry, sir, but we're not responsible.;sad
Ses02M_impro01_M011;ang;I filled out the application right, didn't I?;neu
Ses02M_impro01_F012;fru;Yes, you did, thank you very much, but we're not responsible if you've forgotten something, and we need to have two forms of ID.;neu
Ses02M_impro01_M012;fru;Okay. What about - no -- how about you hold that and I'll - I'll go and I can come back-;neu
Ses02M_impro01_F013;fru;I'm sorry, but there is a lot of people waiting so you're just going to have to get in line again.;sad
Ses02M_impro01_M013;fru;I've been waiting for three hours.;neu
Ses02M_impro01_F014;fru;It just happens to people all the time, I'm sorry sir, but I can't make an exception for you.;sad
Ses02M_impro01_M014;fru;This is ridiculous. Come on;ang
Ses02M_impro01_F015;neu;I'm sorry, sir.;sad
Ses02M_impro01_M015;fru;I cannot go back in that line. I've got stuff I need to do, I mean-;neu
Ses02M_impro01_F016;neu;there is nothing I can do.;sad
Ses02M_impro01_F017;fru;I know sir, but we have to have two forms. There is nothing I can do about it, I'm sorry.;sad
Ses02M_impro01_M017;fru;That doesn't make any sense. Why?;dis
Ses02M_impro01_F018;fru;I'm sorry, sir. There is nothing I can do.;sad
Ses02M_impro01_M018;ang;You- shouldn't you have like a sign or something maybe like up on the counter when you get the applica- maybe on the application;neu
Ses02M_impro01_F019;fru;Well, if you had checked the web site it would have said.;neu
Ses02M_impro01_F020;fru;If you had checked the website it would have said that you needed two forms of identification.;neu
Ses02M_impro01_M019;ang;What web- I didn't go to a website - why would I need to - it's the D.M.V.. You come to the D.M.V., you wait in line for three hours, and then you go home.;sur
Ses02M_impro01_F021;fru;Well, maybe you should;neu
Ses02M_impro01_M020;fru;I waited in line now I'm ready to get my stuff and then go home.;neu
Ses02M_impro01_F022;fru;Right. So maybe you should go home now and get your paperwork and come back.;neu
Ses02M_impro01_F023;fru;I'm sorry sir but there's a lot of people waiting. So if you won't move out of the way, then I'm going to have to call security.;sad
Ses02M_impro01_M021;fru;God, oh my-;sur
Ses02M_impro01_M022;fru;This is ridiculous.;dis
Ses02M_impro01_F024;fru;I'm sorry, sir, it's not my choice.;sad
Ses02M_impro02_F000;sad;I don't want you to go.;sad
Ses02M_impro02_M000;sad;I know, I know. I don't want to go either baby. I love you know. And I'm going to miss you a lot.;sad
Ses02M_impro02_F001;sad;"I'm going to miss you too; I don't know what I'm going to do here without you. It's going to be so lonely, and so hard.";sad
Ses02M_impro02_F002;sad;I don't want to be a single mom.;sad
Ses02M_impro02_M001;sad;"You won't be. I'll be back; I'll be back before you know it. All right, and";neu
Ses02M_impro02_F003;sad;but;neu
Ses02M_impro02_M002;sad;and;neu
Ses02M_impro02_F004;sad;"It's dangerous; I mean how can you make sure that you'll";fea
Ses02M_impro02_M003;fru;It's- It's dangerous anywhere, honey. I mean this is -this- I'm just going to go and we'll get it over with,;fea
Ses02M_impro02_F005;sad;I hope so.;neu
Ses02M_impro02_F006;sad;I hope so.;neu
Ses02M_impro02_F007;sad;It's going to be really rough.;neu
Ses02M_impro02_M007;sad;You gotta take care of our baby for me, alright?;ang
Ses02M_impro02_F008;sad;I'll send you lots of pictures.;neu
Ses02M_impro02_M008;sad;I hope so, because I'm not going to be able to survive without all that. I don't know what I'm going to do.;neu
Ses02M_impro02_M009;sad;I've never been - I've never been away from you for two weeks let alone a year.;neu
Ses02M_impro02_F009;sad;Well, just promise me that you going to be safe.;neu
Ses02M_impro02_F010;sad;I mean can't they put you in like, you know kitchen work or something where you won't get;neu
Ses02M_impro02_F011;fru;"It doesn't make any sense; I don't know why we have to be at war in the first place.";dis
Ses02M_impro02_M013;sad;there's people that thought it was the right thing to do so now we have to- we have to do what we have to do for our country;neu
Ses02M_impro02_M014;neu;and it'll work out you know, go there and do that. Yeah, I'll be back;neu
Ses02M_impro02_F012;sad;Will you write me letters, paper ones?;neu
Ses02M_impro02_F013;sad;"Our baby needs a dad; you can't leave. Okay, you can't disappear.";neu
Ses02M_impro02_M017;sad;Our baby has a dad, alright. Daddy is going to be back soon.;hap
Ses02M_impro02_M018;sad;"I want you to, you know, take lots of video; pictures and I can see you when I get back or while I'm there. I'm going to miss you.";sad
Ses02M_impro02_F014;sad;I'll miss you too.;sad
Ses02M_impro03_M000;exc;Oh, you're never going to believe it.;sur
Ses02M_impro03_F000;exc;What? What? You look really happy what's going on?;sur
Ses02M_impro03_M001;exc;Well, I finally did it;neu
Ses02M_impro03_F001;exc;Finally did what?;sur
Ses02M_impro03_F003;exc;Oh, my Gosh. Well, and did;sur
Ses02M_impro03_F004;exc;Did she say yes?;sur
Ses02M_impro03_M005;exc;Yes, she said yes. [LAUGHTER] I know;neu
Ses02M_impro03_F005;exc;That's like the most definitive.;neu
Ses02M_impro03_F007;exc;I would have thought you would have told me that you were planning on doing this.;sur
Ses02M_impro03_F008;exc;Yea, I guess so. Oh, my Gosh. Was she surprised?;sur
Ses02M_impro03_M008;exc;Yes, yes. You know, she - she was like - I mean, she was happy, you know;hap
Ses02M_impro03_M009;exc;I - I think it was about time, I don't know, maybe. You know what, it's been it's been long enough now.;neu
Ses02M_impro03_M010;hap;Oh, well, it was -- you know, we were at this- at this concert and yeah;neu
Ses02M_impro03_M011;hap;so I-I talked to some of the crew before hand and-;neu
Ses02M_impro03_F011;exc;Oh, You did not.;sur
Ses02M_impro03_M012;hap;I-I did.;neu
Ses02M_impro03_F012;exc;Oh, my Gosh. that's so cute;sur
Ses02M_impro03_F013;exc;That's so romantic. Oh, my Gosh. She must have died. That's like one of those things you write into a magazine about like my boyfriend did this. Oh my God.;sur
Ses02M_impro03_M014;hap;I know, so;neu
Ses02M_impro03_M015;hap;I got to freak her out.;ang
Ses02M_impro03_M016;exc;No, yes -- so;neu
Ses02M_impro03_F014;exc;She must have flipped out.;neu
Ses02M_impro03_M017;hap;Yea, that way she was guaranteed that she could not say no.;neu
Ses02M_impro03_F015;exc;Right exactly because you can't say no in front of thousands of people. [LAUGHTER];dis
Ses02M_impro03_M018;exc;No, but it was good.;hap
Ses02M_impro03_F016;exc;Did you bring her up on stage too?;sur
Ses02M_impro03_M019;exc;Yes, yes. [LAUGHTER];neu
Ses02M_impro03_F017;exc;Oh, my Gosh, that's so cute.;sur
Ses02M_impro03_M020;exc;I know it was, I don't know I was really nervous but I'm really - I'm really glad.;hap
Ses02M_impro03_F018;exc;Are your parents excited or...?;sur
Ses02M_impro03_M021;hap;Oh yes, they - they you know they love her and so I mean...;hap
Ses02M_impro03_F020;exc;Ooh, that would be fun.;hap
Ses02M_impro03_M024;exc;Yea, yea, I'm not too sure where yet I guess you know, I kind of got to figure some stuff out here first;neu
Ses02M_impro03_F023;exc;Oh my Gosh. I cannot believe you're getting married, that is so cool.;sur
Ses02M_impro03_M026;exc;I know.;neu
Ses02M_impro03_F024;exc;Golly, it just makes me all like romantic inside, like I really want that to happen to me. [LAUGHTER];hap
Ses02M_impro03_M027;hap;Oh, it will, obviously you know. But I know it's something - I don't know, you never really think about it happening, like before hand.;neu
Ses02M_impro03_M028;hap;Sure. Oh, yes.;neu
Ses02M_impro03_M030;exc;Yes, well, Thanks, thanks. Thank you. yeah;hap
Ses02M_impro03_F028;exc;Yay, well congratulations, that's so cool. [BREATHING] I can't wait.;hap
Ses02M_impro03_M031;hap;Hah.;dis
Ses02M_impro04_M000;fru;Uhm, I don't know;sur
Ses02M_impro04_F000;neu;So how you feeling?;neu
Ses02M_impro04_M001;fru;"I don't know what I'm going to do about this; I mean";sur
Ses02M_impro04_M002;fru;I have got to get a job, you know? Like-;sad
Ses02M_impro04_F001;neu;You've been doing a lot of work for it, right?;neu
Ses02M_impro04_M003;fru;Well, yea you know, I get my resumes and I mean I-;neu
Ses02M_impro04_F002;neu;Right, so the fact you doing the best that you can is -;neu
Ses02M_impro04_M004;fru;I go out all the places I can, every place that'll give an interview you know.;neu
Ses02M_impro04_F003;neu;you know you shouldn't give yourself a hard time for that, it's the best you can.;neu
Ses02M_impro04_M005;fru;But it's been so long, like what - what am I - what am I waiting -- I should probably just do something else, or;neu
Ses02M_impro04_F004;neu;Well, but you care about what you do, right?;neu
Ses02M_impro04_M006;fru;I don't know, I mean why - why;sur
Ses02M_impro04_M007;fru;Yea, but it's - it's almost like it's not worth it you know, if I'm going to waste to have my life like trying to get a job, I mean once I actually do get the job it's like oh, retirement or something. I don't know, you know.;dis
Ses02M_impro04_F005;neu;I understand that it's so frustrating but I know that you're here because you really want it you know and, and uh;neu
Ses02M_impro04_M009;fru;I don't even know if it's going to be worth it because I can't break myself in, you know like I can't - can't even get a foot in the door you know.;ang
Ses02M_impro04_F006;neu;Well, I mean you're still here you've tried for this long so I think that says something all in itself.;neu
Ses02M_impro04_M010;fru;Yea, it says I'm stupid enough to be trying this long and not move on somewhere else.;ang
Ses02M_impro04_F007;neu;You are persistence. I mean that's important. that's;neu
Ses02M_impro04_M011;fru;I mean, I can't- I can't be persistent forever, you know, you can't not have a job forever, you know, I've got- I've got to do something, I've got to make money and get food on the table.;fea
Ses02M_impro04_F008;neu;Well, you're talented so keep that in mind, you know, you shouldn't give yourself too hard of a time.;neu
Ses02M_impro04_M012;fru;I mean, maybe I'm not, you know. I don't have a job. Maybe - maybe I'm not as good as-as I thought I was and;sad
Ses02M_impro04_M013;fru;I just got a whole skewed opinion on just how this is supposed to work out and;neu
Ses02M_impro04_F009;sad;I'm sorry.;sad
Ses02M_impro04_M014;sad;I don't know, it's just not, I don't know - I don't know what to do really, you know, I'm just thinking;neu
Ses02M_impro04_M015;fru;maybe - maybe take up painting, I don't know, you know.;neu
Ses02M_impro04_M016;fru;Do something that I don't have to go out and do something, stay at home, I don't know.;neu
Ses02M_impro04_M017;fru;Seems like the only option at this point because obviously the outer world has just rejected me of all possible employment.;neu
Ses02M_impro04_F010;neu;That's- I mean. There are more factors then just whether you're good or not, you know what I mean like;neu
Ses02M_impro04_F011;neu;and the fact that you know there is always different types of things and what kind of people they want in the office and whether it's male or female or you know what I mean, like things are out of your control.;neu
Ses02M_impro04_F012;neu;So you should take that in consideration rather than giving yourself such a hard time.;neu
Ses02M_impro04_M018;fru;I know, but I mean- if that's the - you know, I'm either like the worst at this or just the most unlucky person on the planet I mean this doesn't;sad
Ses02M_impro04_M019;ang;this doesn't happen to a normal person.;dis
Ses02M_impro04_F014;neu;You know and the fact you still here and still cooking, like it's good that you're thinking about it, that you're reconsidering.;neu
Ses02M_impro04_F015;neu;But like, just because you're considering why it's been so difficult doesn't mean you should just stop.;neu
Ses02M_impro04_M020;fru;I mean, I don't know, I don't see - I don't see any other way - any other way around it right now.;neu
Ses02M_impro04_F016;neu;Maybe you should take a little break from it, but I don't think you should stop.;neu
Ses02M_impro04_M022;sad;Right. Thanks for talking to me.;hap
Ses02M_impro05_M000;neu;Hi. Um-;neu
Ses02M_impro05_F000;neu;Hi, can I help you?;fea
Ses02M_impro05_M001;neu;It seems that uh- my-my bag didn't make it out on the carousel.;sur
Ses02M_impro05_F001;neu;Oh, did you check? Did you make sure as it went around the second time that it-;neu
Ses02M_impro05_M002;neu;Yes, yes, it's gone around like you know twenty times. It's been about a half hour.;neu
Ses02M_impro05_F002;neu;Okay. Well, um- the f.;ang
Ses02M_impro05_F003;neu;Actually I'm looking here at the information, the flight that you were on we had some trouble with some of the baggage, it looks like a few peoples' bags didn't make it through. Um, so-;neu
Ses02M_impro05_M003;neu;Okay. So what-what do I have to get you know;fea
Ses02M_impro05_F004;neu;Well, you can fill out this paperwork um- and if for some reason it shows up, we can bring it to you, but-;neu
Ses02M_impro05_M004;sur;For some reason, so you think it won't show up?;sur
Ses02M_impro05_F005;neu;Well, sometimes it's just late baggage or misplaced baggage and it comes out but it seems to be here and just I'm reading off of this that;neu
Ses02M_impro05_F006;neu;Uh- it didn't make it into the second plane so it looks like there - they don't actually know what happened to it.;sur
Ses02M_impro05_F007;neu;Um, well, sometimes there is just difficulties with loading on to the plane. Uh- There can be a theft or uh- some sort of you know mishap with a cart or something.;fea
Ses02M_impro05_M006;fru;I really - I really need that bag.;sur
Ses02M_impro05_F008;neu;I- I- I understand, but um.;fea
Ses02M_impro05_F009;neu;Okay;neu
Ses02M_impro05_M008;fru;I mean -- I've been away for a while and- and now I've- I've gifts for- for you know friends and family I mean, I got stuff in the there;hap
Ses02M_impro05_F010;neu;Right.;neu
Ses02M_impro05_F011;neu;I understand that. Um- So I'm going to put down here that you looking for your baggage, but we actually can't, uh this bag is likely not going to show up so what we're going to do-;neu
Ses02M_impro05_M010;fru;Not going to show - well isn't like - wouldn't it just be at the airport, that, like, if it didn't get on the other plane;neu
Ses02M_impro05_M011;fru;can they check there?;neu
Ses02M_impro05_F012;neu;Sometimes it gets stolen, sometimes it gets misplaced on another plane and;ang
Ses02M_impro05_F013;neu;they - they, it gets shipped to somewhere else and then it's stuck somewhere and then we have no way of tracking that.;neu
Ses02M_impro05_F014;neu;So we'll- what we'll do;neu
Ses02M_impro05_M013;ang;But we have the tags on. I mean like it wouldn't you know, if it got stuck somewhere it's like well this is nobodies bag I mean maybe you know look on the tag and;neu
Ses02M_impro05_M014;fru;see where it came from originally. I mean it seems like-;neu
Ses02M_impro05_F015;neu;Right. Like I said sometimes a theft and things happen like that but we are willing to reim-reimburse you.;neu
Ses02M_impro05_F016;neu;Um, so.;neu
Ses02M_impro05_M016;ang;Theft? Don't you know like all these people that are work - you keep like an eye on them, how can they get away with-;ang
Ses02M_impro05_F017;neu;We have very tight security but we -uh- there are times when we just can't uh make sure there aren't absolutely no human error, you know;neu
Ses02M_impro05_F018;neu;I'm sorry there is no guarantee on baggage.;sad
Ses02M_impro05_M017;fru;This is unbelievable. I've got;sur
Ses02M_impro05_M018;ang;you don't realize the stuff that I've got in that - I really need to get the suitcase okay;sur
Ses02M_impro05_F019;neu;I understand, so-;neu
Ses02M_impro05_M019;fru;so if it's back there or something, if there is something you can do;neu
Ses02M_impro05_M020;fru;I need you to tell me because I really need to get the bag, okay?;ang
Ses02M_impro05_F020;neu;all right, We've already checked back here for your baggage;neu
Ses02M_impro05_F021;neu;and we will continue to look for it and because your paper-;neu
Ses02M_impro05_M021;fru;You've already checked? Can you check again? [garbage];dis
Ses02M_impro05_F022;fru;I've already looked, thank you very much and because we've filled out paperwork if it shows up we will send it to you but otherwise what we can do is reimburse you for fifty dollar.;neu
Ses02M_impro05_F023;neu;Well, it's- it's just sort of help with the fact uh that you lost some of your possessions and we rather do that than-;neu
Ses02M_impro05_M023;fru;Uh huh, yea, lost some of my possessions, yes, so if I lost maybe a shoe that was in the suitcase and like a carry-on;neu
Ses02M_impro05_M024;fru;that might be like fifty dollars okay, but this - I- [garbage] I had like thousands of dollars worth of stuff in that suitcase.;neu
Ses02M_impro05_F024;neu;The airline can't afford to give you everything that is in that suitcase. and so-;sad
Ses02M_impro05_M025;ang;The a- what? Talking about a core they can't afford it? I mean-;sur
Ses02M_impro05_F025;neu;Well because lots of people get their baggage lost and we don't want to have false claims or anything like that so we have;neu
Ses02M_impro05_F026;neu;we can give you fifty dollar to sort of make up for it, to compensate, and we can definitely let you know if it shows up but likely, more than likely-;neu
Ses02M_impro05_M026;ang;I mean you're not helping me here. What do I have to do here? Do I need to sue the airline company is that what I should do;ang
Ses02M_impro05_M027;fru;because this is ridiculous?;ang
Ses02M_impro05_F028;fru;I don't believe you should sue the airline company but we do have a policy uh- in which we can reimburse you and that's all we can do and I'm sorry I've done everything I can-;sad
Ses02M_impro05_M028;fru;All right. I'm sick- I'm sick of this all right. I'm sick of you and keep your fifty dollar.;sad
Ses02M_impro05_F029;fru;There's other people waiting-;neu
Ses02M_impro06_M000;sad;Kathy died last night.;sad
Ses02M_impro06_F001;sur;Oh my God. Oh my God, I'm so sorry.;sur
Ses02M_impro06_M001;sad;yeah, I mean, you know, it was a -;neu
Ses02M_impro06_M002;sad;I guess we saw it coming and she lasted a lot - a lot longer than, uh, they expected but you know, I mean when it actually happens it's just a lot harder.;neu
Ses02M_impro06_F002;sad;It doesn't make any easier, yes.;dis
Ses02M_impro06_M003;sad;I mean at least she was home, she wasn't in the hospital anymore,;neu
Ses02M_impro06_F003;sad;Oh, man. I'm so sorry.;sad
Ses02M_impro06_M004;sad;She was with- yeah  She was with Gary, and he said that she was just sitting there and went to sleep, closed her eyes, and that was it.;neu
Ses02M_impro06_F004;sad;It's going to be so rough, I'm sorry.;sad
Ses02M_impro06_M005;sad;Yes. I mean, it's not as rough on me as it is on him but;dis
Ses02M_impro06_M006;sad;God, it's you know, we've spent so much time with them it's just really surreal, really weird that we're not going to be able to see her anymore and go;sur
Ses02M_impro06_F005;sad;Yeah.;neu
Ses02M_impro06_M007;sad;out to- out to dinner you know and do the troops to California, I mean.;neu
Ses02M_impro06_F006;sad;Totally.;dis
Ses02M_impro06_M008;sad;It's just that- I don't know, it's sort it's sort- of a weird thing you know;dis
Ses02M_impro06_F007;sad;Yeah;neu
Ses02M_impro06_M009;sad;not being able to see anyone again, who knows where they really went, you know. I mean, I guess we can just hope that wherever they are now if it's anywhere that it's better I mean.;neu
Ses02M_impro06_F008;sad;Yes. Well, at least you have a lot of good memories.;neu
Ses02M_impro06_M010;sad;She was [garbage];dis
Ses02M_impro06_F009;sad;She really cared about you, you know.;neu
Ses02M_impro06_M011;sad;Yes, I mean she cared about all of us. She was great;neu
Ses02M_impro06_M012;sad;so loving everybody you know.;hap
Ses02M_impro06_F010;sad;And she was;sur
Ses02M_impro06_M013;sad;Gosh, I just hate I just hate to see her go.;ang
Ses02M_impro06_F011;sad;Yeah.;neu
Ses02M_impro06_M014;sad;We were all going take a trip to Europe you know.;neu
Ses02M_impro06_F012;sad;Even if you still do she'll- she'll be there.;neu
Ses02M_impro06_M015;sad;Yes.  [BREATHING] God.;sur
Ses02M_impro06_F013;sad;Are you going to be okay?;ang
Ses02M_impro06_M016;sad;I just -- I just don't get it, like there is just nothing you can do about it you know, it's like just out of your control and it;neu
Ses02M_impro06_M017;sad;just makes it that much harder to deal 'cause as much as you want to, you know, make her better, see her not in any pain, it's like, just I don't know, just has a mind of its own.;neu
Ses02M_impro06_M018;sad;Then she's gone.;neu
Ses02M_impro06_F014;sad;It's going to be okay, I promise.;neu
Ses02M_impro06_M019;sad;Well, you know I appreciate you coming over and talking to me, I mean it definitely helps;hap
Ses02M_impro06_F015;sad;Sure;neu
Ses02M_impro06_M020;sad;to talk to somebody but;dis
Ses02M_impro06_F016;sad;you shouldn't be alone;sad
Ses02M_impro06_M021;sad;It's just going to take a while, I think.;neu
Ses02M_impro06_F017;sad;Yes.;neu
Ses02M_impro06_M022;sad;Ah.;neu
Ses02M_impro06_M023;sad;Thank you.;neu
Ses02M_impro06_F018;sad;Yes.;neu
Ses02M_impro07_F000;exc;Oh, yeah? Have you gotten letters yet?;sur
Ses02M_impro07_F001;exc;Um, I don't know, where?;sur
Ses02M_impro07_M002;exc;U.S.C..;neu
Ses02M_impro07_F002;sur;Oh, U.S.C.? Oh my Gosh, that's awesome, that was your top choice, right?;sur
Ses02M_impro07_F003;exc;Oh my Gosh, that's so cool.;sur
Ses02M_impro07_F004;exc;[LAUGHTER] It's gotta be it, like-;neu
Ses02M_impro07_F005;exc;Oh my Gosh, that's so cool.;sur
Ses02M_impro07_M006;exc;but big packet, big packet is nice;hap
Ses02M_impro07_F006;exc;big packet is gotta be the real thing. yeah;neu
Ses02M_impro07_M007;exc;So it's like, yes, rip it open and there it is big - oh, yes.;neu
Ses02M_impro07_F007;exc;Oh my Gosh. I thought there was like, maybe going to be some, like I don't know if you are going to get in or not, so I'm really glad that you did.;hap
Ses02M_impro07_F008;exc;That's so cool.;hap
Ses02M_impro07_M008;exc;Yeah. I know, I know.;dis
Ses02M_impro07_M009;hap;it was you know I wasn't too sure I mean you know it was kind of last minute for like the application;sur
Ses02M_impro07_M010;hap;and everything like but;neu
Ses02M_impro07_F009;exc;Yeah, totally.;neu
Ses02M_impro07_M011;hap;it was good, yeah. I mean-;hap
Ses02M_impro07_F010;exc;"So you're going to be right here in Los Angeles; that is so cool.";hap
Ses02M_impro07_M013;exc;I'm looking forward to it.;hap
Ses02M_impro07_F011;exc;So can we hang out?;neu
Ses02M_impro07_M014;exc;Hey, yes, you know that's - that's what I'm coming for.;neu
Ses02M_impro07_F012;exc;Yay.;hap
Ses02M_impro07_M015;exc;You're half the reason I'm going. [LAUGHTER];dis
Ses02M_impro07_F013;exc;Oh, yay. Thank you. [LAUGHTER].;hap
Ses02M_impro07_F014;hap;No but that's an awesome school. That's so cool.;hap
Ses02M_impro07_F015;hap;Oh, totally totally.;sur
Ses02M_impro07_M017;exc;You know what I mean, I bet the home games, are just like nuts you know.;neu
Ses02M_impro07_F016;hap;you get to like be a part of that.;hap
Ses02M_impro07_F017;hap;Like you get to be a part of that. Like the, like the- Like a cult.;neu
Ses02M_impro07_M018;exc;What?;sur
Ses02M_impro07_M019;exc;[LAUGHTER] I know. I mean part of-;dis
Ses02M_impro07_F018;hap;[LAUGHTER] like a- like a- [LAUGHTER] No, but I mean like everywhere you go people know who you are.;neu
Ses02M_impro07_M020;exc;Yeah. Right. A cult. I'm looking forward to being in the cult.;neu
Ses02M_impro07_M021;exc;Right I know, like you, it won't hurt, I mean national champions last year, wow, you know;sur
Ses02M_impro07_M022;exc;Maybe we'll do it again this year.;neu
Ses02M_impro07_F019;hap;So you know what you are going to do there?;neu
Ses02M_impro07_M023;hap;What's that? ahh Well, you know I'm I'm thinking um I'm leaning towards like communications;sur
Ses02M_impro07_M024;hap;I-I don't know. Kind of a broad,;neu
Ses02M_impro07_F020;hap;Okay. They have a lot of good schools, right?;neu
Ses02M_impro07_M025;hap;"yeah, I mean a lot-a lot  of good stuff oh, yeah, I mean it's- it's just a really good school; so really, whatever I pick I can't go wrong. I mean I'm just";hap
Ses02M_impro07_M026;hap;I'm looking forward to getting there. I mean, God, the campus is cool, you know it's like all just very confined I mean just you know it's a college campus you know it's like;neu
Ses02M_impro07_F021;hap;Yes, it's intimate.;dis
Ses02M_impro07_F022;exc;I know. It's so cool.;hap
Ses02M_impro07_F023;exc;Fair for you, Wow, oh my Gosh.;sur
Ses02M_impro07_M029;exc;I mean you got to - you got to show me the ropes 'cause I've never been there before so I mean you know your way around already and- [LAUGHTER];neu
Ses02M_impro07_F024;hap;I will do the best I can.;neu
Ses02M_impro07_F025;exc;Well, there are all kinds of awesome secrets so you'll really enjoy it. It's really great. I'm so glad.;hap
Ses02M_impro07_M030;hap;Oh, alright.;neu
Ses02M_impro07_M031;exc;I'm-I'm looking forward to that. [BREATHING] man, So yeah, I think I'm going to come out a little early so I mean I'll give you a call and we'll definitely-;neu
Ses02M_impro07_F026;exc;Yay;hap
Ses02M_impro07_F027;exc;Okay. Yes, totally come visit;neu
Ses02M_impro07_F028;hap;and we'll explore and you going to have such a good time, you're going to fit in so well, it's going to be awesome;hap
Ses02M_impro07_M032;exc;[LAUGHTER] Thanks, yes, thanks, yes That'll be cool.;neu
Ses02M_impro07_F029;hap;So Congratulations. That's awesome.;hap
Ses02M_impro08_M000;neu;All right. Customer service this is Steve.;neu
Ses02M_impro08_F000;exc;Hi. Thank you so much, you're a real person, right, you're not like a recording?;neu
Ses02M_impro08_F001;exc;Okay. Before I get into it, um your menu or whatever like where you choose the different thing depending on the-;neu
Ses02M_impro08_F002;exc;it leads you around in circles, you can't, there is no way to like get to a real person if you don't already know how to get to there.;neu
Ses02M_impro08_M002;neu;Right. No, yes I know. It is-It is a little frustrating.;sad
Ses02M_impro08_F003;fru;So is there any way to like bypass that because that is so, like I've been going around in circles;neu
Ses02M_impro08_F004;fru;like press nine, press zero, press back to the menu, like I can't get through to what I'm supposed to get through to.;neu
Ses02M_impro08_M003;neu;I- I'll give you a little hint, next time if it asks if you're on a rotary phone you know, just stay on the line instead of - instead of hitting one or two to say if you're like on a touch tone;neu
Ses02M_impro08_M004;neu;pretend like your on a rotary phone, goes straight through to a person.;neu
Ses02M_impro08_F005;fru;Okay. Oh, that would just make it so much better, 'cause I cannot handle it's just like oh, my God I can't sit here any longer and talk to this lady with this pleasant voice.;hap
Ses02M_impro08_M005;neu;I know they don't tell you that kind of thing.;neu
Ses02M_impro08_F006;neu;Sorry. Okay. Um-, yes;sad
Ses02M_impro08_F007;neu;Thank you very much. Um  So I have a charge on my credit card that, um, isn't mine.;neu
Ses02M_impro08_F008;neu;Uh, I don't know where it came from and it's actually quite large, and I don't have the money for it so;neu
Ses02M_impro08_F009;fru;it really freaks me out when I got my bill because it was like I don't -- I didn't spend this. This is not my charge.;neu
Ses02M_impro08_M007;neu;Yea. All right. Well, let me-let me look it up here for a second. Uh, so i think;neu
Ses02M_impro08_F010;neu;Okay, it was um- at the [GARBAGE] sorry, it was at a department store, I think it was Macy's or something;neu
Ses02M_impro08_M008;neu;Okay, Alright, yeah. I- I see it on here.;neu
Ses02M_impro08_F011;fru;and it was like something like eight hundred dollars. I don't remember. It was just a lot and I have thing in front of me right now, but-;sur
Ses02M_impro08_M009;neu;All right. Well, you know that's, that's what we have all of our protection plans for and everything like that so I mean it's;neu
Ses02M_impro08_M010;neu;it- it'll work out fine.;neu
Ses02M_impro08_M011;neu;Yes, we'll get- we'll get rid of it right now. I mean just we're going to have to have you, um, submit something you know, we're going to have to have you mail something in for us, okay.;neu
Ses02M_impro08_M012;neu;So- So you can um find that application. You have the Internet, you can go to our website.;neu
Ses02M_impro08_M013;neu;Yeah. Yeah. You get the form right now. and- yeah;neu
Ses02M_impro08_M014;neu;We could mail it to you as well, but-;neu
Ses02M_impro08_M015;neu;Right. You can go online, print it out, and just fill out the form and um- send it to us um- you know,  regarding the grievance and-;ang
Ses02M_impro08_M016;neu;and it'll get taken off um- no problem you know;neu
Ses02M_impro08_F016;fru;'Cause I-I just don't know how someone could have gotten my charge information;sur
Ses02M_impro08_M017;neu;Right. I mean we might;neu
Ses02M_impro08_M018;neu;Okay.;neu
Ses02M_impro08_F018;fea;So is there any- I mean what if they spend something again?;neu
Ses02M_impro08_M019;neu;Uh, I mean have you been shopping around on the Internet and stuff? I mean that you gave-;sur
Ses02M_impro08_F019;neu;I did buy one thing on ebay I don't know that might-;sur
Ses02M_impro08_M020;neu;Uh-ha, I mean usually sites are pretty well protected but sometimes I mean information gets out, so;neu
Ses02M_impro08_M021;neu;so it is a little a little hard in that situation if you want -- you know you can -um- we can- we can issue another credit card.;neu
Ses02M_impro08_F020;sur;Oh, really?;sur
Ses02M_impro08_M022;neu;Yeah, yeah. Maybe we'll, uh-;neu
Ses02M_impro08_M023;neu;it's a different number and everything;neu
Ses02M_impro08_M024;neu;Yeah. yeah.;neu
Ses02M_impro08_M025;neu;Yes, um but  for- for that- for that charge we will need you to send something in but we can get you processed immediately for this, for this, for this new card. It still goes to the same address, right?;neu
Ses02M_impro08_M026;neu;Okay. All right. Then we'll get it sent out there. And;neu
Ses02M_impro08_F023;hap;Great.;hap
Ses02M_impro08_M027;neu;And you know just I mean be careful in the future if um;neu
Ses02M_impro08_F024;hap;Yeah.;neu
Ses02M_impro08_M028;neu;if you're ever online or anything like that I mean just make sure it's a secure site and;neu
Ses02M_impro08_M029;neu;and never you know, give it to anyone out, never even give out your number to any like unreliable company that you haven't heard of or anything like that, all right? Because, um, we want to- we definitely want to help you out, but-;fea
Ses02M_impro08_F025;neu;Right, right.;neu
Ses02M_impro08_F026;neu;Okay, great.;hap
Ses02M_impro08_F027;neu;Yeah, totally.;neu
Ses02M_impro08_M030;neu;you know it gets- it gets difficult you know so Alright.;sad
Ses02M_impro08_F028;hap;Well thank you so much. You've been very helpful. I really appreciate it.;hap
Ses02M_impro08_M031;neu;Alright Yes, I'm sorry for all the inconvenience but we'll get it taken care of.;sad
Ses02M_impro08_F030;hap;Thank you very much bye.;hap
Ses02M_script01_1_M003;sad;I don't know. When it cracked he ran into the house and cried in the kitchen.;dis
Ses02M_script01_1_M004;sad;No. I figured it was best to leave him alone.;neu
Ses02M_script01_1_M005;sad;I could hear him right through the floor in my room.;fea
Ses02M_script01_1_M009;fru;You know that Larry is not coming back and I know it. Why do we allow him to go on thinking that we believe with him?;dis
Ses02M_script01_1_F010;fru;What do you want to do, argue with him?;ang
Ses02M_script01_1_M010;fru;No I don't want to argue with him, but it's about time he realized that nobody believes Larry is alive anymore.;neu
Ses02M_script01_1_M011;fru;Why -- why shouldn't he dream of him? Walk around, waiting for him at night I mean do we contradict him, do we say straight out that we don't have any hope anymore that we haven't had hope for years now?;fea
Ses02M_script01_1_F011;fru;You can't say that to him.;dis
Ses02M_script01_1_M012;ang;We've got to say it to him.;neu
Ses02M_script01_1_F012;fru;Can you prove it, how can you prove it?;ang
Ses02M_script01_1_M013;ang;For God sakes it's been three years, nobody comes back after three years, that's insane.;sur
Ses02M_script01_1_F013;fru;To you it is and to me. You can talk yourself blue in the face but there is no body and no grave so where are you?;neu
Ses02M_script01_1_M015;fru;All right. All right. Listen to me.;ang
Ses02M_script01_1_M016;neu;You know why I brought Annie here don't you?;neu
Ses02M_script01_1_M017;neu;You know.;neu
Ses02M_script01_1_F015;neu;I got an idea but what's the story?;neu
Ses02M_script01_1_M018;neu;I'm going to ask her to marry me.;hap
Ses02M_script01_1_M019;fru;No it's not only my business.;neu
Ses02M_script01_1_F017;fru;"What do you want me to do; you're old enough to know your own mind.";neu
Ses02M_script01_1_M020;fru;So it's all right then I'll go ahead with it?;neu
Ses02M_script01_1_F018;neu;Well, you want to make sure that your father isn't-;neu
Ses02M_script01_1_M021;ang;See it isn't just my business-;neu
Ses02M_script01_1_F019;fru;I'm just saying;neu
Ses02M_script01_1_M023;fru;She's not Larry's girl.;neu
Ses02M_script01_1_F021;neu;From father's point of you he isn't dead and you have no right to take his girl.;neu
Ses02M_script01_1_F022;fru;You can go on from there if you know where to go but I don't know where to go, see I don't know. So what can I do for you?;neu
Ses02M_script01_1_M024;ang;I don't know why but every time I reach out for something that I really want, I have to pull back 'cause someone else will suffer. My whole bloody life, time after time after time.;ang
Ses02M_script01_1_F023;neu;You're a considerate fellow.  There's nothing wrong with that.;neu
Ses02M_script01_1_M025;ang;To hell with that.;ang
Ses02M_script01_1_F024;fru;Have you asked Annie yet?;neu
Ses02M_script01_1_M026;neu;I wanted to get this settled first.;sad
Ses02M_script01_1_F025;neu;How do you know she'll marry you? Maybe she feels the same way your father does.;neu
Ses02M_script01_1_M027;neu;Well, if she does then that's the end of it. From her letters I think she's forgotten him.;neu
Ses02M_script01_1_M028;sad;I don't know, I'll find out. Then we'll trash it out with dad, right? Mom, don't avoid me.;neu
Ses02M_script01_1_F026;ang;Trouble is you don't see enough women, you never did.;sad
Ses02M_script01_1_M029;fru;So what I'm not fast with women.;neu
Ses02M_script01_1_F027;ang;I just don't see why it has to be Annie.;sur
Ses02M_script01_1_M030;fru;Because it is.;neu
Ses02M_script01_1_F028;fru;That's a good answer but it doesn't answer anything. I mean you haven't seen her since you went away to war it's five years.;dis
Ses02M_script01_1_M031;fru;I can't help it I know her best. I mean lived next door to her my whole life. These years when I think of a wife, I think of Annie.;neu
Ses02M_script01_1_F029;fru;I don't want a diagram. He thinks he's coming back. Chris, you marry this girl you're pronouncing him dead.;dis
Ses02M_script01_1_F030;fru;Do you know what's going to happen to your father because I don't, see?;ang
Ses02M_script01_1_M035;sad;If I can't do that here well, then I'll have to get out.;sad
Ses02M_script01_1_F032;ang;What the hell is this?;ang
Ses02M_script01_1_M036;sad;I'll get out. I'll get married and go live some place else, maybe New York.;neu
Ses02M_script01_1_F033;ang;What the hell is this, are you crazy?;ang
Ses02M_script01_1_M037;ang;I've been a good son too long a good sucker, I'm through with it.;sad
Ses02M_script01_1_F034;ang;What about the business? What is this?;sur
Ses02M_script01_1_M038;ang;The business?  The business doesn't inspire me.;sad
Ses02M_script01_1_F035;ang;Must you be inspired?;neu
Ses02M_script01_1_M039;ang;Yes, I like it and hour a day. If I'm going to grub for money all day long, at least in the evening I want it beautiful.;dis
Ses02M_script01_1_F036;ang;Tell me, you'd leave the business?;ang
Ses02M_script01_1_M041;sad;Yes, on this I would.;neu
Ses02M_script01_1_F037;ang;Well, you don't want to think like that.;dis
Ses02M_script01_1_M042;fru;Then help me stay here.;neu
Ses02M_script01_1_M043;fru;I know I know mom. All right. Just help me stay here.;neu
Ses02M_script01_1_F039;fru;Just don't go thinking that way.;ang
Ses02M_script01_1_M044;fru;Well, I am thinking that way.;neu
Ses02M_script01_1_F040;fru;I don't understand you, do I?;sur
Ses02M_script01_1_F041;sad;Yea, I can see that.;neu
Ses02M_script01_2_F000;ang;Why did he invite her here?;sur
Ses02M_script01_2_F001;ang;She's been in New York three and half years why all of a sudden-;sur
Ses02M_script01_2_M001;neu;Well, maybe he just wanted to see her again.;neu
Ses02M_script01_2_F002;ang;Nobody comes seven hundred miles just to see.;neu
Ses02M_script01_2_M002;fru;What do you mean? He lived next door to the girl all his life, why wouldn't he want to see her again?;sur
Ses02M_script01_2_M003;fru;Don't look at me like that, he didn't tell me any more than he told you.;ang
Ses02M_script01_2_F003;ang;He's not going to marry her.;sad
Ses02M_script01_2_M004;neu;How do you know he's even thinking of it?;sur
Ses02M_script01_2_M005;neu;Well, so what?;ang
Ses02M_script01_2_F005;ang;What's going on here Joe?;sur
Ses02M_script01_2_F006;ang;"-She's not his girl Joe; she knows she's not.";neu
Ses02M_script01_2_M007;neu;You can't read her mind.;dis
Ses02M_script01_2_F007;fru;Then why is she still single, I mean New York is full of men, why isn't she married? Probably a hundred people told her she's crazy but she's waited.;sur
Ses02M_script01_2_M008;fru;How do you know why she has waited?;sur
Ses02M_script01_2_F008;fru;She knows what I know, that's why. She's faithful as a rock. In my worst moments I think of her waiting and I know again that I'm right.;dis
Ses02M_script01_2_M009;fru;Look it's a nice day, what are we arguing for?;hap
Ses02M_script01_2_F009;fru;Nobody in this house dares take her faith away Joe. Strangers might, but not his father, not his brother.;ang
Ses02M_script01_2_M010;fru;What do you want me to do about it?;ang
Ses02M_script01_2_F010;ang;I want you to act like he's coming back, both of you. Don't you think I haven't noticed since he invited her, I won't stand for any nonsense;ang
Ses02M_script01_2_M011;fru;But Kate;sur
Ses02M_script01_2_F011;fru;Because if he's not coming back, I'll kill myself. And laugh -- laugh at me but;ang
Ses02M_script01_2_M012;fru;Calm yourself.;neu
Ses02M_script01_2_F013;sad;"I need you to believe with me; I can't stand all alone.";fea
Ses02M_script01_2_M013;fru;Calm yourself.;neu
Ses02M_script01_2_F014;fru;Even last week there was a man who showed up in Detroit missing longer than Larry, you read it yourself.;neu
Ses02M_script01_2_M014;fru;All right. All right. Calm yourself.;neu
Ses02M_script01_2_F015;fru;Just you above all need to believe.;neu
Ses02M_script01_2_F016;fru;Don't stop believing.;ang
Ses02M_script01_2_M016;ang;What does that mean, me above all?;sur
Ses02M_script01_2_M017;ang;Look at you -- look at you shaking.;fea
Ses02M_script01_2_F017;fru;I can't help it.;sad
Ses02M_script01_2_M018;fru;What have I got to hide? What the hell is the matter with you, Kate?;ang
Ses02M_script01_3_M000;hap;I know, it went out of style, didn't it?;neu
Ses02M_script01_3_F001;hap;It's all right.  It's a good thing.;hap
Ses02M_script01_3_F002;hap;You know, it's lovely here, the air is sweet.;hap
Ses02M_script01_3_F003;hap;No, not sorry.  But, um. But I'm not gonna stay.;sad
Ses02M_script01_3_M004;sur;What?;sur
Ses02M_script01_3_M005;fru;The trouble is, I planned on sort of sneaking up on you on a period of a week or so.  But they take it for granted that we're all set.;neu
Ses02M_script01_3_F007;hap;I knew they would, your mother anyway.;neu
Ses02M_script01_3_F008;neu;Well, from her point of view, why else would I come?;neu
Ses02M_script01_3_F009;hap;I guess this is why I came.;neu
Ses02M_script01_3_M010;exc;I'm embarrassing you and I didn't want to tell it to you here.  I wanted some place we'd never been before.  A place where we'd be brand new to each other.;sad
Ses02M_script01_3_M013;sur;Why didn't you?;sur
Ses02M_script01_3_F012;hap;Well, you started to write me;neu
Ses02M_script01_3_M014;exc;You felt something that far back?;sur
Ses02M_script01_3_F013;hap;Every day since.;neu
Ses02M_script01_3_M015;exc;Ann, why didn't you let me know?;sur
Ses02M_script01_3_M020;sad;Let's drive someplace.  I want to be alone with you.;sad
Ses02M_script01_3_M021;sad;No.  Nothing like that.;neu
Ses02M_script01_3_F019;sad;Well, what's wrong?  I mean, even in your letters there was some--something ashamed.;dis
Ses02M_script01_3_M022;sad;Yeah, I suppose I have been.  But it's going from me.;neu
Ses02M_script01_3_F021;sad;It wouldn't work this way.;neu
Ses02M_script01_3_M025;sad;Well, I lost them.;sad
Ses02M_script01_3_M026;sad;Just about all.;neu
Ses02M_script01_3_M027;sad;It takes some time for a guy to toss that off.  'Cause they weren't just men.;neu
Ses02M_script01_3_M028;sad;For instance, this one time, it had been raining several days and this kid came to me and gave me his last pair of dry socks.  I put them in pocket.  It's only a little thing, but those are the kind of guys I had.;neu
Ses02M_script01_3_M029;sad;They didn't die, they killed themselves for each other.  I mean that exactly.  I mean, a little more selfish and they'd have been here today.;ang
Ses02M_script01_3_M030;sad;I got this idea watching 'em go down.  Everything was being destroyed, see, but it seemed that one new thing was made.  A sort of responsibility.  Man for man. You know what I mean?;dis
Ses02M_script01_3_M031;sad;To show that, to bring that onto the Earth again, like some kind of monument and everyone can feel it standing behind him and it would make a difference to him.;neu
Ses02M_script01_3_M032;sad;Then I came back and it was incredible.  There was no meaning in it here. I mean, the whole thing to them seemed like it's sort of a bus accident.  I went to work with Dad and that rat race again.;sur
Ses02M_script01_3_M033;sad;And I felt what you said, ashamed somehow 'cause nobody had changed at all.  It seemed to make suckers out of a lot of guys.  I felt wrong to be alive to open the new bank book, drive the new car, see the new refrigerator.;sad
Ses02M_script01_3_M034;sad;I mean, you can take those things out of a war, but when you drive that car, you've gotta realize that it came out of the love a man can have for a man.  You've gotta be a little better because of it.;neu
Ses02M_script01_3_M035;sad;Otherwise all you have is really loot and there's blood on it.  And I didn't want to take any of that.  And I guess that included you.;neu
Ses02M_script01_3_F025;sad;Do you still feel that way?;neu
Ses02M_script01_3_M036;neu;I want you now Annie.;neu
Ses02M_script01_3_F026;sad;'Cause you mustn't feel that way.  Because you have a right to everything you have, Chris.  Everything, you understand that?  Me too.;neu
Ses02M_script01_3_F027;sad;I mean, and your money, there's- there's nothing wrong with your money.  I mean, your father put hundreds of planes in the air.  A man should be paid for that.;ang
Ses02M_script01_3_F028;hap;What'll I do with a fortune?;ang
Ses02M_script02_1_M000;exc;What time is it? They're supposed to run around midnight.;sur
Ses02M_script02_1_M001;exc;God, this great, isn't it? Like look at the night we go here, it couldn't be better.;sur
Ses02M_script02_1_M003;exc;How you doing?;sur
Ses02M_script02_1_F000;neu;Fine.;ang
Ses02M_script02_1_M004;exc;Is that -- is that, no? Was that just foam? I can't even tell.;sur
Ses02M_script02_1_M005;exc;Although, I guess you can't tell it probably isn't them. Probably be unmistakable don't you think?;neu
Ses02M_script02_1_M006;exc;How you doing? You know what I forgot? I forgot to bring my flashlight. How - how could I forget to bring my flashlight? How could I be so stupid?;sur
Ses02M_script02_1_F001;neu;What flashlight?;sur
Ses02M_script02_1_M007;fru;You know the flashlight, the silver one, there is only one, isn't there?;sur
Ses02M_script02_1_F002;fru;That's not your flashlight.;neu
Ses02M_script02_1_M008;fru;Who's is it?;sur
Ses02M_script02_1_F003;fru;"It's ours; it's mine too.";neu
Ses02M_script02_1_F004;fru;But you kept saying my flashlight as if somehow it's just yours. I mean how is it supposed to make me feel?;sur
Ses02M_script02_1_F005;neu;Yea.;dis
Ses02M_script02_1_M013;exc;You cold, you want my jacket? We should've - we should've brought our blanket, our blanket, how could we forget to bring the blanket?;ang
Ses02M_script02_1_M014;exc;Oh, a six-pack, that's, should've brought a -- a six-pack be just the ticket right now. How could I forget,;sur
Ses02M_script02_1_M015;exc;oh man. Like a kid, it's amazing I got out of the house with my fly zipped.;sur
Ses02M_script02_1_M016;exc;You think they can hear us talk or feel the vibrations in the sand when we move around?;neu
Ses02M_script02_1_F006;neu;I'm cold.;sad
Ses02M_script02_1_F007;fru;It's after eleven. Let's just go home.;neu
Ses02M_script02_1_M018;fru;Are you kidding, we'd miss it. We, we just got here. What's the point in coming down here if we just turn around and go home?;ang
Ses02M_script02_1_F008;fru;There is no point in coming down here.;neu
Ses02M_script02_1_F009;fru;That's my point.;neu
Ses02M_script02_1_F010;fru;So let's go.;neu
Ses02M_script02_1_F011;neu;Not particularly.;neu
Ses02M_script02_1_M022;sur;Why not?;neu
Ses02M_script02_1_F012;fru;I don't, it's just stupid.;ang
Ses02M_script02_1_M023;exc;Honey, this is a natural phenomenon. I mean it only happens once a year.;neu
Ses02M_script02_1_M024;exc;Think about the people in Kansas, they- they'd have to get a plane ticket and hotel reservations to see this. We live forty minutes away it's too good to pass up.;neu
Ses02M_script02_1_F013;fru;Pass up what? These little fish swim onto the beach flop around and swim away, and then they die.;neu
Ses02M_script02_1_M025;exc;Yea, but that moment on the beach is the highlight of their little lives. I mean all that flopping is laying eggs or what do you, mating or spotting or something like that.;neu
Ses02M_script02_1_M026;exc;This is a big night for these guys, life's last orgy.;neu
Ses02M_script02_1_F014;fru;What are you so excited about? I mean it's not a moon landing we're talking about here it's fish. It's a fish nobody even eats.;sur
Ses02M_script02_1_M027;fru;Yes they do.;neu
Ses02M_script02_1_F015;fru;Augie;neu
Ses02M_script02_1_M028;exc;Okay. But it's fish that do something none of the other fish do. Like the swallows returning to Capistrano, or the Lemmings throwing themselves off the cliffs;neu
Ses02M_script02_1_M029;exc;you know there is like, there is a certain mystery here, a magic, a bit of the unexplainable. I don't see how you cannot be interested.;sur
Ses02M_script02_1_F016;sad;I'm just not.;neu
Ses02M_script02_1_M030;sur;For real?;sur
Ses02M_script02_1_F017;neu;Yes.;neu
Ses02M_script02_1_M032;fru;And then last year I remember specifically you were so excited that you stubbed your toe on the way pushing me out of the house, and you didn't even notice until we got in the car.;sur
Ses02M_script02_1_F018;ang;Last year you'll also remember our shoes got wet, I got sand in my panties, you got a sore throat, we got into a big fight over nothing, and we didn't see the Grunions.;dis
Ses02M_script02_1_F019;fru;We didn't see them the first time either.;sur
Ses02M_script02_1_M034;fru;"We just weren't in a good spot; this is a much better spot. I've got good instincts for these things.";neu
Ses02M_script02_1_M035;exc;There is that, oh no that's just seaweed, isn't it?;dis
Ses02M_script02_1_M036;exc;This is, this is great, isn't it? I wouldn't miss this for anything. Now listen to this, I know you're not interested but just listen.;neu
Ses02M_script02_1_M037;exc;Out there somewhere there is this huge mass of silver fish headed this way,;neu
Ses02M_script02_1_M038;exc;"they don't why, we don't know why. They didn't take a vote or anything; they didn't get a map or an invitation.";sur
Ses02M_script02_1_M039;exc;Just all as one. This little time sensitive firecracker, instinctual firecracker in their body just went off and all as one they turned and formed a line as long the California coast and started swimming. They're swimming right now as if that's the only thing that matters.;neu
Ses02M_script02_1_M040;exc;It's single mindedness, with no mind, it's urgency that's pure urge, they don't know what drives them. They don't ask it a name or ask it a question,;neu
Ses02M_script02_1_M041;exc;they just turn as one and start the swim and brings them right here to this spot where we stand, for a massive celebration of sex and death.;neu
Ses02M_script02_1_M042;exc;"Look at me; I'm giving myself goose bumps all my hairs are popping up.";ang
Ses02M_script02_1_F020;neu;That's the wind.;neu
Ses02M_script02_1_F021;neu;About what?;sur
Ses02M_script02_1_F022;fru;It's ridiculous.;dis
Ses02M_script02_2_M000;neu;So what do you think?;neu
Ses02M_script02_2_M001;neu;What I was saying.;neu
Ses02M_script02_2_F001;fru;It's ridiculous.;dis
Ses02M_script02_2_M002;neu;Certainly it's not. Slightly exaggerated scientific fact.;neu
Ses02M_script02_2_M005;fru;Carla, can I ask you something? Don't take this wrong but are you having your period?;neu
Ses02M_script02_2_F005;ang;Goddamn it Augie don't ask me that. I hate it when you ask me that. You always ask me that. It's insulting.;ang
Ses02M_script02_2_M006;fru;Well, what's bugging you?;ang
Ses02M_script02_2_F006;ang;We just have different ideas of what this evening is supposed to look like.;neu
Ses02M_script02_2_M007;fru;There is nothing to it, we come here, the Grunion arrive, then do their little fish business, we go oh ah look, they go home, we go home.;neu
Ses02M_script02_2_F007;fru;For heavens sake we are not going to see the Grunions.;neu
Ses02M_script02_2_M008;fru;Why not?;neu
Ses02M_script02_2_F008;fru;We never do, do we? I mean have we ever?;sur
Ses02M_script02_2_M009;fru;"We've missed them twice; that's not ever.";neu
Ses02M_script02_2_F009;fru;Twice is every time we've tried, that's ever.;neu
Ses02M_script02_2_M010;neu;Well, we'll see them this year.;neu
Ses02M_script02_2_F010;fru;"No we won't; it's pointless. It's like waiting up to see Santa Claus,";dis
Ses02M_script02_2_F011;ang;I mean I feel like my whole life is going to be spent standing on the beach waiting for the fish to show up with my eyes open and my hands clasped expectantly and the fish won't show up.;hap
Ses02M_script02_2_M011;fru;I thought you wanted to see them.;neu
Ses02M_script02_2_F012;fru;You don't understand anything I'm saying.;ang
Ses02M_script02_2_M012;fru;No of course not.;neu
Ses02M_script02_2_F013;ang;I did want to see them, I always do. I mean I keep thinking that this is going to be the time and it never is.;neu
Ses02M_script02_2_F014;fru;For heavens sake this isn't about fish.;neu
Ses02M_script02_2_M014;fru;All right. I've been trying to work this backwards but I cannot seem to pinpoint the moment that we took a turn for the worst.;dis
Ses02M_script02_2_M015;neu;You were fine during the phone call from Marge, dinner was okay, doing the dishes was no problem, let's see, I took a shower, you watched the news, you said;neu
Ses02M_script02_2_M016;neu;"""the Grunion are running tonight,"" I said ""great, let's go, I feel lucky,""";hap
Ses02M_script02_2_M017;neu;okay so I'm getting on my jacket and putting out the animals, getting the car out of the garage-;neu
Ses02M_script02_2_F015;sad;Do you remember the first time we came to see it? It was about four years ago right after we got married.;neu
Ses02M_script02_2_F016;sad;We thought I was pregnant and we opened a bottle of champagne but no glasses, you asked me to dance, we kicked off our shoes and you popped the cork.;dis
Ses02M_script02_2_F017;sad;And when we were dancing you said the softest most intimate things to me right into my ears so I could feel them as much as hear them;neu
Ses02M_script02_2_F018;sad;and I remember thinking that this is it you know. At last, at last I am as happy as I am supposed to be;hap
Ses02M_script02_2_F019;sad;Just dancing barefoot in the sand, drinking champagne out of the bottle.;dis
Ses02M_script02_2_M019;exc;It was in the car, right? Driving past the Knickerbocker Liquor Locker you said, let's get some champagne and I said times are wasting or something like that, right?;neu
Ses02M_script02_2_M020;exc;"Of course, I see it now; you want this to be like that other time, right? That's it, right?";neu
Ses02M_script02_2_F020;sad;I'd rather not remember some things. I would rather not hope for some things.;neu
Ses02M_script02_2_M021;neu;Yea. Okay, sure, no. I see. Listen, you want to dance?;dis
Ses02M_script02_2_F021;sad;No.;neu
Ses02M_script02_2_M022;neu;You want to go get some champagne?;sur
Ses02M_script02_2_F022;sad;No.;neu
Ses02M_script02_2_M023;neu;Take off our shoes?;sur
Ses02M_script02_2_M025;neu;Get married again?;sur
Ses02M_script02_2_F025;fru;No.;neu
Ses02M_script02_2_M026;fru;What? What? You want a divorce?;sur
Ses02M_script02_2_F026;fru;No.;neu
Ses02M_script02_2_M027;fru;A vacation?;sur
Ses02M_script02_2_F027;fru;No.;neu
Ses02M_script02_2_M028;fru;A new carpet? A poodle, a ice cream, backrub, a suicide pact, what, what Carla, what the hell do you want?;sur
Ses02M_script02_2_F028;fru;I want something to turn out the way that it supposed to.;neu
Ses02M_script02_2_M029;ang;Well welcome to the human race, all right. Do you think this is what I had in mind when I proposed? You think I had this great fantasy going that four years down the road we'd come to the beach and yell at each other over fish?;neu
Ses02M_script02_2_M031;fru;No, no, just like you I thought it was going to be all like peaches and roses and sand in our toes, and wind in our hair, and the fish will always come and the bills will pay themselves and we'll have three, fat, rosy kids and ha-ha baby the joke is on us;hap
Ses02M_script02_2_M032;fru;'cause you know what you get Carla, you know what you get? This.;neu
Ses02M_script02_2_F029;fru;This? What, what is this? This isn't even anything.;sur
Ses02M_script02_2_F030;fru;I'm sure, this is standing on the beach, this is waiting, this is fighting.;neu
Ses02M_script02_2_F031;sad;Well, but this isn't anything like I thought anything would be like.;neu
Ses02M_script02_2_M035;sad;No, I know. Me neither.;neu
Ses02M_script02_2_F032;fru;I mean it's -- this is just this. I mean it includes a lot and everything but isn't something else. Do you have any idea what I'm trying to say?;neu
Ses02M_script02_2_F034;sad;I know that you meant this to be special and nice, and there's the sand and the moon and everything but I just couldn't help thinking about being somewhere else.;sur
Ses02M_script02_2_M037;sad;Maybe if you were with somebody else too.;neu
Ses02M_script02_2_M038;sad;No, I know. But still, I know I don't make you happy.;sad
Ses02M_script02_2_F037;hap;Don't be ridiculous. I mean don't you know that?;ang
Ses02M_script02_2_F038;sad;You're the one who probably wishes he was with someone else, someone who knew how to enjoy herself and didn't take everything so hard.;neu
Ses02M_script02_2_M040;hap;Now that you mention it. No, I don't.;ang
Ses02M_script02_2_M041;hap;I don't know it seemed like a pretty good spot to me. Look at the moon - view the moon view I got from here.;sur
Ses02M_script02_2_M042;hap;What have we got here?;sur
Ses02M_script02_2_F042;hap;Well, I guess we don't need glasses.;neu
Ses02M_script02_2_F044;sad;Augie, I'm sorry.;sad
Ses02M_script02_2_M045;hap;Shh, if we're very quiet the fish might come.;neu
Ses02M_script02_2_F045;hap;Or not.;neu
Ses02M_script02_2_M046;hap;Or not.;neu
Ses02M_script02_2_F046;neu;Hmm.;neu
Ses02M_script03_1_M000;fea;Good God.;sur
Ses02M_script03_1_M002;fea;Must be them then.;neu
Ses02M_script03_1_F002;exc;What are we going to do?;sur
Ses02M_script03_1_M003;fea;We're all right darling, aren't we whatever happens?;neu
Ses02M_script03_1_F003;hap;Now and always sweet.;neu
Ses02M_script03_1_M005;exc;Hello? Hello? What? Wrong number.;sur
Ses02M_script03_1_F005;exc;Oh. It sends shivers down my spine.;fea
Ses02M_script03_1_M006;fea;What do we do if they suddenly walk in on us?;sur
Ses02M_script03_1_F006;hap;Behave exquisitely.;neu
Ses02M_script03_1_M007;hap;With the most perfect poise.;neu
Ses02M_script03_1_F007;hap;Yes, I should probably to a court curtsey.;neu
Ses02M_script03_1_M008;hap;Things that ought to matter dreadfully don't matter at all when one's is happy, do they?;fea
Ses02M_script03_1_M009;sad;Oh darling don't say that.;neu
Ses02M_script03_1_M010;hap;Meaning that sacred and beautiful thing love?;neu
Ses02M_script03_1_M011;hap;What does it all mean that's what I ask- that's what I ask myself in my ceaseless quest for ultimate truth?  Good God what does it all mean?;sur
Ses02M_script03_1_M012;exc;You mustn't be serious my dear one, that's just what they want.;ang
Ses02M_script03_1_F012;exc;Who's they?;sur
Ses02M_script03_1_M014;exc;flippancy brings out the acid in their damned sweetness in light.;neu
Ses02M_script03_1_M015;exc;Certainly you must, we figures of fun all right.;hap
Ses02M_script03_1_M016;sad;No, that desire will fade along with our passion.;sad
Ses02M_script03_1_F015;sad;Oh dear, should we like that?;sur
Ses02M_script03_1_F016;fea;Well, what happens if one of us dies, does the one that's left still laugh?;neu
Ses02M_script03_1_M018;exc;Yes, yes, with all his might.;neu
Ses02M_script03_1_M019;exc;No, no it isn't, death is very laughable, such a cunning little mystery, all done with mirrors.;dis
Ses02M_script03_1_M020;exc;So is everyone else in the long run.;neu
Ses02M_script03_1_M021;exc;Let's be superficial and pity the poor philosophers, let's blow our trumpets and squeakers and enjoy the party as much as we can. Like quite idiotic, very small, school children. Let's savor the delight of the moment.;hap
Ses02M_script03_1_M022;exc;Come kiss me darling before your body rots and worms pop in and out of your eye sockets.;dis
Ses02M_script03_1_M024;hap;You remember that awful scene we had in Venice?;fea
Ses02M_script03_1_F021;hap;Which particular one?;neu
Ses02M_script03_1_F022;hap;Oh Charles, that was his name Charles. It did wiggle so beautifully.;neu
Ses02M_script03_1_F023;hap;"I know you did. You threw it out of the window into the Grand Canal; I don't think I'll ever forgive you for that.";dis
Ses02M_script03_1_F024;hap;It went on intermittently for days.;neu
Ses02M_script03_1_F025;hap;It burned my comb too and all the towels in the bathroom.;dis
Ses02M_script03_1_M029;hap;That was a rouser, wasn't it?;dis
Ses02M_script03_1_F027;hap;The manager came in and found us rolling around on the floor biting and scratching like panthers.;dis
Ses02M_script03_1_M031;hap;I'll never forget his face.;neu
Ses02M_script03_1_F028;hap;Oh it was ridiculous, completely ridiculous.;dis
Ses02M_script03_1_F029;hap;And very much sillier.;hap
Ses02M_script03_2_M000;neu;As a matter of fact, the real cause of that row was Peter Burden.;neu
Ses02M_script03_2_F000;exc;You knew there was nothing in that.;sur
Ses02M_script03_2_M001;ang;I knew nothing of the sort. You took presents from him.;dis
Ses02M_script03_2_F001;exc;Presents, just a trivial little broach.;neu
Ses02M_script03_2_F002;neu;No it wasn't. It was very pretty I still have it and I wear it often.;neu
Ses02M_script03_2_M003;ang;You went out of your way to torture me over Peter Burden.;ang
Ses02M_script03_2_F003;neu;No I didn't, you worked the whole thing up in your jealous imagination.;ang
Ses02M_script03_2_M005;ang;"You let him kiss you; you said you did.";neu
Ses02M_script03_2_F005;neu;What of it?;sur
Ses02M_script03_2_F006;neu;It gave him a lot of pleasure, it didn't hurt me any.;hap
Ses02M_script03_2_M007;ang;What about me?;fea
Ses02M_script03_2_F007;neu;Well, if you hadn't been so nosey and suspicious you never wouldn't have known anything about it.;neu
Ses02M_script03_2_F008;fru;I'm bored of this conversation.;sad
Ses02M_script03_2_F009;neu;No thanks.;dis
Ses02M_script03_2_M010;neu;I have a little I think.;neu
Ses02M_script03_2_M011;neu;No particular reason. Anyhow, they are very small ones.;neu
Ses02M_script03_2_F011;neu;It just seems so silly to go on and on and on with such a thing.;dis
Ses02M_script03_2_M012;neu;You can hardly call three liquor glasses in a whole evening going on and on and on.;neu
Ses02M_script03_2_F012;neu;Well, it's become a habit with you.;neu
Ses02M_script03_2_F014;ang;What?;sur
Ses02M_script03_2_M015;fru;Nothing.;neu
Ses02M_script03_2_F015;neu;No I'm just making myself fascinating for you.;neu
Ses02M_script03_2_M016;neu;Going out somewhere, dear?;neu
Ses02M_script03_2_M018;neu;As a matter of fact, that's perfectly true.;neu
Ses02M_script03_2_F018;fru;Oh, no it isn't.;neu
Ses02M_script03_2_F019;ang;Be quiet.;neu
Ses02M_script03_2_M021;fru;Snap, snap, snap, like a little adder.;ang
Ses02M_script03_2_M022;fru;Oh nonsense they have a little bag of venom behind their fangs and they snap.;ang
Ses02M_script03_2_M023;fru;They snap.;ang
Ses02M_script03_2_F023;ang;I don't care. Do you understand? I don't care. I don't care if they bark or roll about like hoops.;ang
Ses02M_script03_2_M024;neu;Tell me, did you see much of Peter Burden after our divorce?;neu
Ses02M_script03_2_F024;neu;Yes, I did quite a lot.;neu
Ses02M_script03_2_M026;ang;What riotous time you must have had.;ang
Ses02M_script03_2_M027;ang;No restraint at all, very enjoyable, never had much anyhow.;hap
Ses02M_script03_2_F028;ang;Oh be quiet.;sad
Ses02M_script03_2_M031;ang;We can get a good little debate going about that, don't you think? Intemperate tots.;ang
Ses02M_script03_2_M032;neu;All right. I will.;neu
Ses02M_script03_2_M033;neu;Better turn that off I think.;neu
Ses02M_script03_2_M037;fru;I'll do no such thing.;ang
Ses02M_script03_2_F034;fru;Very well, if you insist on being boorish and idiotic.;neu
Ses02M_script03_2_F035;ang;You are far too temperamental. Try to control yourself.;ang
Ses02M_script03_2_M039;ang;Turn it off.;neu
Ses02M_script03_2_F036;ang;Stop it. Stop it. I hate you.;ang
Ses02M_script03_2_M040;ang;Amanda, listen. Listen.;neu
Ses02M_script03_2_F037;ang;Listen indeed. I'm sick and tired of listening to you, damn sadistic bully.;fea
Ses02M_script03_2_M041;ang;Very amusing indeed.;hap
Ses02M_script03_2_F038;ang;Stop it. Stop it. I hate you, do you hear? You're overbearing and conceited and utterly impossible.;ang
Ses02M_script03_2_M042;ang;You're a vile tempered, loose living, wicked little beast and I hope I never see you again as long as I live.;dis
Ses02M_script03_2_F039;ang;This is the end, do you hear? The end finally and forever.;neu
Ses02M_script03_2_M043;ang;You're not going like this.;dis
Ses02M_script03_2_F040;ang;Oh yes I am.;neu
Ses02M_script03_2_M044;ang;You're not.;neu
Ses02M_script03_2_F041;ang;Yes, I am. Let go of me you're cruel fiend and I hate and loathe you. Thank God I realized who you really are before I would ever, ever marry you again. I would never marry you again. I'd rather die in torment.;ang
Ses02M_script03_2_M045;ang;Shut up.;ang
Ses02M_script03_2_M046;ang;Shut up.;ang
Ses02M_script03_2_M047;ang;I wouldn't marry you again if you came to me on your bended knees. You're a evil minded little vampire. I hope to God I never see you again as long as I live.;ang
Ses02M_script03_2_F042;ang;You're a beast. I hate you. Stop it. Stop it.;ang
Ses03F_impro01_M001;neu;Oh, um-;neu
Ses03F_impro01_F002;neu;What's wrong?;ang
Ses03F_impro01_M002;neu;You didn't fill this out right. All right. It says that you have to fill out the back sheet of this, but you filled out the yellow sheet of it.;neu
Ses03F_impro01_F003;fru;No, no, no, no, no, no. The lady over there, she told me to fill out the front and she said to wait in this line.;dis
Ses03F_impro01_M003;neu;Who?;sur
Ses03F_impro01_F004;fru;I don't know. Some lady. Sonya or something.;neu
Ses03F_impro01_M004;neu;She- she probably doesn't even work here.;neu
Ses03F_impro01_F005;fru;Excuse me? No, no. I waited in the line over there..;dis
Ses03F_impro01_M005;neu;All right  Uh-;neu
Ses03F_impro01_F006;fru;and she told me to come over here and she said to fill out everything on the application and I did that.;neu
Ses03F_impro01_M006;fru;It's not right.;dis
Ses03F_impro01_F007;fru;Look, I-- No, no, no, I--you don't understand. I have to go back to work.;ang
Ses03F_impro01_M007;fru;You just take--all right.;neu
Ses03F_impro01_M008;fru;Well, you didn't fill this paper at work out right and it's going to take another fifteen minutes to do it and look at how long the line we got here so just-;neu
Ses03F_impro01_F008;fru;I am not-;neu
Ses03F_impro01_M009;fru;okay, just go back and fill it out real quick and I'm sorry, you have to get back in line and wait. I can't let you cut.;neu
Ses03F_impro01_F009;fru;But you don't understand. I cannot get back in line because I have to go back to work. I will get fired if I don't leave here.;ang
Ses03F_impro01_F011;fru;[LAUGHTER];neu
Ses03F_impro02_F000;neu;How's it going, babe?;neu
Ses03F_impro02_F001;neu;Yeah?;sur
Ses03F_impro02_M000;neu;All right.;neu
Ses03F_impro02_M001;hap;She's doing fine. She just took her first steps today actually. I videotaped it for you so you can watch it.;neu
Ses03F_impro02_F005;exc;oh.;neu
Ses03F_impro02_F007;exc;Well umm- actually they--I was promoted.;sur
Ses03F_impro02_F008;sad;And Uh- Yeah. Uh- They're going to need um- more nurses on call for uh- to go overseas to help out with the war.;neu
Ses03F_impro02_F010;sad;yeah.;neu
Ses03F_impro02_M004;sur;when?;sur
Ses03F_impro02_F011;sad;It's going- It's going to be probably in about three weeks.;neu
Ses03F_impro02_M005;sur;What? You can't do that. Three weeks?;sur
Ses03F_impro02_F012;sad;yeah;neu
Ses03F_impro02_M006;fru;God, we're supposed to take a look at a house next week.;sur
Ses03F_impro02_F014;fru;Maybe we can still do that;neu
Ses03F_impro02_M007;ang;I can't- No, I can't do this alone.;fea
Ses03F_impro02_F015;sad;Yeah, and uh--;neu
Ses03F_impro02_F016;fru;I know, but look, I have to take this. I mean, if I don't, I mean, I could get fired.;ang
Ses03F_impro02_F017;fru;And we know you need-we need the money. We couldn't even- purchase a house if I didn't take this.;neu
Ses03F_impro02_M009;fru;God.;sur
Ses03F_impro02_M010;fru;You know what happened to my cousin. She went and she never came back.;ang
Ses03F_impro02_F018;sad;Honey, I'm going to come back. It's not like that.;neu
Ses03F_impro02_F019;sad;But it- it is for a year.;neu
Ses03F_impro02_M011;fru;Oh;neu
Ses03F_impro02_F020;sad;Babe, I'm sorry. But I don't want to do.;sad
Ses03F_impro02_M012;fru;I can't-;sad
Ses03F_impro02_F021;sad;You know as much as -as much as me that I-I want to stay here with you and Amy so bad, but I can't.;sad
Ses03F_impro02_F022;fru;But you're so good with her. You know, she knows you better than she knows me 'cause I'm at work every day.;neu
Ses03F_impro02_M014;sad;I have to work.;sad
Ses03F_impro02_M015;fru;[BREATHING];dis
Ses03F_impro02_F023;sad;Babe, I love you.;hap
Ses03F_impro02_M016;sad;You can't leave your daughter alone like this.;ang
Ses03F_impro02_F024;sad;But she has you. I mean, that's what you're there for. You're my right-hand man.;neu
Ses03F_impro02_F025;sad;It's going to be okay.;neu
Ses03F_impro02_M017;sad;You can't postpone it?;ang
Ses03F_impro02_F026;sad;No, I have to go.;sad
Ses03F_impro02_F027;sad;Wait, you can write me and as you know, send me pictures.;neu
Ses03F_impro02_M018;sad;I don't know if I can handle you going another year.;neu
Ses03F_impro02_F028;sad;What do you mean?;sur
Ses03F_impro02_M019;sad;I don't know if I- if I could take it.;fea
Ses03F_impro02_F029;sad;Look, I need you to be strong for me. 'Cause I can't be the only one that's strong right now, really, I--;neu
Ses03F_impro02_M020;sad;I can't be that strong. A whole year.;neu
Ses03F_impro02_M021;sad;me, oh my god.;sur
Ses03F_impro02_M022;fru;What if you don't come back?;ang
Ses03F_impro02_F031;sad;and if we survive, if we survive that then babe, you know you know we could survive any--;neu
Ses03F_impro02_F032;sad;I will come back.;neu
Ses03F_impro02_M024;sad;It doesn't look very good.;sad
Ses03F_impro02_F034;sad;we'll have all the money that we ever needed.;neu
Ses03F_impro02_F035;sad;And- And then I'll stop working and- I'll stay home with the baby.;ang
Ses03F_impro02_M025;sad;I don't want the money. I want-you here;ang
Ses03F_impro02_M027;ang;If your life is going to be in danger and this family is going to be in danger we don't need the job. We'll find the money.;fea
Ses03F_impro02_F036;sad;It's all I ever knew how to do. I can't quit now.;sad
Ses03F_impro02_M028;sad;How are we supposed to tell Amy? How's she supposed to understand that?;sur
Ses03F_impro02_F037;sad;Well, we- we tell her mommy's going on va- on a trip for for- a while.;neu
Ses03F_impro02_M029;sad;How is she going to feel the first year in school, no mom.;fea
Ses03F_impro02_F038;sad;Don't do that to me.;fea
Ses03F_impro02_F039;sad;It's hard enough already, Brian, I can't.;sad
Ses03F_impro02_F040;sad;I know.;neu
Ses03F_impro02_F041;sad;I didn't expect this to happen. I never planned for this. Some things you just don't plan for, you know.;sur
Ses03F_impro02_F042;sad;I'm sorry, babe.;sad
Ses03F_impro02_F043;sad;I'm so sorry.;sad
Ses03F_impro02_M031;sad;All right, then.;neu
Ses03F_impro03_M000;exc;Oh, my God, look at that. Huh-oh, how many carats is that?;sur
Ses03F_impro03_M001;exc;Like eighteen? [LAUGHTER];sur
Ses03F_impro03_M002;exc;Oh, Jesus.;sur
Ses03F_impro03_M005;exc;yeah [LAUGHTER];neu
Ses03F_impro03_M006;exc;Yeah, The Lousy Chaperone. [LAUGHTER] Uh huh.;neu
Ses03F_impro03_M007;exc;[LAUGHTER] Uh- Drowsy.;neu
Ses03F_impro03_F004;exc;at the end of the performance, you know, like we're all clapping and stuff. And all of a sudden I look over and;sur
Ses03F_impro03_F005;exc;Joe's gone. -where did he go, you know?;sur
Ses03F_impro03_F006;exc;And I'm like oh, he went to the- -the bathroom, but he didn't tell me, I didn't even notice him leaving. And all of a sudden, I swear to God, I'm sitting there and-;sur
Ses03F_impro03_F007;exc;he comes up onstage-- And the entire cast everyone just like;sur
Ses03F_impro03_M009;sur;oh-;sur
Ses03F_impro03_F008;exc;goes up there and everyone's clapping and he's standing there and they put a spotlight on him.;sur
Ses03F_impro03_M010;exc;Oh, my God.;sur
Ses03F_impro03_F009;exc;And I'm like freaking out. I'm like what the hell's going on, you know. I don't know what's going on. And so he's like standing there and then all of a sudden they give him a microphone-;sur
Ses03F_impro03_F011;exc;he asked me to marry him, like- onstage. I was like, I couldn't believe--and I had to walk up there and I was, like I think I tripped or something.;sur
Ses03F_impro03_F012;exc;Yeah, I said yes, but I, yeah, I mean,;dis
Ses03F_impro03_F013;exc;I don't know- it just like took me, took me by surprise.;sur
Ses03F_impro03_F014;hap;He scored points.;neu
Ses03F_impro03_F015;hap;Oh, yeah. Everyone--yeah. And people--friends of ours were in the audience, I didn't know about, like family members.;dis
Ses03F_impro03_F016;exc;Yeah. It was great.;hap
Ses03F_impro03_F017;exc;It was--I cried,;sad
Ses03F_impro03_M015;hap;No, you deserve to cry. I mean, tears of happiness.;neu
Ses03F_impro03_F018;hap;like a loser, I cried.;sad
Ses03F_impro03_F019;hap;But, I don't know, I--it's so weird to think I'm marrying somebody 'cause I feel so young, you know?;dis
Ses03F_impro03_F020;hap;No. No plans. or any- and probably;sad
Ses03F_impro03_F021;hap;like I think I want to get married--I want to have two weddings. One here, then one in Europe.;sad
Ses03F_impro03_M021;exc;That's awesome. [LAUGHTER] Marriage.;hap
Ses03F_impro03_F024;exc;Yeah. I'm so excited. [LAUGHTER].;hap
Ses03F_impro04_F000;fru;I don't know, Brian, if they uh--it's been three years.;neu
Ses03F_impro04_M000;neu;Hey, you just got to keep on going.;neu
Ses03F_impro04_F001;fru;No, I don't know, I--maybe this isn't for me. You know, maybe this isn't the right business for me.;dis
Ses03F_impro04_M001;neu;No, don't think like that.;dis
Ses03F_impro04_F002;sad;I just, I see all these other people getting commercials and work and it's like I'm not getting anything.;dis
Ses03F_impro04_F003;fru;I have no money behind me. Nothing. I'm twenty five and--;sad
Ses03F_impro04_M002;neu;Russel Crowe wasn't forty until he got his big stuff.;neu
Ses03F_impro04_M003;neu;If you really want to do it-I mean,;neu
Ses03F_impro04_F004;fru;So I'll have to wait twenty five years-;neu
Ses03F_impro04_M004;neu;you got to do.;sad
Ses03F_impro04_F005;fru;-just going and auditioning and auditioning and rejection after refection, it's like--;neu
Ses03F_impro04_M005;neu;You could. You could. We just--;neu
Ses03F_impro04_M006;neu;we're just pooling our funds together.;neu
Ses03F_impro04_F006;fru;I know, I just don't know if I can handle it. I mean, you're helping me so much financially it's like I can't survive on my own without you. I don't like that.;dis
Ses03F_impro04_M007;neu;You don't owe me anything.;ang
Ses03F_impro04_F007;fru;I feel like I'm not doing anything. Like I'm not giving anything into this world.;dis
Ses03F_impro04_M008;neu;You are, you're going to class, you're learning, you're getting better. When you finally get that role you're going to be prepared.;neu
Ses03F_impro04_F008;fru;Yeah, but what if I never make it? What if I studied all my life, this theatre, this acting, and I'm never going to get anywhere. I'm never going to be able to have a job.;fea
Ses03F_impro04_M009;neu;Oh my God, Anna, you're still young. Don't even think about that.;sur
Ses03F_impro04_F009;fru;Time is passing by. Every year it's;neu
Ses03F_impro04_F010;fru;a part left than I can do.;sad
Ses03F_impro04_M010;neu;You're only twenty five, okay? Some people don't start until they're thirty five.;neu
Ses03F_impro04_F011;sur;Really?;sur
Ses03F_impro04_M011;neu;Yeah.;neu
Ses03F_impro04_F012;fru;I don't know, I just [BREATHING] I get frustrated;ang
Ses03F_impro04_M012;neu;What would you do- What would you do if you didn't? You can go to law school.;ang
Ses03F_impro04_F013;fru;That's the thing. I don't know. I don't know anything.;dis
Ses03F_impro04_F014;fru;Law school? Maybe.;neu
Ses03F_impro04_M013;neu;See? So you can't just quit now.;ang
Ses03F_impro04_M014;neu;Have you been going to auditions and stuff?;neu
Ses03F_impro04_F017;fru;Yeah. I mean, I get a call-back and stuff, but-;neu
Ses03F_impro04_F018;fru;I just, I need a break. I need something to break me out.;sad
Ses03F_impro04_M015;neu;How's the job? Still waiting tables at Denny's?;sur
Ses03F_impro04_M016;neu;Well, they tip well.;neu
Ses03F_impro04_F021;fru;[BREATHING] Brian-;fea
Ses03F_impro04_F022;sad;it's not funny. I just don't know what I'm going to do.;sur
Ses03F_impro04_M017;neu;Maybe you could start teaching. I don't know.;neu
Ses03F_impro04_F023;sad;Yeah, I guess I could.;neu
Ses03F_impro04_M018;neu;Go back to school. You know? Another three more years, get your master's.;neu
Ses03F_impro04_F024;sad;Yeah;neu
Ses03F_impro04_M019;neu;Close to thirty. Oof, it's going to be tough.;sur
Ses03F_impro04_F026;fru;[BREATHING];dis
Ses03F_impro05_F000;fru;Look sir, I've been waiting for about an hour and my luggage still hasn't come. What's going on?;sur
Ses03F_impro05_M000;fru;I'm sorry, Mrs. Rosenkrantz, but uh- I don't know what to tell you.;sad
Ses03F_impro05_F001;fru;What do you mean, you don't know what to tell me? I have two luggage that I've been coming--they're coming--from France and I need them here. I'm home now. I need to go start working.;ang
Ses03F_impro05_M001;fru;Did you- Did you check with the lost and found?;sur
Ses03F_impro05_F002;ang;Where? I don't know. The lost and found. What do you mean, lost and found?;sur
Ses03F_impro05_F003;fru;I had my luggage transferred here from Paris to L.A. and now I'm here and I need to be working and I have all my stuff in there.;neu
Ses03F_impro05_M002;fru;Maybe it got lost. Did you think about that, mom?;sur
Ses03F_impro05_F004;fru;Well, that's what I'm asking you. What--I don't know what happened to it.;sur
Ses03F_impro05_M003;neu;"Oh, not--we didn't lose it; maybe the airport lost it. Maybe someone stole it.";neu
Ses03F_impro05_F005;ang;Wait, sir. You're- You're completely not--what do you mean, stole it? How can they just steal it from an airplane? It was up in the air?;sur
Ses03F_impro05_M004;fru;No, I mean, maybe in the little--going around thingy thing where bopper stole it from there.;neu
Ses03F_impro05_F006;fru;Okay. All I know is that I am supposed to have my language here right now. Right now. And it's not there. And you're supposed to help me because you work at the airport. So give me my luggage or tell me where the hell it is.;ang
Ses03F_impro05_M005;fru;Okay. What can we do is we can get your name and information and if it shows up we can send it to you so-- Wherever you stay;neu
Ses03F_impro05_F007;ang;What do you mean, if it shows up? No, I need it now. I have my keys, I have my wallet, I have my money. I have thousands and thousands of dollars worth of stuff in there.;neu
Ses03F_impro05_F008;ang;Not to mention I have my work in there.;neu
Ses03F_impro05_M006;fru;Well, I'll have you fill out some paperwork and see if you can get started on something.;neu
Ses03F_impro05_F009;ang;And what if- what if it is lost? Well, what are you guys going to do for me?;fea
Ses03F_impro05_M008;neu;and when you sign your ticket we could replace about fifteen percent of what's in the bag.;neu
Ses03F_impro05_F010;ang;Fifteen percent?;sur
Ses03F_impro05_M009;neu;Up to a limit of twenty five dollars.;neu
Ses03F_impro05_F011;ang;What? There- There's hundreds of thousands of dollars worth of stuff in there.;sur
Ses03F_impro05_M010;fru;Whoa, maybe you should uh- have thought of a better way to send it than just in a bag, hmm? Did you think about that?;sur
Ses03F_impro05_F012;fru;No, no, no. You don't understand. This is--these are my belongings in the luggage. And I went to Paris.;dis
Ses03F_impro05_F013;fru;Sir, why are you laughing at me? This isn't funny.;sur
Ses03F_impro05_M011;neu;I think that's kind of stupid, that you put a hundred thousands of dollars in the bag.;dis
Ses03F_impro05_M012;fru;Did you lock- Did you lock it even? You probably didn't even lock it.;sur
Ses03F_impro05_F015;ang;No, they said I couldn't lock it.;neu
Ses03F_impro05_F016;ang;Give me--I'm going to talk to your supervisor. Give me your supervisor. I want to talk to your supervisor right now.;fea
Ses03F_impro05_M013;neu;Okay, let me get him.Oh, guess who the supervisor is? It's me.;ang
Ses03F_impro05_M014;neu;What, do you have questions?;sur
Ses03F_impro05_F017;ang;Well, get- I want the C.E.O. then.;neu
Ses03F_impro06_M000;neu;How you doing?;sur
Ses03F_impro06_F000;sad;Okay.;neu
Ses03F_impro06_F001;sad;Yeah. Wow.;sur
Ses03F_impro06_M001;neu;We're all going to miss him.;sad
Ses03F_impro06_F002;sad;Mmm hmm. I never knew it was going to be this hard, you know.;sur
Ses03F_impro06_F003;sad;It's weird 'cause it's like you expected it to happen and eventually-;dis
Ses03F_impro06_F004;sad;he had cancer, you know?;sur
Ses03F_impro06_F005;sad;They thought he got--would get better and he did, and then it just- things turned bad.;sad
Ses03F_impro06_F006;sad;Turned around for the worst, you know.;dis
Ses03F_impro06_M002;sad;I didn't know him, Tricia, but uh- I heard that he was a great man.;sur
Ses03F_impro06_F007;sad;He was amazing.;sur
Ses03F_impro06_F008;sad;I loved that boy.;hap
Ses03F_impro06_F009;sad;We did everything together, you know.;neu
Ses03F_impro06_F010;sad;It's weird, I think. I feel so alone, you know? What am I going to do now? Now that he's gone.;sad
Ses03F_impro06_F011;sad;He's so young. It seems so--;neu
Ses03F_impro06_F012;sad;so wrong in so many ways.;ang
Ses03F_impro06_F013;sad;His poor parents. You know, it's their only son.;dis
Ses03F_impro06_M003;neu;yeah.;neu
Ses03F_impro06_F014;sad;Kind of a whole year. I mean, he suffered with this, this monster, this thing, this disease.;dis
Ses03F_impro06_M004;sad;He was in chemo the whole time, right?;neu
Ses03F_impro06_M005;sad;And he just got that baseball scholarship.;neu
Ses03F_impro06_F015;sad;I know. He was, he had so much going for him.;sur
Ses03F_impro06_F016;sad;So handsome, so young, so gifted.;neu
Ses03F_impro06_F017;sad;So talented.;neu
Ses03F_impro06_F018;sad;Such a sweet person, you know?;hap
Ses03F_impro06_M006;sad;How's his parents doing?;neu
Ses03F_impro06_F019;sad;Not very good.;sad
Ses03F_impro06_F020;sad;Can you imagine, though, you know, as a parent, just losing a kid? Twenty-two years old.;sur
Ses03F_impro06_F021;sad;It's weird, I kind of feel like part of me is gone now, you know?;dis
Ses03F_impro06_F022;sad;Because this other half was just kind of like ripped away.;neu
Ses03F_impro06_M007;sad;You guys were pretty close, weren't you?;sur
Ses03F_impro06_F023;sad;He was like, he was like my brother, you know.;dis
Ses03F_impro06_F024;sad;He was my brother.;neu
Ses03F_impro06_F025;sad;Just seems so unfair, is the way it is.;dis
Ses03F_impro06_F026;sad;You know, he had that really pretty girlfriend for like about a year and-;neu
Ses03F_impro06_M008;sad;What was her name?;neu
Ses03F_impro06_F027;sad;Kelly. Kelly Uveny.;neu
Ses03F_impro06_F028;sad;They talked about getting married and--;neu
Ses03F_impro06_M009;sad;Trying to have a baby.;sad
Ses03F_impro06_F029;sad;Yeah. But then when he got cancer and it got bad, you know, she just took off and-;neu
Ses03F_impro06_F030;sad;so I was there for him.;neu
Ses03F_impro06_M010;sad;Some people.;dis
Ses03F_impro06_M011;sad;Yeah, but you were there all the hospital days. By his bed-;neu
Ses03F_impro06_F031;sad;Yeah. God, I loved that kid.;hap
Ses03F_impro06_M012;sad;So nice, so positive.;hap
Ses03F_impro06_F032;sad;yeah.;neu
Ses03F_impro06_M013;sad;We need more people like him.;neu
Ses03F_impro06_F033;sad;Joe, do you think he knew I loved him?;sur
Ses03F_impro06_M014;sad;I don't know.;sur
Ses03F_impro06_F034;sad;I never told him, I love you, but-;hap
Ses03F_impro06_F035;sad;I loved him so much.;hap
Ses03F_impro06_M015;sad;I don't know if Benny was smart like that- but-;neu
Ses03F_impro06_M016;sad;I'm sure he loved you too. He just didn't know it.;sur
Ses03F_impro07_M000;neu;Hey, Isabella.;hap
Ses03F_impro07_M001;neu;I'm all right.;neu
Ses03F_impro07_F001;hap;Uh-, So I got some good news.;hap
Ses03F_impro07_M003;neu;You're not pregnant or anything.;neu
Ses03F_impro07_F003;sur;Pregnant? What are you talking about? No.;sur
Ses03F_impro07_M004;neu;I know you've been trying to have a baby, right?;neu
Ses03F_impro07_F004;hap;I have some better news than that.;neu
Ses03F_impro07_F005;hap;Yes, What would you want more than anything in this world?;neu
Ses03F_impro07_M008;exc;Which one?;neu
Ses03F_impro07_F007;exc;I got--U.S.C.. I got- Yeah, I got the acceptance letter.;neu
Ses03F_impro07_M009;sur;oh really?;sur
Ses03F_impro07_F008;exc;Yes, me, I got in. Thank you very much.;hap
Ses03F_impro07_M011;exc;Good for you.;hap
Ses03F_impro07_F009;exc;Yeah, I know, my mom called me. I was with my girlfriend in Boston, and uh- she got the letter and she called me, she said I don't know, do you want me to open it? And I was like yes, open it. And she opened it and she goes oh, I'm sorry, Nat.;sur
Ses03F_impro07_F011;exc;And my mom was like Natalie, Natalie, it's [GARBAGE], you know-;neu
Ses03F_impro07_M012;neu;oh yeah.;neu
Ses03F_impro07_F012;hap;and so, I mean, I got in.;neu
Ses03F_impro07_M013;exc;Oh, Jesus. That is so amazing.;sur
Ses03F_impro07_F013;hap;So now I can stay here and now we can party. I know.;neu
Ses03F_impro07_M014;exc;Party. You want to get drunk tonight?;sur
Ses03F_impro07_F014;exc;Yeah, why not.;neu
Ses03F_impro07_M015;exc;Yeah, we're going to celebrate.;hap
Ses03F_impro07_F015;neu;We're not twenty one yet, but whatever.;neu
Ses03F_impro07_F016;exc;[LAUGHTER]. I'm so excited, Joe. Oh, man, I-- And I got in--I got into the school of theatre, so it's like-;hap
Ses03F_impro07_M017;sur;Shit. That's-;dis
Ses03F_impro07_M018;sur;Oh, my God. That's--I heard it's top five-- --in the Grauman scale or something.;sur
Ses03F_impro07_F017;hap;Yeah. It's really cool.;hap
Ses03F_impro07_F019;hap;Top five in the nation.;neu
Ses03F_impro07_M019;exc;Who-whooooo. Miss Acti- Acting Pants.;sur
Ses03F_impro07_F020;exc;Acting Pants? So what are you going to do? Are you--you're be--you're going to stay here, right?;ang
Ses03F_impro07_M021;neu;I got into film school at the Art Academy.;hap
Ses03F_impro07_F021;exc;Awesome. We're both going to be in L.A.;hap
Ses03F_impro07_M022;exc;"So I'm going to be--yeah. I'm going to make films; you're going to be in them.";neu
Ses03F_impro07_F022;exc;I'm so excited. Yeah, I thought I was going to go to Boston, but then--;hap
Ses03F_impro07_M023;neu;Fuck Boston.;ang
Ses03F_impro07_F023;hap;Oh man, I'm so excited. So much to do.;hap
Ses03F_impro07_F025;hap;I'm just so excited to start my life.;hap
Ses03F_impro07_M025;neu;We should uh- go to Little Ethiopia.;neu
Ses03F_impro07_F026;exc;Oh, and you sit down and you have the sponge bread-- --and eat the--drink the beer. Ugh, I love that stuff. I'm so excited.;dis
Ses03F_impro07_F027;exc;Are you going to come stay in my dorm with me sometime?;neu
Ses03F_impro07_M026;exc;Hell, yeah. Pass out.;dis
Ses03F_impro07_F028;exc;Yeah. I'll get like one of those little--;neu
Ses03F_impro07_F029;exc;Yeah. Those little-- --mattresses. I'll put it by my bed.;neu
Ses03F_impro07_M027;exc;#NOME?;dis
Ses03F_impro07_M028;exc;No, I'll sleep in your bed. Cuddle up.;neu
Ses03F_impro07_M029;exc;Uh-oh.;fea
Ses03F_impro07_F031;neu;That's going to--that'll be reserved for somebody else.;neu
Ses03F_impro07_F032;hap;[LAUGHTER] Hello? I am not.;neu
Ses03F_impro07_M032;exc;Yeah.;neu
Ses03F_impro07_M033;neu;Well, get used to it.;neu
Ses03F_impro07_F034;hap;[LAUGHTER]. No, you'd get used to it.;dis
Ses03F_impro07_M034;hap;Hey, I'm already getting used to it.;neu
Ses03F_impro07_F035;hap;[LAUGHTER]. Oh, Joe, I'm so happy.;hap
Ses03F_impro07_M035;hap;Me too, Isabella.;neu
Ses03F_impro08_M000;ang;Hey, you stupid dumb shit machine, give me a fucking operator, huh?;ang
Ses03F_impro08_F000;neu;Hello sir, can I help you?;fea
Ses03F_impro08_F001;neu;I [GARBAGE];neu
Ses03F_impro08_F002;neu;Yes, sir, I'm very sorry, but we've had some trouble here.  There's been a lot of calls and the system has-;sad
Ses03F_impro08_F003;neu;Sir, please calm down.  There's no reason to use profanity like that.  It's not-;fea
Ses03F_impro08_M004;fru;Fine, sorry.  Okay, my phone's been on the fritz for like three days.  I can't get any incoming calls. What- What is going on?;sad
Ses03F_impro08_F004;neu;Okay, and this is for Verizon? Your provider?;neu
Ses03F_impro08_F005;neu;Well, um- we have a little problem with the system going on.  One of our satellites is down, and I-;fea
Ses03F_impro08_M006;ang;You know what?  I'm just going to- Patient?  I'm a busy man.;sur
Ses03F_impro08_F006;neu;You're going to have to just be patient with us, sir, as we;neu
Ses03F_impro08_F007;neu;Well, I know sir, and we all are busy.;neu
Ses03F_impro08_F008;neu;But I'm going to definitely have to- uh--get your contact information;neu
Ses03F_impro08_M007;ang;-have to, have to what?;sad
Ses03F_impro08_M008;ang;What?  It's my phone.  You can't even call me on it. I don't have another phone.;sur
Ses03F_impro08_F009;neu;Okay, well, if you would like, um- we will be turning on the systems in probably about ten hours.;neu
Ses03F_impro08_M009;ang;What?  Are you kidding me?;sur
Ses03F_impro08_F010;neu;Sir, I'm very sorry, but this is the way it is.  This- We have no control over it.  It's going to take-  -but you have to be patient with us.  You can use a calling card.  We will give you a free calling card to use.;sad
Ses03F_impro08_M010;ang;Oh, my God.;sur
Ses03F_impro08_M011;ang;I- I'm going to kill myself right now.;fea
Ses03F_impro08_M012;ang;A free calling card?;sur
Ses03F_impro08_F011;neu;Do you have a land line, sir?;neu
Ses03F_impro08_F012;neu;Okay, well, we will send you- We will reimburse you for the amount of minutes that you-;neu
Ses03F_impro08_F013;neu;#NOME?;neu
Ses03F_impro08_M014;ang;That's it? Okay, yeah.  What else?;ang
Ses03F_impro08_F014;neu;And we will probably send you a calling card.  I'm very sorry.  You're just going to have to be patient, sir.;neu
Ses03F_impro08_M015;ang;Okay, I need more than this.  Are you going to give me a little bit more?;neu
Ses03F_impro08_F015;neu;No, we don't just give you things.  We're- we're-;neu
Ses03F_impro08_F016;neu;we compensating you for all your-;sad
Ses03F_impro08_M016;fru;So you take things from me and you expect me just to wait around.;neu
Ses03F_impro08_F017;fru;No no, we're not taking anything from you sir.  This is- This is unbeknownst to us.  The problem had just happened.;fea
Ses03F_impro08_F018;fru;The satellite-is down in your area.;sur
Ses03F_impro08_M017;fru;Okay, so you think you're going to-  -get me back some minutes, and that's going to make up for three days of business that I lost?  Okay, great.;neu
Ses03F_impro08_F019;fru;No, three days, sir.  It's not three days. It's- It's only been about a day now. Let's not exaggerate.;neu
Ses03F_impro08_M018;fru;No, it's been--three days.;neu
Ses03F_impro08_M019;fru;Fine, it's been a day.  Okay?;neu
Ses03F_impro08_F020;neu;Three days?;sur
Ses03F_impro08_F021;neu;A day?;sur
Ses03F_impro08_F022;neu;I don't know, sir.;dis
Ses03F_impro08_M021;neu;About three million dollars.;neu
Ses03F_impro08_F023;neu;Oh, well, I'm sorry about that. Umm- We-;sad
Ses03F_impro08_F024;neu;Well, ten hours worth of minutes--;neu
Ses03F_impro08_F025;neu;is what's going to happen.;sur
Ses03F_impro08_F026;neu;Sir,;neu
Ses03F_impro08_F027;neu;what I would like what I'm advising you to do now is just to write down all of your problems that you-you feel that--You know, haven't been addressed, fax it to us-;neu
Ses03F_impro08_M026;fru;Oh, my God.;sur
Ses03F_impro08_F028;neu;and we will take care of it if anything happens.  But all we can do now is ask for your patience.;neu
Ses03F_impro08_F029;neu;Okay? Thank you for calling.  Goodbye.;hap
Ses03F_script01_1_M000;neu;He saw it.;neu
Ses03F_script01_1_M001;neu;He was out there when it happened.;sur
Ses03F_script01_1_M002;neu;Um, about four this morning. Uh- I heard a crack and I looked out and I saw him standing there.;fea
Ses03F_script01_1_M003;neu;I don't know. But after it cracked he went back in the house and he cried in the kitchen.;neu
Ses03F_script01_1_F004;neu;Did you talk to him?;sur
Ses03F_script01_1_M004;neu;No, I uh-, I figured the best thing to do was to leave him alone.;neu
Ses03F_script01_1_F005;neu;He cried hard, huh?;dis
Ses03F_script01_1_M005;neu;I could hear it right through the floor.;fea
Ses03F_script01_1_M006;neu;I guess he is.;neu
Ses03F_script01_1_F007;neu;Could he-he's acting just like he did after he died, you know?;sur
Ses03F_script01_1_M007;neu;I don't know.;sur
Ses03F_script01_1_M008;neu;But I know one thing, mom. We've made a terrible mistake with dad.;fea
Ses03F_script01_1_M009;neu;Being dishonest with him. That kind of thing always pays off and now it's paying off.;neu
Ses03F_script01_1_F010;neu;What do you mean, dishonest?;ang
Ses03F_script01_1_F011;fru;What, you're going to argue with him?;ang
Ses03F_script01_1_M011;fru;No, I don't want to argue with him, but it's time that he realized that no one believes that Larry's coming back anymore.;neu
Ses03F_script01_1_F012;fru;You can't tell him that.;sur
Ses03F_script01_1_M012;fru;We got to tell him that.;neu
Ses03F_script01_1_F013;fru;We can't. It just won't work.;sad
Ses03F_script01_1_M013;fru;You know, for God's sakes it's been three years. No one comes back after three years. It's insane.;dis
Ses03F_script01_1_F014;neu;They do come back.;neu
Ses03F_script01_1_M014;fru;All right. Just- Sit down, mom. I want to talk to you.;neu
Ses03F_script01_1_F017;ang;It's those Goddamn newspapers, you know? I mean, it's like every day they come out with this new person that comes along. And the next one's going to be Larry.;dis
Ses03F_script01_1_M015;fru;All right. All right. Just come on, sit down.;ang
Ses03F_script01_1_F018;fru;What?;sur
Ses03F_script01_1_M016;neu;You know-you know why I asked Annie here, right?;neu
Ses03F_script01_1_F019;neu;Why?;sur
Ses03F_script01_1_M017;neu;You know.;neu
Ses03F_script01_1_M018;neu;I want to ask her to marry me.;sad
Ses03F_script01_1_F021;neu;Well, that's only your business, Chris.;neu
Ses03F_script01_1_M019;fru;Come on, you know that's not only my business.;ang
Ses03F_script01_1_F022;fru;"Well, it is. I mean, what do you want me to do? You're grown up; you know what's going on in your mind.";ang
Ses03F_script01_1_M020;neu;So it's all right. I'll just go ahead with it.;neu
Ses03F_script01_1_F023;fru;Well, you better make sure your father's not- No- I'm just saying.;neu
Ses03F_script01_1_M021;ang;See, then it's not just my business. God, you have;sur
Ses03F_script01_1_M022;ang;-Oh, you infuriate me sometimes. You know, it's not just my business too if dad throws a fit.;ang
Ses03F_script01_1_F024;fru;Yeah, well I ignore what I got to ignore.;neu
Ses03F_script01_1_F025;fru;And she-she's Larry's girl.;neu
Ses03F_script01_1_F026;fru;Well, from your father's point of view she is. I mean, he's still alive. You've got no right to take her.;dis
Ses03F_script01_1_F028;fru;'Cause listen, I'm telling you, I don't know where to go from there. Do you?;ang
Ses03F_script01_1_F029;fru;What do you want from me?;ang
Ses03F_script01_1_M026;sad;Every time I reach out for something I have to pull back because other people will suffer. My whole entire life, time and time after time.;sad
Ses03F_script01_1_F030;neu;You're a considerate fella and there's nothing wrong in that.;neu
Ses03F_script01_1_M027;ang;To hell with that.;ang
Ses03F_script01_1_F031;neu;There's nothing wrong with it.;neu
Ses03F_script01_1_M028;neu;I didn't ask Annie yet.;neu
Ses03F_script01_1_F032;fru;You didn't ask her yet?;sur
Ses03F_script01_1_M029;neu;I wanted to get this settled first.;sad
Ses03F_script01_1_M030;neu;Well then I guess it's over then. But from her letters I think she's forgotten him.;neu
Ses03F_script01_1_M031;neu;I'll find out. But then after it's all over we'll thrash it out with dad, right?;neu
Ses03F_script01_1_M032;fru;Mom, don't avoid me.;fea
Ses03F_script01_1_F034;fru;You know, the trouble is you've never had enough women. No, you never did.;neu
Ses03F_script01_1_M033;fru;So what? I'm not fast with women.;sur
Ses03F_script01_1_F035;fru;I don't understand why it has to be her.;sur
Ses03F_script01_1_M034;neu;Because it is.;neu
Ses03F_script01_1_F036;fru;That's a good answer, but it doesn't answer anything.;dis
Ses03F_script01_1_M035;fru;I just-;neu
Ses03F_script01_1_F037;fru;I mean, you haven't seen her since the war. I mean, it's been five years.;sur
Ses03F_script01_1_M036;neu;It just is. I-;neu
Ses03F_script01_1_M037;fru;I grew up with her. Okay. All these years, when I think of someone I want to be my wife I think of Annie. What do you want, a diagram?;neu
Ses03F_script01_1_F038;fru;No, I don't want a diagram.;dis
Ses03F_script01_1_F039;fru;He thinks he's coming back. You go-go on and marry her, I mean, you're pronouncing her dead. And what's going to happen to your father, huh? I don't know. Do you?;dis
Ses03F_script01_1_M038;fru;Okay. All right, then.;neu
Ses03F_script01_1_F040;fru;Just, listen. Give it more thought, is all.;neu
Ses03F_script01_1_M039;fru;No, I've given it three years of thought.;neu
Ses03F_script01_1_M041;neu;But if I can't have that here then I'll get out.;neu
Ses03F_script01_1_M042;neu;I'll get out. I'll marry her somewhere else. Maybe New York.;neu
Ses03F_script01_1_F043;fru;You're what-you're going to leave the business? But you can't do that. What the hell is this?;ang
Ses03F_script01_1_M044;fru;The business. The business doesn't inspire me.;dis
Ses03F_script01_1_F044;fru;Oh, you have to be inspired.;neu
Ses03F_script01_1_M045;ang;Yes. I like it an hour out of the day. If I have to grub for money all day long at least that evening I want it beautiful. I want a wife. I want a family. I want some kids. I want to build something I can give myself to.;hap
Ses03F_script01_1_M046;ang;Now, Annie's in the middle of all that.;sur
Ses03F_script01_1_M047;neu;Now, where do I find it?;sur
Ses03F_script01_1_F045;neu;Tell me something.;neu
Ses03F_script01_1_F046;neu;You'd leave that business.;ang
Ses03F_script01_1_M048;neu;Yes. On this I would.;neu
Ses03F_script01_1_F047;fru;You can't do that.;ang
Ses03F_script01_1_M049;neu;Then help me stay here.;neu
Ses03F_script01_1_F048;fru;All right, but you can't do that. You can't talk like that.;ang
Ses03F_script01_1_M050;neu;Okay. Just-;neu
Ses03F_script01_1_F049;fru;We've worked all our lives for you. Only for you, Chris. The whole shootin' match is for you.;neu
Ses03F_script01_1_M051;fru;Yeah, I know, I know, just help me stay here, all right?;neu
Ses03F_script01_1_F050;neu;I'm going to.;neu
Ses03F_script01_1_M052;neu;I am thinking like that.;neu
Ses03F_script01_1_F052;neu;I don't know you, do I?;sur
Ses03F_script01_1_M053;neu;No, you don't. I'm a pretty tough guy.;dis
Ses03F_script01_1_F053;neu;Yeah. I can see that.;neu
Ses03F_script01_2_F000;ang;Why did you invite her here?;sur
Ses03F_script01_2_F001;ang;She's been in New York for three-and-a-half years. She don't just suddenly come and-;neu
Ses03F_script01_2_M001;neu;Well, maybe, maybe he just wanted to see her.;neu
Ses03F_script01_2_F002;ang;You don't travel seven hundred miles just to see.;neu
Ses03F_script01_2_M003;neu;How do you know he's even thinking about it?;sur
Ses03F_script01_2_F004;ang;It's got that about it.;neu
Ses03F_script01_2_M004;neu;Well, so what?;ang
Ses03F_script01_2_M005;fru;Listen, kid-;neu
Ses03F_script01_2_F006;ang;She's not Larry's girl. She knows that.;neu
Ses03F_script01_2_M006;neu;You can't read her mind.;dis
Ses03F_script01_2_M007;neu;How do you know why she's waited?;sur
Ses03F_script01_2_F011;sad;She's faithful as a rock, don't you know. In my worst moments I can think of her-;dis
Ses03F_script01_2_M008;neu;Look, it's a nice day. What are we arguing for?;hap
Ses03F_script01_2_F013;ang;Nobody in my house better ever dare-dare to challenge her faith. Maybe strangers, but not his father, not his brother.;fea
Ses03F_script01_2_M009;neu;Calm yourself.;neu
Ses03F_script01_2_M010;fru;Calm yourself.;neu
Ses03F_script01_2_F015;ang;Don't, don't laugh at me, don't laugh at me.;ang
Ses03F_script01_2_F016;ang;Look at it. Because why, when she came here and she slept in his room, the memorial broke into pieces. Look at it, look at it, Joe.;sur
Ses03F_script01_2_M011;ang;All right. All right. Calm yourself.;neu
Ses03F_script01_2_M012;fru;Okay. Just calm yourself.;neu
Ses03F_script01_2_F018;sad;No, you've got to believe.;sur
Ses03F_script01_2_M013;ang;Why me, above all?;sur
Ses03F_script01_2_M014;ang;Huh?;sur
Ses03F_script01_2_M015;ang;Why me above all?;sur
Ses03F_script01_2_F020;sad;You got to keep believing.;neu
Ses03F_script01_2_M016;ang;Look at you, you're shaking.;fea
Ses03F_script01_2_F021;sad;I can't help it.;sad
Ses03F_script01_2_M017;ang;What have I got to hide?;neu
Ses03F_script01_2_M018;ang;Huh? What the hell's the matter with you, Kate?;ang
Ses03F_script01_3_F000;hap;You're the only one I know that still loves his parents.;neu
Ses03F_script01_3_M000;hap;Yeah. I know. It went out of style, didn't it?;neu
Ses03F_script01_3_F001;hap;No, it's all right. There's nothing wrong in that, you know.;neu
Ses03F_script01_3_F002;hap;It's really lovely here. The air is sweet.;hap
Ses03F_script01_3_M001;neu;You're not sorry you came?;sur
Ses03F_script01_3_F003;sad;No. I'm not sorry. It's-;sad
Ses03F_script01_3_F005;fru;Well, for one thing, your mother so much has told me to go. [LAUGHTER].;neu
Ses03F_script01_3_M003;neu;Well-;neu
Ses03F_script01_3_M004;neu;What?;sur
Ses03F_script01_3_F008;sad;Well, you've been embarrassed ever since I came.;neu
Ses03F_script01_3_M006;hap;Oh look, um, well, the thing is, I was planning on, planning on sort of sneaking up on you over a week or so, and they-they take it for granted we're all set.;neu
Ses03F_script01_3_M009;hap;I, I guess that's why I asked you to come.;neu
Ses03F_script01_3_F011;hap;Well, I mean,;neu
Ses03F_script01_3_M010;hap;Oh, Annie.;sad
Ses03F_script01_3_F012;hap;from her opinion, why else would I come here?;ang
Ses03F_script01_3_M011;hap;Annie, I love you.;hap
Ses03F_script01_3_M012;hap;I love you a great deal.;hap
Ses03F_script01_3_M013;hap;I-I love you. I have no imagination. That's all I know how to tell it.;hap
Ses03F_script01_3_F013;hap;Well, I guess that's why I came.;neu
Ses03F_script01_3_M014;hap;I'm embarrassing you. I didn't want to tell you it here. I wanted to go somewhere that would be brand-new to each other. It feels wrong here, don't you? This yard and this chair.;dis
Ses03F_script01_3_M015;hap;I don't want to win you from anybody. I want you to be ready for me.;neu
Ses03F_script01_3_F014;hap;I've been ready for a long, long time.;neu
Ses03F_script01_3_M017;sur;Why didn't you?;sur
Ses03F_script01_3_M018;hap;You felt something that far back?;sur
Ses03F_script01_3_F018;hap;Every day since.;neu
Ses03F_script01_3_M019;hap;Why didn't you let me know?;ang
Ses03F_script01_3_M020;hap;Give me a kiss, Annie.;neu
Ses03F_script01_3_M021;hap;Give me-;neu
Ses03F_script01_3_F021;hap;I don't know if I ever can forgive you for that. Why'd you wait so long? I sat in my room wondering if I was crazy for thinking about you.;sur
Ses03F_script01_3_M023;hap;We're going to live now. I'm going to make you so happy.;hap
Ses03F_script01_3_M024;hap;I kissed you.;dis
Ses03F_script01_3_F023;hap;Like Larry's brother. Do it like you, Chris.;neu
Ses03F_script01_3_M025;sad;Let's drive somewhere. I want to be alone with you.;sad
Ses03F_script01_3_F025;sad;No. What is it? Is it your mother?;sur
Ses03F_script01_3_M026;neu;No, no, no, no. Nothing like that.;dis
Ses03F_script01_3_F026;sad;Well then tell me what's wrong. I mean, even in your letters there's something ashamed.;dis
Ses03F_script01_3_M027;sad;Yeah. I guess there is. I guess I was, but uh- it's going from me now.;neu
Ses03F_script01_3_F027;sad;You should tell me.;neu
Ses03F_script01_3_M028;sad;I don't know where to start.;fea
Ses03F_script01_3_F028;sad;But, Chris, it wouldn't work like this.;neu
Ses03F_script01_3_M029;sad;You know when I went overseas. I said I was in command of a company.;neu
Ses03F_script01_3_F029;sad;Yeah, sure.;neu
Ses03F_script01_3_M030;sad;Well, I lost them.;sad
Ses03F_script01_3_F030;sad;How many?;sur
Ses03F_script01_3_M031;sad;Just about all.;neu
Ses03F_script01_3_F031;sad;Geez.;dis
Ses03F_script01_3_M032;sad;It takes a little while to toss that off. Because they weren't just men.;neu
Ses03F_script01_3_M033;sad;For instance, one time, it had to have been raining several days. There was this one kid, he came up to me and he gave me his last pair of dry socks. Put them in my pocket.;neu
Ses03F_script01_3_M034;sad;I mean, that's-that's only a little thing, but that's the kind of guys I had. They didn't just die. They killed themselves for each other. And I mean that exactly. A little more selfish and they'd still be here today.;dis
Ses03F_script01_3_M035;sad;And I, and I thought something watching them go down.;sur
Ses03F_script01_3_M036;sad;Everything was being destroyed, see, but there was one new thing that was being created. A kind of responsibility, man for man. You understand me?;dis
Ses03F_script01_3_M037;sad;And to show that-to bring that onto the earth like some sort of monument standing right behind us where everyone could feel it and it would make a difference to him.;hap
Ses03F_script01_3_M038;sad;And I came back here and it was incredible. There was no meaning in that here. The whole thing to them was a bus accident.;sur
Ses03F_script01_3_M039;sad;And I went to work with dad and that rat race again. And I felt what you said-ashamed somehow. Because nobody was changed at all. It seemed to make a sucker out of a lot of guys.;ang
Ses03F_script01_3_M040;sad;And I felt wrong to be alive. To drive the car, to see the new checkbook, to see the new refrigerator. I mean, you can take those things out of the war. But you got to know that when you drive that car that that came out of the love a man can have for another man. And you got to be a little bit better because of that.;dis
Ses03F_script01_3_M041;sad;"Otherwise, what you have here is loot; and there's blood on it.";neu
Ses03F_script01_3_M042;sad;And I didn't want to take any of it.;dis
Ses03F_script01_3_M043;sad;And I guess that included you.;neu
Ses03F_script01_3_F032;sad;And you still feel that way?;neu
Ses03F_script01_3_F033;sad;Because you can't feel that way, never again, Chris. You hear me? Never. I mean, the money and me too.;dis
Ses03F_script01_3_M045;hap;Annie,;neu
Ses03F_script01_3_M046;hap;Annie, I'm going to make a fortune for you.;hap
Ses03F_script01_3_F035;hap;What am I going to do with a fortune?;neu
Ses03F_script02_1_M000;exc;Hey, what time is it? They're supposed to run around midnight, right? God, this is great, isn't it?;sur
Ses03F_script02_1_M001;exc;"Look at the night we got; couldn't be better.";sad
Ses03F_script02_1_M002;exc;You know actually, I wanted to go a little further up the coast to get away from all the, the people and the lights, and uh- but I thought we'd miss it. Hey, how you doing?;neu
Ses03F_script02_1_F000;sad;Fine.;ang
Ses03F_script02_1_M003;exc;Oh, is that-is that-now, is that just foam, uhh, I can't even tell.;sur
Ses03F_script02_1_M004;exc;Oh, though if I can't tell it probably isn't them, right? It probably would be unmistakable, wouldn't you think? Hey, how you doing?;sur
Ses03F_script02_1_M005;exc;Oh, do you know what I forgot? I forgot my flashlight. How could I be so stupid. Oh, I-I should have brought my flashlight.;sur
Ses03F_script02_1_M006;exc;Uh- you know, the flashlight. The silver one. There's only one, isn't there?;sur
Ses03F_script02_1_F003;ang;I don't understand why you're always saying oh, it's mine, it's mine. It's not like it's just your flashlight. I mean, how do you think that makes me feel?;sur
Ses03F_script02_1_M009;exc;We should have brought our flashlight. I can't believe we forgot to bring it.;sur
Ses03F_script02_1_M010;exc;I hope the moon stays out.;neu
Ses03F_script02_1_M011;exc;Hey, do they always run during a full moon? I can't remember if it was full last year. Do you remember?;sur
Ses03F_script02_1_M013;exc;We should have brought the blanket. Oh, why didn't we bring the blanket? Our blanket.;sur
Ses03F_script02_1_M014;exc;You know what would be good right now? A six-pack. Ah, I can't believe I forgot a six-pack. A six-pack would be just the ticket right about now.;sur
Ses03F_script02_1_M015;exc;I'm so stupid. I'm like a little kid. I-it's amazing I get out of the house with my fly zipped. Oh- [LAUGHTER].;sur
Ses03F_script02_1_M016;exc;I wonder if they can hear us talk. Or hear the vibrations in the sand when we move.;sur
Ses03F_script02_1_M017;neu;Do you want my jacket?;neu
Ses03F_script02_1_M018;sur;What? Are you kidding me? We just got here. We'd miss it. What's the point of coming down there if we just turn around and go home?;sur
Ses03F_script02_1_M019;neu;Right.;neu
Ses03F_script02_1_M020;neu;Yeah, that's my point too.;neu
Ses03F_script02_1_M021;exc;No. No, no, no, that's not my point. My point is there's no point in coming down here if we just turn around and leave.;neu
Ses03F_script02_1_M022;neu;I mean, don't you want to see it?;ang
Ses03F_script02_1_F010;sad;Not particularly.;neu
Ses03F_script02_1_M023;neu;Why not?;neu
Ses03F_script02_1_F011;sad;I don't know. I just don't.;neu
Ses03F_script02_1_F012;ang;Pass up what? A bunch of fish. They swim up to the beach and they flop around and they swim away and then they die.;neu
Ses03F_script02_1_F013;fru;I don't know why you're getting so excited. I mean, it's not like the landing of the moon or something. It's just fish. Fish that nobody eats.;sur
Ses03F_script02_1_F014;fru;Oh, God, Augie.;sur
Ses03F_script02_1_M030;sur;For real?;sur
Ses03F_script02_1_F017;fru;Yes, and if you also remember, I got sand in my panties. We got into an argument about nothing. You got a sore throat and we never saw the grunions.;dis
Ses03F_script02_1_F018;fru;No, for God's sakes, we've never seen the grunions. We're not going to see them.;sur
Ses03F_script02_1_M034;fru;We just weren't in a good spot, all right? This is a much better spot. I have a good instinct for these things. Look, is that-;neu
Ses03F_script02_1_M036;exc;I wouldn't miss this for anything. I mean, think about this. Okay, I know you're not interested, but just think about this for a minute.;neu
Ses03F_script02_1_M038;exc;And they all, all as one, turned as one and formed this line as big as the California coast and started swimming this way. Swimming as if that's the only thing that matters.;neu
Ses03F_script02_1_M039;exc;"You know, they didn't ask it a question. They didn't, they didn't take a vote. They didn't have an invitation or a map; they just started swimming as one.";neu
Ses03F_script02_1_M040;exc;its single-mindedness with one mind. Urgency that's pure urge. You know, they don't give it a name.;fea
Ses03F_script02_1_M041;exc;They don't ask it a question. They just, they just, they don't know what drives them. They just turn as one and start the swim that brings them to here;neu
Ses03F_script02_1_M042;exc;where we stand for a massive celebration of sex and death. Oh, God, I'm giving myself goosebumps. Look, I'm all-all my hairs on my arms is sticking up.;sur
Ses03F_script02_1_M044;neu;About what I just said.;neu
Ses03F_script02_2_F000;neu;About what?;sur
Ses03F_script02_2_M001;neu;About what I was just saying.;neu
Ses03F_script02_2_M002;fru;It certainly is not. It is slightly exaggerated scientific fact.;neu
Ses03F_script02_2_M003;fru;Well, I'm not the only one. Look at all these people.;dis
Ses03F_script02_2_M004;fru;Are we talking about the same thing?;sur
Ses03F_script02_2_M005;neu;Carla, can I ask you something? Don't take this wrong, but are you having your period?;neu
Ses03F_script02_2_F005;ang;Augie, Goddamn it, don't ask me that. You always ask me that. Why do you ask me that? I hate it. It's insulting.;ang
Ses03F_script02_2_M006;fru;Okay, then what's bugging you?;ang
Ses03F_script02_2_F006;fru;Look, it's-we just-we're looking at this evening in a different way, both of us. We both have different ideas of it.;neu
Ses03F_script02_2_M007;fru;There's nothing to it, alright? We come down here, the grunion arrive, they do their little fish business, we go ooh, ah, look at the fish, and then they go home and we go home.;dis
Ses03F_script02_2_M008;neu;We're not seeing the grunions?;sur
Ses03F_script02_2_F008;fru;Look, Augie, we've never seen them. They're never going to come.;neu
Ses03F_script02_2_M009;fru;We missed them twice. That's not ever.;neu
Ses03F_script02_2_M010;fru;We'll see them this time.;neu
Ses03F_script02_2_F012;ang;Like I feel like my whole life I've been just standing on this beach with my hands clasped waiting for these fish to show up and these fish never show up.;neu
Ses03F_script02_2_M011;fru;God, I thought you wanted to see it.;sur
Ses03F_script02_2_F013;fru;I do.;neu
Ses03F_script02_2_F014;fru;Look, I did. I always do. But it's like every time I try nothing ever happens.;neu
Ses03F_script02_2_M012;fru;It's just fish. Nothing to get traumatized over.;neu
Ses03F_script02_2_F015;fru;For God's sake, Augie, this is not about fish.;neu
Ses03F_script02_2_M013;fru;I've been turning this thing over in my head trying to figure out when the point was when we took a turn for the worse, and I can't seem to pinpoint it.;dis
Ses03F_script02_2_M014;fru;You were fine during the phone call from Marge. Dinner was okay. Doing the dishes was no problem. Let's see. I took a shower. You were watching the news. You said Augie, I think the grunion are running. I said great, let's go. I feel lucky tonight.;hap
Ses03F_script02_2_M015;fru;And so I'm getting the animals, putting the animals out in the yard. I'm putting on my jacket, getting the car out of the garage-;neu
Ses03F_script02_2_F016;sad;Do you remember the last time we came here?;neu
Ses03F_script02_2_F017;sad;We thought I was pregnant.;fea
Ses03F_script02_2_F018;sad;You brought a bottle of champagne.;dis
Ses03F_script02_2_F019;hap;We took off our shoes and we danced barefoot in the sand. Under the moon.;neu
Ses03F_script02_2_F020;hap;And you whispered so intimately in my ear so I could feel your words.;dis
Ses03F_script02_2_F021;hap;Oh, that moment-that was it.;sur
Ses03F_script02_2_F022;sad;I told myself finally, this is how happy I'm supposed to be.;hap
Ses03F_script02_2_M016;neu;Wait a minute. I got it.;neu
Ses03F_script02_2_F023;hap;Dancing barefoot in the sand. Drinking out of a bottle of champagne.;fea
Ses03F_script02_2_F024;sad;I don't want to remember something.;dis
Ses03F_script02_2_F025;sad;Hope for some things.;neu
Ses03F_script02_2_F026;sad;No.;neu
Ses03F_script02_2_F027;sad;No.;neu
Ses03F_script02_2_F028;sad;No, no.;neu
Ses03F_script02_2_M022;fru;What? What? Do you want me to breathe in your ear?;sur
Ses03F_script02_2_F029;fru;No.;neu
Ses03F_script02_2_M023;fru;Do you want to get married again? What? What? Do you want to get a divorce?;sur
Ses03F_script02_2_F030;fru;No.;neu
Ses03F_script02_2_F031;ang;No.;neu
Ses03F_script02_2_M024;fru;A vacation?;sur
Ses03F_script02_2_F032;fru;No.;neu
Ses03F_script02_2_M025;fru;A new carpet? A poodle?;sur
Ses03F_script02_2_M026;ang;A-a back rub, some ice cream, a suicide pact. What the hell do you want, Carla?;ang
Ses03F_script02_2_F033;fru;I want things to turn out the way that they're supposed to be.;neu
Ses03F_script02_2_M027;fru;Jesus, welcome to the human race.;neu
Ses03F_script02_2_M029;fru;No, I was just like you. I thought it was going to be all peaches and roses and everything great. And the wind in our hair and the sand in our toes, and the fish will always come and the bills will pay themselves, and we'll have three big fat rosy kids. And oh God.;hap
Ses03F_script02_2_M030;fru;You know what you get? The jokes on us, baby. Because do you know what you get? Huh? Carla? Do you know what you get? You get this.;ang
Ses03F_script02_2_F034;fru;This what? What is this? This is nothing.;sur
Ses03F_script02_2_M031;fru;Yes, it is.;neu
Ses03F_script02_2_F035;ang;No, it's not. It's standing on the beach waiting and fighting.;neu
Ses03F_script02_2_M032;fru;Right.;neu
Ses03F_script02_2_F036;sad;Things have never turned out anything the way that I thought they would be.;neu
Ses03F_script02_2_M033;fru;No, I know. Me neither.;neu
Ses03F_script02_2_F038;sad;it's not something else. Do you know what I'm trying to say?;neu
Ses03F_script02_2_M034;fru;Well, I'm doing the best I can.;neu
Ses03F_script02_2_F039;sad;I know you are, Augie, and I know you wanted this evening to be nice, but I can't help thinking of being somewhere else.;sad
Ses03F_script02_2_M035;fru;Yeah, maybe if you were with someone else too.;neu
Ses03F_script02_2_F040;sad;I didn't say that.;neu
Ses03F_script02_2_F041;fru;Augie, anything I do I'd rather be doing with you.;dis
Ses03F_script02_2_M037;sur;Yeah?;sur
Ses03F_script02_2_F042;fru;God, don't you know that? I mean, you're the one that probably wants to be with somebody else. Somebody that didn't take herself so seriously, could enjoy herself more.;dis
Ses03F_script02_2_M038;hap;Actually now that you mention it, no, I don't.;neu
Ses03F_script02_2_F043;hap;Well, I guess we're just in the wrong spart-spot with the right person.;neu
Ses03F_script02_2_M039;hap;Seemed like a pretty good spot to me. I mean, look at the view of the moon we've got from here.;neu
Ses03F_script02_2_F044;hap;I noticed that. It's beautiful.;hap
Ses03F_script02_2_F045;hap;You can see right over the water.;neu
Ses03F_script02_2_M040;hap;Look what we got here.;sur
Ses03F_script02_2_M041;hap;It's not champagne.;neu
Ses03F_script02_2_F048;hap;At least we won't need glasses.;neu
Ses03F_script02_2_M042;neu;Are you still cold? Do you want to go home?;sad
Ses03F_script02_2_F050;hap;Maybe this is the right place after all.;neu
Ses03F_script02_2_F051;sad;I'm sorry, Augie.;sad
Ses03F_script02_2_M043;neu;Shh.;dis
Ses03F_script02_2_M044;hap;If we're very quiet the fish might come.;fea
Ses03F_script02_2_M045;hap;Or not.;neu
Ses03F_script03_1_F000;neu;[BREATHING];dis
Ses03F_script03_1_F001;neu;Do you think it's them?;sur
Ses03F_script03_1_F002;fea;I mean, nobody knows we're here except for Freda and she wouldn't ring up.;neu
Ses03F_script03_1_F003;fea;What are we to do?;neu
Ses03F_script03_1_M004;neu;We're all right, aren't we darling? Whatever happens.;neu
Ses03F_script03_1_M005;neu;Then I don't care.;ang
Ses03F_script03_1_M007;exc;things that should matter dreadfully don't seem to matter at all when one's happy, do they?;fea
Ses03F_script03_1_F009;exc;Don't laugh at me. I'm serious.;ang
Ses03F_script03_1_M011;exc;[LAUGHTER]. You mustn't be serious, my dear one, that's what they want.;dis
Ses03F_script03_1_M013;exc;Ooh, certainly you must. We're figures of fun, all right.;hap
Ses03F_script03_1_F014;sad;Oh dear, well, shall we want that?;neu
Ses03F_script03_1_F015;sad;Well, what if happens if one of us is to die? Does the one that's left still laugh?;neu
Ses03F_script03_1_M020;exc;Let's blow strumpets, blow-blow trumpets and squeakers and party as much as we can like small quite idiotic school children. Let's savor the delight of the moment. Come, kiss me darling, before worms pop in and out of your eye sockets.;hap
Ses03F_script03_1_F019;exc;Thank you, dear. The same applies to you. Except that if I ever so much as catch you looking at another woman I'll kill you.;ang
Ses03F_script03_1_M022;exc;Remember that awful scene we had in Venice?;fea
Ses03F_script03_1_F021;hap;Oh Charles. That was his name. Charles. He did wiggle so beautifully.;neu
Ses03F_script03_1_F025;hap;yeah. And that was the first time you ever hit me.;sur
Ses03F_script03_1_M027;exc;That was a rouser, wasn't it?;dis
Ses03F_script03_1_F026;hap;The manager came in and found us rolling on the floor and biting and scratching like panthers. [LAUGHTER];dis
Ses03F_script03_1_F027;exc;I know. Oh man. Couldn't believe it.;sur
Ses03F_script03_2_M000;ang;As a matter of fact, the real cause of that row was Peter Burden.;neu
Ses03F_script03_2_M001;ang;I knew nothing of the sort. You took presents from him.;dis
Ses03F_script03_2_M002;ang;I remember it well. Bristling with diamonds. In the worst possible taste.;dis
Ses03F_script03_2_F004;neu;Just a little perhaps, but it was nothing serious.;sad
Ses03F_script03_2_M005;ang;You let him kiss you. You said so.;neu
Ses03F_script03_2_M007;ang;What about me?;fea
Ses03F_script03_2_M008;ang;That's a nice point of view, I must say.;hap
Ses03F_script03_2_F008;neu;Well, it's true.;neu
Ses03F_script03_2_M009;neu;Are you bored with this conversation?;neu
Ses03F_script03_2_M010;neu;So am I. Bored stiff. Want some brandy?;sad
Ses03F_script03_2_M011;neu;I'll have a little, I think.;neu
Ses03F_script03_2_M012;neu;No particular reason. Anyhow, they were very small ones.;neu
Ses03F_script03_2_F013;neu;It's become a habit with you.;neu
Ses03F_script03_2_M014;ang;You needn't be so grand just because you don't happen to want some yourself at the moment.;neu
Ses03F_script03_2_F014;ang;Don't be so stupid.;ang
Ses03F_script03_2_M015;ang;Really, Amanda.;sur
Ses03F_script03_2_F015;ang;What?;sur
Ses03F_script03_2_M016;ang;Nothing.;neu
Ses03F_script03_2_M017;ang;Going somewhere, dear?;sur
Ses03F_script03_2_F017;neu;It's a woman's job to allure the man. Watch me, won't you, a minute?;neu
Ses03F_script03_2_F018;ang;No, it isn't.;neu
Ses03F_script03_2_M020;ang;Yes, it is.;neu
Ses03F_script03_2_F021;fru;Adders don't snap, they sting.;ang
Ses03F_script03_2_F022;fru;They sting.;ang
Ses03F_script03_2_M024;ang;They snap.;ang
Ses03F_script03_2_F023;ang;I don't care. I don't care, do you understand? I don't care if they bark, if they roll over on the floor like hoops.;ang
Ses03F_script03_2_M026;ang;did you see much of Peter Burden after our divorce?;neu
Ses03F_script03_2_M027;ang;I imagine that you let him kiss you quite a bit more then, didn't you?;neu
Ses03F_script03_2_F025;fru;Mind your business.;neu
Ses03F_script03_2_M028;ang;You had a riotous-must have had a riotous time. No restraint at all. Very enjoyable. You never had much anyhow.;hap
Ses03F_script03_2_F026;ang;You are quite insufferable. I suppose it's because you're drunk.;ang
Ses03F_script03_2_M029;ang;I'm not in the least bit drunk.;dis
Ses03F_script03_2_F027;fru;You've always had a weak head.;neu
Ses03F_script03_2_M030;ang;Okay. As I mentioned before, I said I had three very minute liquor glasses. That's hardly enough to get a child of two drunk.;neu
Ses03F_script03_2_F029;fru;Do shut up. Shut up.;ang
Ses03F_script03_2_F030;fru;I don't want to talk about this anymore.;dis
Ses03F_script03_2_M034;ang;Well, I suppose the people downstairs then.;neu
Ses03F_script03_2_M035;neu;This is no time of the year for Tunis.;neu
Ses03F_script03_2_F035;ang;Turn it on.;neu
Ses03F_script03_2_M038;ang;Turn it off.;neu
Ses03F_script03_2_F037;ang;I will not. Go away. Go away. I hate you.;ang
Ses03F_script03_2_M039;ang;Oh, very amusing, indeed. Amanda, listen-;hap
Ses03F_script03_2_F038;ang;Listen, indeed. No, no, no, no. I am sick and tired of listening to you, you sadistic bully.;fea
Ses03F_script03_2_M040;ang;Very amusing indeed.;hap
Ses03F_script03_2_F039;ang;Stop it, stop it, I hate you, I loath you, you are overbearing and conceited and utterly impossible.;ang
Ses03F_script03_2_M041;ang;You know, you're a vile, ill-tempered, wicked little beast and I hope that I never see you again as long as I live.;dis
Ses03F_script03_2_F040;ang;This is the end. Do you hear? The end. Now and forever.;dis
Ses03F_script03_2_M042;ang;No, you're not going out like this. No you're not.;neu
Ses03F_script03_2_F041;ang;Oh, yes I am.;neu
Ses03F_script03_2_F042;ang;Yes I am. Let go of me. I hate you and I loath you. God, I can't believe I just finally realized how you are. I am never marry you. Never. Never, never, never. I would rather die in torment.;ang
Ses03F_script03_2_M043;ang;Oh, shut up. Shut up. Shut up.;ang
Ses03F_script03_2_M044;ang;I wouldn't marry you again if you came back crawling to me on your hands and knees because you're vile. You're a mean, evil-minded little vampire and I hope to God I never set eyes on you again.;dis
Ses03F_script03_2_F043;ang;Beast or brute cad, swine beast beast brute.;dis
Ses03M_impro01_M000;fru;Hey listen here missy, I've been in this line for an hour and now I'm finally here.  So you're going to take my application.;hap
Ses03M_impro01_F000;neu;Is that a demand sir?;neu
Ses03M_impro01_M001;fru;It's not a demand it's a request.  Will you just take it?  Come on.;neu
Ses03M_impro01_F002;fru;Sir, you completely filled this out wrong.;ang
Ses03M_impro01_F003;neu;No.  You filled out the back part.  You were supposed to fill out the front portion only.;neu
Ses03M_impro01_M004;ang;What are you talking about?  It says fill out that part.;sur
Ses03M_impro01_F004;fru;No, no, no, no, no.  You're going to have to go back over on the other side-- --second door, up the stairs...;fea
Ses03M_impro01_M005;fru;Okay.;neu
Ses03M_impro01_M006;fru;Oh my God. Can you just transfer it yourself?;sur
Ses03M_impro01_F005;fru;No I can't just transfer it myself sir.  You got to do this.  Everyone else is doing the same thing.;neu
Ses03M_impro01_M007;fru;You don't know! you can't write?  You don't know how to write?;sur
Ses03M_impro01_F006;fru;Excuse me sir?;ang
Ses03M_impro01_M008;fru;What's wrong with you people?  God.;sur
Ses03M_impro01_F007;fru;I think you're being a little condescending.;dis
Ses03M_impro01_F008;fru;You need to go back over there and fill it out again.;neu
Ses03M_impro01_M009;fru;The information is on there.  Here I'll just fill it out right here.;neu
Ses03M_impro01_F009;fru;No, no, no, because there are other people in line.  You have to go get a complete new application.;neu
Ses03M_impro01_M010;fru;This will take like a minute, okay? Jesus.;neu
Ses03M_impro01_M011;ang;I'm not going anywhere.  I'm staying right here.;sad
Ses03M_impro01_M012;ang;Hey,uh-- Well that's too bad cause I'm getting my license right now.;sad
Ses03M_impro01_F012;fru;You will get your license, sir, you have to go fill out-- --another copy...excuse me?;neu
Ses03M_impro01_M013;fru;Give me my--;ang
Ses03M_impro01_M014;ang;Hey, no, give me that back.;ang
Ses03M_impro01_M015;ang;-- No.  I'm not waiting...I'm not coming back again.  I don't have time to come back five days.;sad
Ses03M_impro01_M016;fru;I'll have a license.;neu
Ses03M_impro01_F016;fru;Well not from this department you won't.;neu
Ses03M_impro01_M017;ang;Yes I will.  I'll have this [GARBAGE];neu
Ses03M_impro01_F017;fru;Sir-;neu
Ses03M_impro01_M018;fru;just as I want.  Ugh.;sad
Ses03M_impro01_F018;fru;Sir?  I'm going to ask you one more time and then I'm going to call my supervisor;neu
Ses03M_impro01_F019;fru;who will proceed to call-- security if you can't remove yourself--;neu
Ses03M_impro01_M019;ang;Fine.  Call your supervisor.  Ask supervisor over;ang
Ses03M_impro01_M020;fru;and I'll tell her how you've been behaving.;neu
Ses03M_impro01_F020;fru;Really?;sur
Ses03M_impro01_M021;fru;How would you like that hmm?;neu
Ses03M_impro01_F021;fru;She's not actually in the building.  She's only on the phone. Sir, please leave this line immediately.;neu
Ses03M_impro01_M022;fru;Oh, okay.  Wow.;sur
Ses03M_impro01_M023;ang;No.  I'm not going anywhere.  I'm staying here-- I am filling out right now okay just calm down. I'm filling out right now-- Just take the god damn piece of paper.;neu
Ses03M_impro01_F022;ang;Okay.  I'm going to call security. Security!;ang
Ses03M_impro01_M026;fru;I'm sorry she's--these people they just want to get their license--;sad
Ses03M_impro01_F024;fru;No, You cannot get your license.  You filled out the wrong part of the form.;sad
Ses03M_impro01_F025;ang;This entire time you're fighting with me sir, you could've finished the form and already been half way-- No.  Get out.;neu
Ses03M_impro01_M028;ang;I did finish one.  Take it.;neu
Ses03M_impro01_M029;ang;What is wrong with you?;ang
Ses03M_impro02_M000;sad;Hey sweetie.;hap
Ses03M_impro02_M001;sad;Hey.;neu
Ses03M_impro02_F000;hap;Um.;neu
Ses03M_impro02_M002;sad;Uh, -Um;neu
Ses03M_impro02_F003;hap;Why the sad face?;sad
Ses03M_impro02_M003;sad;they need me out there sooner than I thought;sur
Ses03M_impro02_F004;sur;Where?  Who?  What are you talking about?;sur
Ses03M_impro02_M004;sad;They want to deploy me next week.;neu
Ses03M_impro02_F005;sur;Next week?;neu
Ses03M_impro02_M005;sad;For--;neu
Ses03M_impro02_M006;sad;They said anywhere from two to three years.;neu
Ses03M_impro02_F009;fru;Honey--;neu
Ses03M_impro02_M008;fru;#NOME?;neu
Ses03M_impro02_F010;fru;You can't.  We need you.  I need you.;fea
Ses03M_impro02_M009;fru;I don't want to go but,-;sad
Ses03M_impro02_F011;fru;I don't care about the money.;dis
Ses03M_impro02_M010;fru;but they said they'd increase my pay by triple-there promotion.;neu
Ses03M_impro02_M011;sad;No.;neu
Ses03M_impro02_F013;sad;Do this whole thing by myself?;sur
Ses03M_impro02_M012;sad;Honey you're not going to be by yourself--;dis
Ses03M_impro02_M013;neu;We'll have internet set up, we'll get web cameras and everything.  My whole family's here too.;neu
Ses03M_impro02_F014;sad;Carry her for nine months and then yes.;neu
Ses03M_impro02_F015;sad;It's not the same thing.  It's not like having you here.;neu
Ses03M_impro02_F016;sad;I can't do this.;sad
Ses03M_impro02_M015;neu;You can do it.  Alright?  You can, you can be strong, you can be strong for both of us alright?;neu
Ses03M_impro02_F017;sad;I'm sick of being strong-- --for us.;sad
Ses03M_impro02_M016;sad;I don't know what to do.;sad
Ses03M_impro02_M017;fru;I don't want to - I don't- I don't want to go.;sad
Ses03M_impro02_M018;fru;What am I supposed to do?;sur
Ses03M_impro02_F018;fru;You can say no?;ang
Ses03M_impro02_M019;sad;You know I can't say no.;ang
Ses03M_impro02_F019;fru;You could.  You really could.  You could-- --get into another line of work.  I could start working after Anna's born?;neu
Ses03M_impro02_M020;fru;The last guy who said no was fired.;neu
Ses03M_impro02_M021;fru;I put in fifteen years in this job.;hap
Ses03M_impro02_F020;fru;I know.;neu
Ses03M_impro02_M022;fru;I'm so close.  Five more years and I retire-;sad
Ses03M_impro02_M023;fru;and we'll have that happy life.;hap
Ses03M_impro02_F022;sad;and watch our child grow, see her take her first steps, her first words.;hap
Ses03M_impro02_M024;sad;Honey after a year I can be back.;hap
Ses03M_impro02_F023;sad;You said two years.;neu
Ses03M_impro02_M025;sad;They want me there two years but I could probably get;sad
Ses03M_impro02_M026;sad;maybe get some vacation-- --once it quiets down there.;neu
Ses03M_impro02_F024;sad;A whole year? --We're not talking about like a couple months here.  I mean this is a whole year.;neu
Ses03M_impro02_M027;sad;I know.  I know.  But they really need some good guys there.;neu
Ses03M_impro02_F025;sad;What could happen in a year?;sur
Ses03M_impro02_F026;sad;And this isn't the first time you know?  I mean you always...sending you off to different places and...;sur
Ses03M_impro02_M028;sad;Well that's the kind of work I'm in honey.;neu
Ses03M_impro02_F027;sad;I don't know if that's how I want to live my life.;neu
Ses03M_impro02_M029;sad;It's just going to be--it's going to go faster than you think.;neu
Ses03M_impro02_F028;sad;Joe I'm serious I don't want to have to have a little girl to tell...asking every day where's daddy, where's daddy and have to tell her that he's away--;fea
Ses03M_impro02_F029;sad;far away and he won't be here.;sad
Ses03M_impro02_M030;sad;You tell her-- [BREATHING];ang
Ses03M_impro02_F030;sad;I'm done.  I can't honey.;sad
Ses03M_impro02_M031;sad;What do you mean?;sur
Ses03M_impro02_F031;sad;It's over.;sad
Ses03M_impro02_M032;sur;What?;sur
Ses03M_impro02_F032;sad;Honey I can't do it anymore.;sad
Ses03M_impro02_M033;sur;Are you kidding me?  No.;sur
Ses03M_impro02_F033;sad;I need you here.  Anna needs you.;neu
Ses03M_impro02_M034;fru;So I have--you want me to choose between you guys or my career?;neu
Ses03M_impro02_F034;sad;yeah.;neu
Ses03M_impro02_M035;fru;What am I going to do?;sur
Ses03M_impro02_F035;fru;Priorities honey, priorities.;neu
Ses03M_impro02_M036;fru;I want to--what am I going to do if I leave this job?;fea
Ses03M_impro02_F036;fru;You're smart.  You could go back to school--;neu
Ses03M_impro02_F037;fru;finish your Master's that you were started never finished.;neu
Ses03M_impro02_M037;fru;Fine.  I'll see if I can talk to them.;neu
Ses03M_impro03_M000;exc;Hey.;neu
Ses03M_impro03_M001;exc;Esmeralda, guess what?;neu
Ses03M_impro03_F001;exc;What?;sur
Ses03M_impro03_M002;exc;[LAUGHTER] Guess who just got hitched?;sur
Ses03M_impro03_F002;sur;Shut up. Oh my God.  Really? Just like that?  You just asked the question and what...how did you ask?;sur
Ses03M_impro03_M003;exc;This guy. Yeah.  Can you believe it? She said yes too. Yeah.  She said yes.;sur
Ses03M_impro03_M004;exc;Okay we were at Chuck E. Cheese.;neu
Ses03M_impro03_F003;exc;Chuck E. Cheese?  Ah, man that is so lame.;sur
Ses03M_impro03_F004;exc;Are you serious [GARBAGE] man?;sur
Ses03M_impro03_F005;exc;Oh like that one movie.  What's that one movie I just saw? No.  Where she like swallows the...;sur
Ses03M_impro03_F006;exc;oh, I don't remember.  Everybody Says I Love You with Drew Barrymore...no you haven't seen it?  Okay.;sur
Ses03M_impro03_F010;exc;[LAUGHTER] So nasty. No you... dirty me?;dis
Ses03M_impro03_M011;exc;Ah...Anyways, so she took the ring and she goes, is this real?  So I was like, of course--;neu
Ses03M_impro03_M012;hap;Sara and I--;neu
Ses03M_impro03_F012;hap;She actually asked if it was real?  I would've probably asked the same thing considering you were in Chuck E. Cheese.;sur
Ses03M_impro03_M013;exc;Come on. It was her birthday.;ang
Ses03M_impro03_M014;hap;She wanted...she always wants something spontaneous.;neu
Ses03M_impro03_F015;neu;Yeah.  That's, you know, okay.;neu
Ses03M_impro03_M015;hap;I couldn't, I couldn't afford the Red Lobster. [LAUGHTER] What anyway?;sad
Ses03M_impro03_F016;hap;Oh god! You are damn cheap, cheap, cheap. Anyways, moving on. It's not like you're poor.  I mean your dad makes... okey;sur
Ses03M_impro03_M016;hap;So Okay then and.;neu
Ses03M_impro03_M017;hap;I got all the character animals to do a conga line,;neu
Ses03M_impro03_M018;hap;dim down the lights and uh, I got on one of the tables pulled her up.;neu
Ses03M_impro03_F017;hap;You had the mouse?;sur
Ses03M_impro03_F018;neu;Isn't it a rat?  It's a rat.  Chuck E. Cheese?;dis
Ses03M_impro03_M019;hap;Yeah.;neu
Ses03M_impro03_M020;hap;Chucky...I don't know.  I don't know. Anyways, I pull her up and I go, I go Sarah;neu
Ses03M_impro03_M021;hap;You're my guiding light, then they put on that song the I've had the time of my life, that song.;neu
Ses03M_impro03_F021;hap;Okay, that is really cheesy Joe.;hap
Ses03M_impro03_F022;hap;Oh that's kind of sweet.;hap
Ses03M_impro03_F023;exc;Wait, wait, wait I want you to marry me?  No, shouldn't you like be more like a question like, would you marry me?  Not like I want you to marry me.  It's like a demand.;fea
Ses03M_impro03_F024;exc;You marry me. I man I Jane, you Tarzan.;neu
Ses03M_impro03_F025;hap;She said sure?;sur
Ses03M_impro03_F026;hap;Sure?  Who says sure?  You say yes...I don't like--;sur
Ses03M_impro03_F027;hap;How long have you guys been going out?;neu
Ses03M_impro03_M028;neu;About two and a half weeks.;neu
Ses03M_impro03_F028;sur;What?;sur
Ses03M_impro03_M029;hap;Two and ...  We love each other. Yeah.;hap
Ses03M_impro03_F029;sur;What?;sur
Ses03M_impro03_F030;sur;Okay.  I haven't seen you in about two and a half years and I come back and you're getting engaged to somebody you only knew for;neu
Ses03M_impro03_M030;hap;You got to meet her, she's wonderful.;hap
Ses03M_impro03_M031;hap;She just graduated from high school and----she's planning to apply for colleges----and stuff.She's so great.  She has so much life and energy and stuff.;hap
Ses03M_impro03_F033;hap;She must be hot.;neu
Ses03M_impro03_M032;hap;Yeah, she is good-looking.;neu
Ses03M_impro03_M033;neu;I'm twenty eight years old.;fea
Ses03M_impro03_F036;neu;You still act like a boy.  And men take a lot longer to grow----I will tell you.;neu
Ses03M_impro03_M035;exc;I'm so excited.  It's going to be great.;hap
Ses03M_impro03_M038;neu;I'm still working at my parents' restaurant. Busing tables.;dis
Ses03M_impro03_M039;hap;Oh that's great. My mom said we can move in with her again if we run out of money.;hap
Ses03M_impro04_M000;sad;I'm just so tired all the time.;sad
Ses03M_impro04_F001;neu;Well have you been trying to get a job, look for a job or...?;neu
Ses03M_impro04_M001;fru;I've been looking for like eight months.;neu
Ses03M_impro04_F002;fru;I know.  It- It's really tough out there.  It's really hard to find a job.;sad
Ses03M_impro04_M002;fru;I'm tired of the same excuses.  No, no you're not qualified enough, wish you had more education.;sad
Ses03M_impro04_F003;neu;Well what are you looking for?  I mean--;neu
Ses03M_impro04_F004;neu;Well, okay. Well that's--;neu
Ses03M_impro04_M004;ang;Cause I went to Harvard.;neu
Ses03M_impro04_F005;sur;Well, that's what?  For what job?  Who...what jobs are you looking for?;sur
Ses03M_impro04_M005;fru;I applied as restaurant manager at P.F. Chang.  I applied at----Macy's store manager. Tried to get investment banking job with Deloitte and Touche.  I'm trying everywhere.;sad
Ses03M_impro04_M006;fru;You know what?  I've been working at temp jobs for the past six months.  You know how degrading it is?;dis
Ses03M_impro04_F007;sad;Yeah.;neu
Ses03M_impro04_F008;sad;Yeah.;neu
Ses03M_impro04_M008;ang;I'm smarter than half the people I work for.;neu
Ses03M_impro04_M009;fru;I don't know astronaut?  I don't know something crazy like that.;sur
Ses03M_impro04_F010;exc;Well what'd you major in?;neu
Ses03M_impro04_M010;fru;Biomedical Engineering.;neu
Ses03M_impro04_M011;fru;I don't want to do engineering though.  It's so...I had the internship what, last summer,;sad
Ses03M_impro04_M012;fru;and I was pulling my hair out and it was like, oh my God.  So I just had to finish the major so now they're like, why are you an engineering major, and why are you working, trying to work at a restaurant.  And it's like I don't know just give me the damn job.;sur
Ses03M_impro04_M013;fru;Why all these questions?;sur
Ses03M_impro04_M014;neu;Oh yeah?  What kind of jobs they got?;sur
Ses03M_impro04_F014;neu;I am...just like a law clerk.;neu
Ses03M_impro04_M015;dis;I don't want to be a law clerk.;sad
Ses03M_impro04_F015;neu;Well, I'm moving up.  I mean it could be...;neu
Ses03M_impro04_M016;fru;To be a lawyer?  You go to law school now?  God this is, all these dead ends.;sur
Ses03M_impro04_M017;fru;And plus my car is breaking down-;sad
Ses03M_impro04_M018;fru;-they're evicting me from my apartment.;ang
Ses03M_impro04_M020;fru;No.  I'm not going to...yeah, they'd laugh in my face.;hap
Ses03M_impro04_M021;fru;No. I got a sixteen hundred on my S.A.T..;neu
Ses03M_impro04_M022;fru;I'm freaking----typing sixty words a minute.;ang
Ses03M_impro04_M023;fru;Sixty words.  Sixty words a minute.  Hey how are you doing Mr. Smith?  Oh, you know, it's just like God, I just want to shoot you Mr. Smith.;sur
Ses03M_impro04_M024;neu;Yeah.  It's alright.  But--;neu
Ses03M_impro04_M025;fru;I'm not cut to be a receptionist.;sad
Ses03M_impro04_M026;sad;No.;neu
Ses03M_impro04_M027;fru;Oh yeah.  I will be a full time receptionist.  Harvard degree, sixteen hundred on my S.A.T.--;hap
Ses03M_impro04_F023;neu;Well... If you need something, I mean, you're just going to---can get a temporary thing right now and then look for something--;neu
Ses03M_impro04_M028;fru;#NOME?;neu
Ses03M_impro04_M029;fru;That's what I've been doing, temporary things;neu
Ses03M_impro04_F024;fru;Oh I know.  But--;fea
Ses03M_impro04_F025;neu;-it's going to get better I promise you. You just got to hang in there. Everyone, I mean, you know?;neu
Ses03M_impro04_M030;sad;Maybe I'll just kill myself.;sad
Ses03M_impro04_F026;sur;What?  You can't...what?  Now come on.  Stop it.  Don't be talking like that.;sur
Ses03M_impro04_M031;sad;I was just joking...;neu
Ses03M_impro04_M033;fru;Yeah.  I--they said Brian you're too smart.  You don't need us.;neu
Ses03M_impro04_M034;fru;Go out and take over the world by yourself and I'm like what?;neu
Ses03M_impro04_F028;fru;Well obviously it's not working.  Just cause you got sixteen hundred on your S.A.T. doesn't guarantee you a job.  I mean it should really but--;neu
Ses03M_impro04_M035;fru;I don't know.  I don't know.  I know I'm just going to have to keep on looking, keep on searching-;neu
Ses03M_impro04_M036;fru;and I'm never going to find anything probably but I'll just keep working hard at it-- Yeah. Okay.  Positive, I'm going to do good, find that job.;neu
Ses03M_impro04_F029;neu;You got to be positive man.  You got to try to just--;neu
Ses03M_impro04_F030;neu;But you got to be real about it.  You have to...;neu
Ses03M_impro04_M037;fru;Yeah.  I got eighteen hundred on my S.A.T..;neu
Ses03M_impro04_F031;neu;Sixteen hundred.;neu
Ses03M_impro04_M038;neu;Same difference.;neu
Ses03M_impro04_F032;neu;Twenty-one hundred?;sur
Ses03M_impro04_M040;fru;But I'm doomed.  Yeah I got so good I was over twenty one hundred.  Now what am I doing?;sad
Ses03M_impro04_M041;hap;Like, wow you're really smart we're going to give you an extra [GARBAGE].;sur
Ses03M_impro05a_F000;neu;Can I help you sir?;fea
Ses03M_impro05a_M000;ang;Yes you can help me.  Where is my luggage?;fea
Ses03M_impro05a_F001;neu;Well, let me just check on that for you.  Where are you coming--?;neu
Ses03M_impro05a_M001;ang;Yeah.  You do that.  I'm coming from Baltimore.  You know where that is?;neu
Ses03M_impro05a_F002;neu;Sir, yes it's in Maryland.  It's okay...well, I'm...just let me check here.;neu
Ses03M_impro05a_M002;ang;I had eight hundred pounds of luggage.;neu
Ses03M_impro05a_F003;fru;Okay.  Sir?  Can you...if you just give me one moment and let me just check okay?;neu
Ses03M_impro05a_M003;ang;Okay.  Check.;neu
Ses03M_impro05a_F004;fru;Alright.  And you're coming-- Wait, hold on sir.  You're coming from Baltimore into LAX right?;neu
Ses03M_impro05a_M004;ang;Is it there?;sur
Ses03M_impro05a_M005;ang;Yes.;neu
Ses03M_impro05a_F005;neu;Okay and this is direct flight?;neu
Ses03M_impro05a_M006;ang;You don't know where we're at?;sur
Ses03M_impro05a_M007;ang;God.;sur
Ses03M_impro05a_F006;fru;I'm asking you if this is direct flight from Baltimore to LAX or if you have to stop--;neu
Ses03M_impro05a_F007;neu;You're at me and I'm going to try to help you out sir but you just have to cooperate with me--;ang
Ses03M_impro05a_M010;ang;Okay.  What do you want?;neu
Ses03M_impro05a_F008;neu;How many pieces of luggage do you have checked in?;neu
Ses03M_impro05a_M011;ang;Eight.  And they're all gone.;sur
Ses03M_impro05a_F009;neu;Eight pieces of luggage.  Okay.;neu
Ses03M_impro05a_M012;ang;And what are you going to do about it?  You going to call someone?  You going to send me somewhere else?;sur
Ses03M_impro05a_F010;fru;No.  I'm just going to check--;neu
Ses03M_impro05a_M013;ang;It's my mother's funeral tomorrow and the urn is in the suitcase.;sad
Ses03M_impro05a_F011;neu;I'm sorry sir.;sad
Ses03M_impro05a_M014;ang;Yeah.;neu
Ses03M_impro05a_F012;neu;I'm very sorry but let's check on this immediately.  This is definitely an emergency.  It seems--;sad
Ses03M_impro05a_M016;ang;Oh, oh, that's a good deduction.;hap
Ses03M_impro05a_F014;neu;Yes--it is;neu
Ses03M_impro05a_M017;ang;Sherlock Holmes.  God, where's my luggage?;sur
Ses03M_impro05a_F015;fru;Sir, Please please, I would ask you to just calm down for a second--;fea
Ses03M_impro05a_M018;ang;Calm down?  It's my mother's funeral tomorrow.  I'm the one responsible for this.;sad
Ses03M_impro05a_F016;neu;Okay.  We will find your luggage.  Apparently because it somehow...what flight you were taking, you were on Delta?;neu
Ses03M_impro05a_M020;ang;What is the matter with you?;ang
Ses03M_impro05a_F018;ang;Sir, I just...you need to calm down is what needs to happen right now.;neu
Ses03M_impro05a_M021;ang;Don't yell at me.;ang
Ses03M_impro05a_F019;fru;Okay.  I'm not.  I'm sorry, I am being--;fea
Ses03M_impro05a_F020;fru;calm.  Sir, okay basically what- what's going to happen here is you're going to give me your contact information and we will contact you--;neu
Ses03M_impro05a_M022;ang;Oh my God.  I think a blood vessel burst in my head.;sur
Ses03M_impro05a_F021;neu;Please, please;neu
Ses03M_impro05a_M023;ang;What?;sur
Ses03M_impro05a_F023;neu;Okay.  We can get it here in about seven to ten business days.;neu
Ses03M_impro05a_M024;ang;What?  Are you kidding me?;sur
Ses03M_impro05a_F024;neu;Yes.  Well, because--;neu
Ses03M_impro05a_M025;ang;Give- Give me your manager right now.;neu
Ses03M_impro05a_F025;neu;I am the manager sir.;neu
Ses03M_impro05a_M026;ang;You're the manager? You don't know where you work for, you don't know where you're at and you're the manager?;sur
Ses03M_impro05a_M027;ang;Whose daughter are you?;sur
Ses03M_impro05a_F027;fru;Sir?;sur
Ses03M_impro05a_M028;ang;Sir. Sir. Sir. Sir;neu
Ses03M_impro05a_F028;ang;What is your name?;neu
Ses03M_impro05a_M029;ang;My name is Brent Caption.;neu
Ses03M_impro05a_M030;exc;Now what are you going to do about it?;ang
Ses03M_impro05b_F000;neu;Can I help you sir?;fea
Ses03M_impro05b_M001;fru;I've been here for four hours and I don't know where one piece of my luggage is;sur
Ses03M_impro05b_F001;neu;Okay.  Well let's...well I'm going to go ahead and check on that for you.  You're coming from...where are you coming from?;neu
Ses03M_impro05b_M002;fru;Baltimore.;neu
Ses03M_impro05b_F002;neu;Baltimore and this is a direct flight to LAX;neu
Ses03M_impro05b_M003;fru;Yes.;neu
Ses03M_impro05b_F003;neu;Okay.  Let's look up here;neu
Ses03M_impro05b_M004;fru;You know and they've looked it up before and it's not there.;neu
Ses03M_impro05b_F004;neu;Okay.  Well you um-...;neu
Ses03M_impro05b_M005;fru;Now what are you going to do for me different? Hmm?;sur
Ses03M_impro05b_F005;neu;What I can do for you is uh we can uh report lost, lost property.;sad
Ses03M_impro05b_M006;fru;You can report lost property?;neu
Ses03M_impro05b_F006;neu;Yes.;neu
Ses03M_impro05b_M007;fru;Okay.  I'm leaving LA tomorrow for San Diego, driving there.  So, I'm going to leave without all my lost property?  That's what you want me to do? um;neu
Ses03M_impro05b_F007;neu;Well sir, if if...what I believe has happened is most of the flight was left--;neu
Ses03M_impro05b_F008;neu;the luggage was left in Baltimore.  Therefore--;neu
Ses03M_impro05b_M008;ang;Most of the...;neu
Ses03M_impro05b_F009;neu;Like the luggage, the luggage on the flight.;neu
Ses03M_impro05b_F010;neu;No actually it was...this is the first time this has ever happened.  I don't know what happened--;sur
Ses03M_impro05b_M010;fru;Are you going to refund us for our luggage, refund us for our tickets for this?;ang
Ses03M_impro05b_F011;neu;Well, we can give you um- hotel lodging for a night if that--;neu
Ses03M_impro05b_M011;ang;I'm going to San Diego tomorrow to stay with my family.  What do I need hotel lodging for hmmm?  Can you tell me that?;sur
Ses03M_impro05b_F012;neu;For tonight- For tonight sir.  Would you need to stay somewhere tonight?;neu
Ses03M_impro05b_F013;neu;We can do Holiday Inn or...?;neu
Ses03M_impro05b_M013;ang;Wow.  Thank you.  Holiday Inn.  Wow.  Thank...the flight cost five hundred dollars.;sur
Ses03M_impro05b_F014;neu;Sir I understand that but just--;neu
Ses03M_impro05b_M014;ang;Okay, so you can put me in Holiday Inn for twenty dollar a night?;neu
Ses03M_impro05b_F015;neu;Did you have your name tags on the luggage?;neu
Ses03M_impro05b_M015;ang;Of course I had my name tags on the luggage.;neu
Ses03M_impro05b_F016;neu;Okay.  So if you can just give me your name, your name and your address and your phone number I can contact you as soon as we find out more information.;neu
Ses03M_impro05b_M016;ang;Soon as you...that's not good enough okay?;dis
Ses03M_impro05b_F017;fru;Sir, please calm down.;neu
Ses03M_impro05b_M017;fru;I need you to help me out here.  Can you get on the phone and get the luggage over on the fastest flight you can and then maybe I won't get you fired.;neu
Ses03M_impro05b_M018;fru;If not, I'm going to get your name, I'm going to talk to your boss, whoever...I'm never going to fly...my business is never going to fly Delta again.;neu
Ses03M_impro05b_F018;neu;What is your business?;neu
Ses03M_impro05b_M019;neu;I work for IBM.;neu
Ses03M_impro05b_F019;neu;Okay.  Sir?  I am sorry to tell you this but this does happen. Uh- This is not uh- really,;sur
Ses03M_impro05b_F020;neu;I mean, our airline's fault.  I don't know what happened, misplaced, something happened but we will get you--;neu
Ses03M_impro05b_M020;ang;You misplace a lot of, eight pieces of luggage.;neu
Ses03M_impro05b_F021;neu;Well, the entire flight, sir, the luggage was placed on another plane that never actually left Baltimore.;neu
Ses03M_impro05b_F022;neu;Uh no I'm not.;neu
Ses03M_impro05b_M021;ang;Are you kidding me?;sur
Ses03M_impro05b_M022;ang;Who are you going to fire because of that?;sur
Ses03M_impro05b_F023;neu;Well we have some people back there that need some firing so, but I would just really appreciate--;hap
Ses03M_impro05b_M023;ang;Wow.  This has never happened before.  I've not lost,;sur
Ses03M_impro05b_M024;ang;in all thousand flights I've been on probably I can't even count how many flights I've been on.  This has never happened before.;sur
Ses03M_impro05b_M025;ang;This is the worst customer service I've ever gotten before.;dis
Ses03M_impro05b_F024;fru;Okay sir.  I'm sorry you can--um-;sad
Ses03M_impro05b_M026;ang;Okay.  Get on the phone and figure out where my luggage is and tell me when it's going to get there alright?;neu
Ses03M_impro05b_F025;fru;We already have been confirmed that it will be arriving in--uh--in about two days.;neu
Ses03M_impro05b_M027;ang;And and, in about...;neu
Ses03M_impro05b_M028;fru;Two days I'll be in San Diego and how's it going to get to me in San Diego?  You going to make sure it gets to the San Diego airport?;neu
Ses03M_impro05b_F026;fru;Uh, we can't--;neu
Ses03M_impro05b_M029;ang;Can you get it to the San Diego airport?  You get someone to drive it to my place alright? Then I get a refund for some...I get a free flight alright? I get free whatever.;neu
Ses03M_impro05b_F027;neu;Yes sir, Yes.;neu
Ses03M_impro05b_F028;neu;We can have them direct your luggage to San Diego.;neu
Ses03M_impro05b_M030;fru;Okay.  And you're going to give me what for my inconvenience?;ang
Ses03M_impro05b_F029;neu;Uh--;neu
Ses03M_impro05b_F030;neu;Some refreshments in the lobby?;neu
Ses03M_impro05b_M031;ang;Some peanuts?  Wow.  That helps a lot.;sur
Ses03M_impro05b_M032;ang;Thanks you, thank you I don't have my luggage so you gave me a Holiday Inn stay and peanuts.  Wow.  You know what?;sur
Ses03M_impro05b_F031;fru;eh- we actually--;neu
Ses03M_impro05b_M033;ang;I will never do business with Delta again.;sad
Ses03M_impro06_F000;sad;How's it going?  How are you feeling?;sad
Ses03M_impro06_M000;sad;I ah--;neu
Ses03M_impro06_M001;sad;alright.;neu
Ses03M_impro06_F001;sad;Hanging in there?;sur
Ses03M_impro06_M002;sad;Yeah.;neu
Ses03M_impro06_F002;sad;So sad.;sad
Ses03M_impro06_M003;sad;It just feels like I was talking to him yesterday.;neu
Ses03M_impro06_F003;sad;Yeah.;neu
Ses03M_impro06_F004;sad;You guys were real close huh?;sur
Ses03M_impro06_M004;sad;He was my only friend growing up.;dis
Ses03M_impro06_M005;sad;no one else would talk to me but he would.;neu
Ses03M_impro06_M006;sad;He was supposed to be the best man at my wedding.;hap
Ses03M_impro06_F005;sad;I'm so sorry.;sad
Ses03M_impro06_M007;sad;Yeah.;neu
Ses03M_impro06_M008;sad;You know I was always the one to tell him to be more wild you know?;neu
Ses03M_impro06_M009;sad;And he just took it overboard.;neu
Ses03M_impro06_F007;sad;What happened?  What went wrong?;sur
Ses03M_impro06_M010;sad;You know a stupid case of drunk driving it's just...;dis
Ses03M_impro06_M011;sad;and the worst part of it is that he was in the car with his girlfriend,;dis
Ses03M_impro06_M012;sad;his girlfriend got killed too.;sad
Ses03M_impro06_F008;sad;Oh man.;sur
Ses03M_impro06_M013;sad;And the car that he hit was his family.;neu
Ses03M_impro06_F009;sad;How are they?;sur
Ses03M_impro06_M014;sad;The mother and father died--;sad
Ses03M_impro06_M015;sad;and the kids are paralyzed in a coma right now.;sad
Ses03M_impro06_M016;sad;and just going to the funeral it's-;hap
Ses03M_impro06_M017;sad;-do I miss him or do I hate him, you know?;ang
Ses03M_impro06_F010;sad;Yeah.  Like I mean if you need anyone to talk to or anything I'm here for you okay?;neu
Ses03M_impro06_F011;sad;We're all here for you.;neu
Ses03M_impro06_M018;sad;I was supposed to see him last summer;sad
Ses03M_impro06_M019;sad;then I got busy with work and stuff and three years go by;sad
Ses03M_impro06_M020;sad;and then something like this happens you know?;sur
Ses03M_impro06_M021;sad;I mean I haven't even talked to him on the phone for the past three months.;dis
Ses03M_impro06_M022;sad;He's supposed to be my best friend.;neu
Ses03M_impro06_F012;sad;I know.;neu
Ses03M_impro06_F013;sad;just things happen in life and you just...there's just no explanation you know?  We just don't...;sur
Ses03M_impro06_M023;sad;It's so fucked up.;ang
Ses03M_impro06_F014;sad;Yeah.;neu
Ses03M_impro06_F015;sad;I'm so sorry.;sad
Ses03M_impro06_M024;sad;Why is that?;sur
Ses03M_impro06_M025;sad;He was studying to be a doctor.;fea
Ses03M_impro06_M026;sad;I mean he was...he wanted to help people in poor countries, that is his goal.  He didn't care about the money.  He just wanted to go and help people.;dis
Ses03M_impro06_M027;sad;What the...what am I doing?;sur
Ses03M_impro06_M028;sad;Working for corporate America?  Wow.;sur
Ses03M_impro06_M029;sad;He actually wanted to do something.;ang
Ses03M_impro06_F016;sad;Well now you can follow his footsteps, you know?  Carry out what he wanted to do.;neu
Ses03M_impro06_M030;sad;I can't do that.;sad
Ses03M_impro06_F017;sad;Well sure you could.;neu
Ses03M_impro06_M031;sad;You should've met him.;neu
Ses03M_impro06_M032;sad;He is the greatest...everyone liked him.;hap
Ses03M_impro06_F018;sad;Yeah.;neu
Ses03M_impro06_F019;sad;I would've loved to.;sad
Ses03M_impro06_F020;sad;Now I can't.;ang
Ses03M_impro07_F000;hap;Hey.  How's it going?  I haven't seen you in awhile.;sur
Ses03M_impro07_F001;hap;What's going on Joe?;sur
Ses03M_impro07_M002;exc;Guess who got into U.S.C.?;neu
Ses03M_impro07_M003;exc;Me. Yeah, I did.;neu
Ses03M_impro07_F003;sur;No way. Are you serious? Oh my God.  Congratulations. I'm so excited.;sur
Ses03M_impro07_M004;exc;Yeah.;neu
Ses03M_impro07_M005;exc;I got into the...;neu
Ses03M_impro07_M006;exc;I got into cinema production.;hap
Ses03M_impro07_F004;sur;No.  You didn't get into production.  There's no way.;neu
Ses03M_impro07_M007;exc;Yeah.;neu
Ses03M_impro07_M008;exc;No.  It's like it's harder than getting into Harvard.;fea
Ses03M_impro07_F005;sur;I know.  Oh my God.  Oh my God Joe I am so happy for you.  Well you know what that means?;hap
Ses03M_impro07_M009;neu;What does that mean?;sur
Ses03M_impro07_F006;exc;You're going to be here and I'm going to be in LA so we can be together now.  I mean we can be in the same city.;neu
Ses03M_impro07_M010;exc;Holy shit...;sur
Ses03M_impro07_F007;exc;We can party.  We can have fun.;hap
Ses03M_impro07_M011;exc;This will be like high school but even better.;neu
Ses03M_impro07_F008;hap;Yeah.  Hopefully it won't be like high school.;neu
Ses03M_impro07_F009;exc;Oh man I am so proud of you, that is...how did you get...I mean what did you do?  How did you find out or what...?;sur
Ses03M_impro07_M013;exc;I have some bad news.  I was like what?  She's like not really you got into U.S.C. and I was like, I was like oh my God.  I was about to tear my own hair out.;sur
Ses03M_impro07_F010;hap;Oh man.;sur
Ses03M_impro07_M014;hap;Yeah.  This is so crazy.  I mean I didn't get into any other school but I got into the school I wanted.;dis
Ses03M_impro07_F011;hap;Did you say yes yet?  I mean have you sent in your answer?;sur
Ses03M_impro07_M015;exc;Oh my God the first minute I got it I sent it back in.;sur
Ses03M_impro07_F012;hap;All right.;neu
Ses03M_impro07_M016;exc;So...;neu
Ses03M_impro07_F013;hap;This is so great, you know, because I gone fit on downtown so I'm going to be like right here.  I think I'm going to be living at City Lights downtown.;neu
Ses03M_impro07_M017;exc;This is so exciting.  This is like a new chapter in our lives.;hap
Ses03M_impro07_F014;hap;Yeah, it really is.;neu
Ses03M_impro07_M018;exc;We're doing what we want to do, then four years later we're going to be working professionals, making money, sipping martinis every day.;neu
Ses03M_impro07_F016;exc;Man I'm just so happy for you.  I just--;hap
Ses03M_impro07_M019;exc;Thank you;neu
Ses03M_impro07_F017;hap;Well, I'm happy for you but I'm happy for me cause that means you're going to stay.;hap
Ses03M_impro07_M020;exc;And tonight my parents want to take me out to sushi and they said I could bring you.;hap
Ses03M_impro07_F018;exc;Oh great. I would love to go.;hap
Ses03M_impro07_M022;exc;Yeah and they said get whatever you want and...;neu
Ses03M_impro07_F019;hap;Mmmm some miso soup.;neu
Ses03M_impro07_M023;exc;Some miso soup.  You can get whatever.  You can get a vat full of miso soup.  God.;hap
Ses03M_impro07_M024;exc;This is going to be so great.  I have so many great ideas.;hap
Ses03M_impro07_M025;hap;It took them, oh man, it took them like, I mean what it's like April now and any letters that come in April are usually the rejection letters so I was just like...;neu
Ses03M_impro07_F023;neu;Oh my God.  I am so proud of you.;sur
Ses03M_impro08a_M000;neu;Hello.  This is Viacom Services.  How can I help you?;sad
Ses03M_impro08a_F000;fru;Hello?  God finally somebody, look, this is ridiculous.  I've been waiting online for like a half an hour now.;sur
Ses03M_impro08a_M001;neu;I'm sorry ma'am, what can I help you with?;sad
Ses03M_impro08a_F001;fru;Look my, my phone isn't working.  I don't understand what's going on.  I am trying to call out.  I'm not receiving any calls;sad
Ses03M_impro08a_F002;fru;and I need assistance with my...not only is my work phone, it's my home phone and look,;neu
Ses03M_impro08a_F003;fru;this is my business.  This is how I make money is through my phone.  It needs to be working.  Can you please help me?;neu
Ses03M_impro08a_M002;neu;Okay.  Can you give me the last four digits of your social security number so I can verify who I'm speaking with?;neu
Ses03M_impro08a_F004;neu;two two six six.;neu
Ses03M_impro08a_M003;neu;Okay.  And your name is?;neu
Ses03M_impro08a_F005;fru;Olivia.;neu
Ses03M_impro08a_M004;neu;Olivia. Um. Okay.  So how long has this problem been?;neu
Ses03M_impro08a_F006;fru;This has been going on for the past two weeks.  I called every single day.  Nobody is helping me.  You guys tell me the same thing over and over, call again, call again, call again--;neu
Ses03M_impro08a_M005;neu;So what exactly is the problem?;neu
Ses03M_impro08a_F007;fru;I don't, I don't know what the problem is.  That's what I want you guys to...why is my service not turned on?  And I paid my bills on time.  I don't understand.;sur
Ses03M_impro08a_M006;neu;Um- I think part of it has to do with the network being down.  It's been having some trouble the last few weeks--;neu
Ses03M_impro08a_F008;fru;Okay.  Well that is, that is fine and all.  I don't care.  I really don't care because I want my phone to work that's all.;neu
Ses03M_impro08a_F009;fru;That is I am paying you guys for service and I'm not getting any service.  I get, I get just dropped calls all the time and now it's completely not working at all.  I can't even call out, nine one one probably wouldn't even work.;sur
Ses03M_impro08a_M007;neu;I understand--we're not-;neu
Ses03M_impro08a_M008;neu;No.  Okay.  We're not charging you for any of these months.  We're going to give you three months free.;neu
Ses03M_impro08a_F010;fru;Well you better.  You better give me a whole freaking new phone that's what you better do.;ang
Ses03M_impro08a_M009;neu;We can give you a new phone--;neu
Ses03M_impro08a_F011;fru;I want a camera phone actually.;neu
Ses03M_impro08a_M010;neu;We can do that.  We can do that.  You just have to sign a one-year contract though with the--;neu
Ses03M_impro08a_F012;fru;No, no, no...  I'm done with these contract business because this is what can happen.;fea
Ses03M_impro08a_F013;ang;You sign the contract and then down the line the phone doesn't work and you're stuck, you can't go to a new...no.  No contracts for me.  You give me a new phone.;sad
Ses03M_impro08a_M011;fru;Besides, it's sort of out of hands at the moment----The whole electrical power outage.;neu
Ses03M_impro08a_F014;ang;I want to talk to a supervisor;fea
Ses03M_impro08a_F015;ang;I would like to talk to your supervisor.  Obviously you're incompetent and don't understand what I'm asking.;sad
Ses03M_impro08a_M012;neu;Um- Let me connect you to my supervisor.  Actually, he's out right now so I'm supervisor until he comes back. Um-;neu
Ses03M_impro08a_F016;fru;What?;sur
Ses03M_impro08a_M013;neu;So you could----speak with me some more, you could call back later on maybe.;neu
Ses03M_impro08a_F017;fru;That's ridiculous.  You know?;dis
Ses03M_impro08a_F018;fru;No I don't want to call back, you put me on hold for like hours and hours----and it's money, money, money, money and out of my pocket, out of my pocket--;ang
Ses03M_impro08a_M014;fru;I didn't put you on hold.;ang
Ses03M_impro08a_M015;fru;There are a lot of people calling us having problems.  Every phone company is having the same problems ma'am;neu
Ses03M_impro08a_F019;fru;Every phone...every single phone company?;sur
Ses03M_impro08a_M016;neu;Mmm hmmm.  Mmm hmmm.  The power outages, everything, hurricane Katrina. Everything's really messed up.;sur
Ses03M_impro08a_F020;ang;This is ridiculous.Well what are we supposed to do?  We starve then because I can't use my phone cause;ang
Ses03M_impro08a_F021;ang;I am a realtor and this is my business.  People are calling me all the time but you know, and I don't have a land line.  I can't afford to have a land line;sad
Ses03M_impro08a_M017;neu;don't you-;neu
Ses03M_impro08a_M018;neu;I'm really sorry ma'am.  There's not----a lot we can do for it.;sad
Ses03M_impro08a_F022;ang;That you better be sorry.;sad
Ses03M_impro08a_F023;fru;Well you're not helping me at all.  God this is so frustrating.;sad
Ses03M_impro08a_M019;neu;What I can do for you, if you want to make a call right now I could contact you through our computer.  I can call through my phone and you can speak through me.;neu
Ses03M_impro08a_F024;fru;What?  No.  That's way too complicated.  Look--;sur
Ses03M_impro08a_F025;fru;you need to fix my phone.  I don't care what you have to do--;neu
Ses03M_impro08a_M020;neu;I'm sorry it has to do with an electrical power outage and stuff--;sad
Ses03M_impro08a_M021;neu;Well, okay I'm going to give you a free phone card that you can use at any payphone and that's on us. Okay?;neu
Ses03M_impro08a_F027;fru;Yeah yeah, woman going out in South Central on the payphone at night.  Oh that's real safe.;neu
Ses03M_impro08a_M022;neu;I'm, I'm sorry you chose to live there um--;sad
Ses03M_impro08a_F028;fru;No, no, no.  I didn't choose to live here.  I work there.  Okay?  Yeah. work work work;sad
Ses03M_impro08a_M023;neu;Well I'm sure maybe there's a phone at work you could use.;neu
Ses03M_impro08a_F029;fru;We can't call out.  We can't make out-- line.  I don't work, I work at another office.;sad
Ses03M_impro08a_F030;fru;A law firm.  Thank you very much.;hap
Ses03M_impro08a_M024;neu;All right um--;neu
Ses03M_impro08a_F031;fru;I work out of my home as a realtor and because I don't have a land line, I need a phone and because of now I don't have one I don't know what to do.  And you're not helping me at all.;sad
Ses03M_impro08a_F032;fru;In fact, give me your name sir, what's your name again?;neu
Ses03M_impro08a_M025;neu;My name is Sara.;neu
Ses03M_impro08a_F033;fru;Okay.  Sara what?;neu
Ses03M_impro08a_M026;neu;Sara Brown.;neu
Ses03M_impro08a_F034;fru;Sara Brown.  Sara Brown, um- yeah, I'm going to get off the phone with you. And then I'm going to call back and I'm going to give your supervisor your name because you're obviously incompetent to work here.;neu
Ses03M_impro08a_M027;neu;You know maam, we record this conversation so anything you say can be proven in a law of court so keep that in mind.;neu
Ses03M_impro08a_F035;fru;What are you, what are you a police officer now?  You know, like I'm done, I'm over it.  Goodbye and I hope that you lose your job.;sur
Ses03M_impro08b_M000;neu;Hello?;neu
Ses03M_impro08b_F001;fru;Oh God I finally got...you know how long I've been waiting on line?  You put on hold for like five hours.  Geez.;sur
Ses03M_impro08b_M001;neu;I'm sorry ma'am.  What's the nature of your problem?  But first can I get you to tell me your first and last name?;sad
Ses03M_impro08b_F002;fru;I've already been through this five times with these people.  I've been calling every single day.;neu
Ses03M_impro08b_M002;neu;I know I just need to verify every time.  I'm sorry.;sad
Ses03M_impro08b_F003;fru;Olivia Brown.;neu
Ses03M_impro08b_M003;neu;Alright Ms. Brown what's the nature of your problem?;neu
Ses03M_impro08b_F004;fru;Well my phone isn't working and it hasn't been working for the last five days.;sad
Ses03M_impro08b_M004;neu;Oh.  I'm sorry. Um- Did you drop it in water?;sur
Ses03M_impro08b_F005;ang;Yeah, yeah, yeah you better be sorry.;sad
Ses03M_impro08b_F006;ang;No I did not drop my phone in water.  I'm not five years old and just dropped my phone anywhere I see it.  Okay this is my business.;neu
Ses03M_impro08b_F007;fru;Okay?  And it [GARBAGE]. My business is failing because my phone isn't working and I don't have a land line and I really can't handle this right now.;sad
Ses03M_impro08b_M005;neu;Um- well it's probably easy.  Can you any more symptoms either you're not receiving calls----ok, you're not receiving calls, not getting calls.;neu
Ses03M_impro08b_F008;fru;the symptoms- This [GARBAGE] a doctor's office. I'm not receiving calls...I can't receive- no, it's, it cuts me off--;sad
Ses03M_impro08b_M006;neu;Is the phone turned on?;neu
Ses03M_impro08b_F009;fru;Yes the phone turns on.  No I mean I'm using it not turning on the phone.  Of course it turns on.;neu
Ses03M_impro08b_M007;neu;Well, um- okay.  Your sim card is in- didn't fall out-;neu
Ses03M_impro08b_F010;fru;No- I don't have a sim card because it's Verizon and you guys don't use sim cards.;neu
Ses03M_impro08b_M008;neu;Alright.  Um- Well that could be the problem. cause--;neu
Ses03M_impro08b_M009;neu;you might have an older phone where we would use sim cards but probably not.;neu
Ses03M_impro08b_F011;fru;Okay no.  Sir, this is the deal.  My phone isn't working and I don't care what the problem is but it needs to work.  That's why I'm paying you guys to fix it.;neu
Ses03M_impro08b_M010;neu;Okay.  How about this we'll send you a brand new camera phone with palm pilot-- and-;neu
Ses03M_impro08b_F012;fru;I don't know even how to use that stuff it's too complicated.  I just want my flip phone to work----that's all I need;neu
Ses03M_impro08b_M011;neu;So we'll send it- And we'll give you, how about a free year's service?;neu
Ses03M_impro08b_F013;fru;Look, I am on the road all the time.  Do you understand how important?  I'm a woman, a single mother by herself working...what?;sur
Ses03M_impro08b_M012;neu;Tell them my name.  My name is Brent Backersen.;neu
Ses03M_impro08b_F014;fru;Brent Backersen, I am writing this down, Brent Backersen.  Alright.;neu
Ses03M_impro08b_M013;neu;Okay.  Tell them my - my ID number is two one three five.;neu
Ses03M_impro08b_M014;neu;Tell them that.  You can go in, get a brand new phone, they'll hook you up with service even give you a free three months--;neu
Ses03M_impro08b_F015;fru;I, I, I don't want a contract. Okay. I don't want any contracts.;ang
Ses03M_impro08b_M015;neu;It will be free.  No contract okay?;neu
Ses03M_impro08b_F016;fru;Really?  No contract?;sur
Ses03M_impro08b_M016;neu;Go in there, yeah, go in there.  Tell them Brent Backersen sent you.;neu
Ses03M_impro08b_M017;neu;the top of the line camera phone, game boy, anything you want. For free. And palm pilot.;neu
Ses03M_impro08b_M018;neu;They might only have orange.;neu
Ses03M_impro08b_M019;neu;Okay.  They can figure out pink for you.  So go in there and just tell them that and they'll hook you up with other goodies, stuff like that free service, no contract, no nothing.  Just for being a good customer;neu
Ses03M_impro08b_M020;neu;and battling through with us.;sad
Ses03M_impro08b_F021;neu;Alright. Well-  I guess - I guess that's okay but,;neu
Ses03M_impro08b_M021;neu;Yes.  You just tell them Brent Backersen sent you.;neu
Ses03M_impro08b_F023;neu;Okay.;neu
Ses03M_impro08b_M022;neu;Alright?  Great.  Have a nice evening.;hap
Ses03M_impro08b_F024;neu;Alright Thanks.;hap
Ses03M_script01_1_F000;neu;What's he going to say?  Maybe we ought to talk to him before he sees it.;neu
Ses03M_script01_1_M000;sad;He saw it.;neu
Ses03M_script01_1_F001;sur;What do you mean. He couldn't have seen it. I was the first one up, he was still in bed.;sur
Ses03M_script01_1_M001;sad;He was out there when it happened.;sur
Ses03M_script01_1_F002;sur;When?;sur
Ses03M_script01_1_M002;sad;About four in the morning.  I heard a crack and I looked out and he was standing right there when it happened.;fea
Ses03M_script01_1_M003;sad;I don't know. But after it cracked he ran back into the house and he cried in the kitchen.;sad
Ses03M_script01_1_F004;sad;Did you talk to him?;sur
Ses03M_script01_1_M004;sad;No.  I figured the best thing to do was leave him alone.;neu
Ses03M_script01_1_F005;sad;He cried hard?;sur
Ses03M_script01_1_M005;sad;I could hear it right through the floor.;fea
Ses03M_script01_1_F007;fru;Starting to dream about him again.  He's walking around at night again.;fea
Ses03M_script01_1_M006;sad;I guess he is.;neu
Ses03M_script01_1_F008;sad;He's getting just like he did after he died, you know?  What, what, what's the meaning of this?;sur
Ses03M_script01_1_M007;sad;I don't know.  But I know one thing mom, we made a terrible mistake with dad.;fea
Ses03M_script01_1_M008;fru;Being dishonest with him.  That kind of thing always pays off and now it's paying off.;neu
Ses03M_script01_1_M009;ang;You know that Larry's not coming back and I know that too.  Why we both go on letting him think that we both believe with him.;neu
Ses03M_script01_1_M010;fru;No I don't want to argue with him but, it's time that he realizes that nobody believes Larry's coming back anymore.;neu
Ses03M_script01_1_M011;ang;Why shouldn't he walk around and dream at him at night.  Walk around.  Why shouldn't he walk around?  Why shouldn't he dream of him, walk around at night waiting for him?  Do we contradict him?  Do we say flat out that we don't have anymore hope?;fea
Ses03M_script01_1_M012;ang;That we haven't had any hope for years now?;neu
Ses03M_script01_1_F013;fru;How are you going to prove it?  Can you prove it?;sur
Ses03M_script01_1_M014;fru;Larry's been gone for three years.  For god sakes no one comes back after three years.  It's insane.;sur
Ses03M_script01_1_F015;fru;he still thinks he's alive still.  I mean you could talk yourself blue in the face and there's no body and there's no grave so where are you?;sur
Ses03M_script01_1_M015;fru;Listen mom, just, sit down.  I want to talk to you.;neu
Ses03M_script01_1_F016;ang;No.  It's his god damned newspapers is what it is.  Now every month there's a new boy comes home and Larry's going to be the next one.;dis
Ses03M_script01_1_M016;fru;Alright. Alright. Alright just listen.;neu
Ses03M_script01_1_M017;neu;You know why I asked Annie here, right?;neu
Ses03M_script01_1_F017;ang;Why?;sur
Ses03M_script01_1_M019;neu;I want to ask her to marry me.;sad
Ses03M_script01_1_M020;fru;You know it's not just my business.;neu
Ses03M_script01_1_F020;ang;Well what do you want me to do?  I mean, you're old enough to know your own mind.;neu
Ses03M_script01_1_M021;neu;Okay.  So then it's alright.  I'll go ahead with it.;neu
Ses03M_script01_1_F021;neu;Well, I mean, you got to make sure your dad's not going--;neu
Ses03M_script01_1_M022;ang;Oh see then it's just not my business. God you infuriate me sometimes.  Isn't my business too if dad throws a fit?  Huh?  God you have such a talent for ignoring things.;ang
Ses03M_script01_1_F022;fru;Well I'm just saying--;neu
Ses03M_script01_1_M023;fru;She's not Larry's girl.;neu
Ses03M_script01_1_F025;fru;From your father's point of view he is still alive and if you try and take her that's just not fair.  You can't do that.;ang
Ses03M_script01_1_M024;fru;I don't know why it is but every time I reach out for something I want I have to pull back;neu
Ses03M_script01_1_F026;fru;And-And-And if you go on from there if you know already to go on from there, then you can.  But I'm telling you something that I don't know where to go.  You got it?  I mean, do you?;neu
Ses03M_script01_1_M026;fru;My whole entire, bloody life time and time again.;ang
Ses03M_script01_1_M027;ang;Well to hell with that.;ang
Ses03M_script01_1_F028;neu;Did you ask Annie yet?;sur
Ses03M_script01_1_M028;neu;I wanted to get this settled first.;sad
Ses03M_script01_1_M029;neu;Then I guess that's the end of it.;neu
Ses03M_script01_1_M030;sad;But from her letters I think she's forgotten him.  I'll find out.;neu
Ses03M_script01_1_M031;neu;And then we'll thrash it out with dad right?  Mom, don't avoid me.;neu
Ses03M_script01_1_F030;neu;Look, you never had seen many, many women.  You know?  I mean...;sur
Ses03M_script01_1_F031;fru;Well I just don't see why it has to be Annie.;sur
Ses03M_script01_1_M033;fru;Because it is.;neu
Ses03M_script01_1_M034;fru;It's just...that's just the way it is.  That's how I feel.  You know these years when I think of someone I want to marry I think of Annie.  What do you want a diagram?;neu
Ses03M_script01_1_F033;fru;No I don't want a diagram.;dis
Ses03M_script01_1_F034;fru;He thinks he's coming back. And you go off and marry that girl and you're just pronouncing him dead and what's going to happen to him?  I don't know.  Do you?  I mean, I don't know.;sur
Ses03M_script01_1_M035;fru;Alright then.;neu
Ses03M_script01_1_M036;sad;I've given it three years of thought and I thought that if I waited then dad would forget about Larry and then we could have a regular wedding and everything happy.;neu
Ses03M_script01_1_M037;neu;But if I can't have that here I'll get out.;neu
Ses03M_script01_1_M038;neu;I'll get out.  I'll marry her somewhere else.  Maybe New York.;neu
Ses03M_script01_1_M039;ang;I've been a good son too long.  A good sucker and I'm through with it.;sad
Ses03M_script01_1_F038;ang;You're just going to leave the business?  You have a business here.  You can't do that.;ang
Ses03M_script01_1_M040;ang;The business doesn't inspire me.;dis
Ses03M_script01_1_M041;ang;Yes.  I like it an hour out of the day.  If I have to grub for money all day long at least at evening I want it beautiful.  I want a family.  I want a wife.  I want some kids.  I want to build something I can give myself to.;hap
Ses03M_script01_1_M042;fru;Now Annie is in the middle of all that.  Where do I find it?;sur
Ses03M_script01_1_F040;sad;Tell me something.  You can leave this business?;ang
Ses03M_script01_1_M043;neu;Yes.  On this I would.;neu
Ses03M_script01_1_F042;fru;Alright but you can't talk like that you hear?;dis
Ses03M_script01_1_F043;ang;I mean what the hell have we worked for then?  I mean, it's all for you Chris.  The whole shooting match is for you.;ang
Ses03M_script01_1_M045;sad;I know.  Just you help me stay here.;neu
Ses03M_script01_1_F044;fru;Alright but you don't talk like that you hear?  You don't.;dis
Ses03M_script01_1_M046;sad;I am thinking like that.;neu
Ses03M_script01_1_F045;sad;I don't understand you do I?;sur
Ses03M_script01_1_M047;sad;No you don't.  I'm a pretty tough guy.;fea
Ses03M_script01_1_F046;sad;Yeah.  I can see that.;neu
Ses03M_script01_2_F000;ang;Why did he invite her here?;sur
Ses03M_script01_2_M000;fru;Why does that bother you?;ang
Ses03M_script01_2_F001;ang;Well she's been away for three and a half years in New York and suddenly she just shows up.;sur
Ses03M_script01_2_M001;neu;Well maybe, maybe he just wanted to see her.;neu
Ses03M_script01_2_M002;fru;uh-uh What do you mean?  They grew up next to each other their entire lives.  Why shouldn't he want to see her?;sur
Ses03M_script01_2_M003;fru;Hey don't look at me like that.  I don't know anymore than you.;neu
Ses03M_script01_2_M004;neu;Who said he even thought about that?;sur
Ses03M_script01_2_M005;neu;Well, so what?;ang
Ses03M_script01_2_M006;fru;Now listen kid...;ang
Ses03M_script01_2_F006;ang;No.  She's not his girl Joe and she knows that.;neu
Ses03M_script01_2_M008;neu;How do you know why she's waited?  Hmmm?;sur
Ses03M_script01_2_F009;ang;I mean, her faith is stronger than a rock.;neu
Ses03M_script01_2_F010;sad;My worst times I think about her, you know, and I;dis
Ses03M_script01_2_F011;sad;it's like I know as long as she's waiting I'm right again.;neu
Ses03M_script01_2_M009;fru;Look at how nice the day is.  What are we arguing for?;hap
Ses03M_script01_2_F012;ang;No.  Nobody in my house better dare and challenge her faith.  You know and maybe strangers but not his father, not his brother.;ang
Ses03M_script01_2_M010;fru;What do you want me to do?  What do you want?;fea
Ses03M_script01_2_M011;fru;But Kate...;neu
Ses03M_script01_2_F015;ang;Laugh, laugh at me but I will.  Because you know what happened when she came here?  When she came back she slept in his room, the memorial broke into pieces. Joe, look. Look at it. You got to believe with me.;neu
Ses03M_script01_2_M012;fru;Okay. Calm yourself. Just calm yourself.;neu
Ses03M_script01_2_F017;sad;Look, it was just last week that Detroit, some boy came back he had been away longer than Larry, you can read it for yourself. You above all people have got to believe.;neu
Ses03M_script01_2_M014;ang;Alright, alright, calm yourself okay?  Calm yourself. Wait, wait.  What do you mean, me above all?;fea
Ses03M_script01_2_M015;ang;Wait, what does that mean?  Me above all?;sur
Ses03M_script01_2_M016;ang;Look at you, you're shaking.;fea
Ses03M_script01_2_F019;sad;I can't help it.;sad
Ses03M_script01_2_M017;ang;What do I got to hide?  Huh?  What the hell's the matter with you Kate?;sur
Ses03M_script01_3_M001;neu;You're not sorry you came?;sur
Ses03M_script01_3_F004;sad;No.  I'm not sorry.  But I'm not going to stay.;sad
Ses03M_script01_3_M002;sur;Why?;sur
Ses03M_script01_3_F006;sad;Look,;ang
Ses03M_script01_3_F007;sad;you saw the way that she acted and then well, I mean, you, you were acting kind of...;dis
Ses03M_script01_3_M004;neu;What?;sur
Ses03M_script01_3_F008;sad;Well, I don't know, embarrassed of her since I came.;dis
Ses03M_script01_3_M008;hap;I mean, that's the reason why I asked you here.;neu
Ses03M_script01_3_F011;hap;Well,;neu
Ses03M_script01_3_M010;hap;I love you.;hap
Ses03M_script01_3_F012;hap;I guess that's why I came.;neu
Ses03M_script01_3_F013;hap;Look, I've been ready for a long, long time now.;neu
Ses03M_script01_3_F014;hap;Look, I almost got married two years ago.;sur
Ses03M_script01_3_F015;hap;You started to write me.;dis
Ses03M_script01_3_M016;hap;You felt something that far back.;neu
Ses03M_script01_3_F016;hap;Every day since.;neu
Ses03M_script01_3_F017;hap;I was waiting for you Chris, I mean, till then you never wrote and then when you did what did you say?;neu
Ses03M_script01_3_F018;hap;You'd always be so ambiguous.;neu
Ses03M_script01_3_M018;hap;Give me a kiss Ann, just give me...;neu
Ses03M_script01_3_M019;exc;Oh God.  Annie, I kissed Annie.  I kissed Annie.;sur
Ses03M_script01_3_F019;hap;I'll never forgive you for that.;sad
Ses03M_script01_3_F020;hap;I mean,  Why did you wait all these years?  There I was sitting around and wondering if I was crazy for thinking about you.;sur
Ses03M_script01_3_M021;hap;We're going to live now.  I'm going to make you so happy.;hap
Ses03M_script01_3_F021;hap;Not like that you're not.;neu
Ses03M_script01_3_M023;sad;Nothing.  Hey, let's drive somewhere.  I want to be alone with you.;sad
Ses03M_script01_3_M027;sad;You remember overseas I was in command of a company?;neu
Ses03M_script01_3_M028;sad;Well I lost them.;sad
Ses03M_script01_3_F029;sad;How many?;sur
Ses03M_script01_3_M029;sad;Just about all.;neu
Ses03M_script01_3_F030;sad;Geez.;dis
Ses03M_script01_3_M030;sad;Takes a little while to toss that off cause they weren't just men.;neu
Ses03M_script01_3_M031;sad;For instance, one time this...it had been raining several days and this one kid, he came up to me, he gave me his last pair of dry socks, put them in my pocket.;neu
Ses03M_script01_3_M032;sad;That's just a little thing but that's the kind of guys I had.  They didn't just die, they killed themselves for each other and I mean that exactly.;neu
Ses03M_script01_3_M033;sad;A little more selfish and they'd still be here today.  And I got this idea watching them go down.  See everything was being destroyed but there was one new thing that was being created.;neu
Ses03M_script01_3_M034;sad;It was a kind of responsibility, man for man.  You understand me?;neu
Ses03M_script01_3_M035;sad;And to show that and to bring that onto the earth again like some sort of monument standing right behind all of us and we could feel it and it would make a difference to him.;neu
Ses03M_script01_3_M036;sad;And then I came here and it was incredible.  There was no meaning in it here.  The whole thing to them was a kind of bus accident.;sur
Ses03M_script01_3_M037;sad;And I went to work with dad and that rat race again and I felt what you said, ashamed.  Somehow because nobody was changed at all.;dis
Ses03M_script01_3_M038;sad;It seemed to make a sucker out of a lot of guys.  I felt wrong to be alive.  I felt wrong to have that new checkbook,;sad
Ses03M_script01_3_M039;sad;open that new bank account, drive the new car and see the new refrigerator;neu
Ses03M_script01_3_M040;sad;cause you can take those things out of the war.  But you got to know, when you drive that car that it came out of the love that a man can have for a man and you got to be a little bit better because of that.;neu
Ses03M_script01_3_M041;sad;Otherwise what you have is loot and there's blood on it.;neu
Ses03M_script01_3_M042;sad;And I didn't want to take any of it and I guess that included you.;neu
Ses03M_script01_3_F031;sad;And you still feel that way?;neu
Ses03M_script01_3_F033;sad;that includes me too, I mean and the money, you have right to that money.  Your father put planes up in the air, good planes and he deserves it, you should be proud of that.  A man should be paid for that.;neu
Ses03M_script01_3_M045;hap;Annie I'm going to make a fortune for you.;hap
Ses03M_script01_3_F034;hap;What am I going to do with a fortune?;neu
Ses03M_script01_3_M046;hap;Buy some hats?;neu
Ses03M_script02_1_M000;exc;Hey, what time is it?  This pokes around midnight right?  God this is great isn't it?;sur
Ses03M_script02_1_M001;exc;Look at the night we got.  I wouldn't trade this for anything.;neu
Ses03M_script02_1_M002;exc;You know actually I wanted to go a little further up the coast and get away from all the lights and people but I was afraid you'd miss it.  How are you doing?;fea
Ses03M_script02_1_M003;exc;Is that, is that, nah, is that just Paul?  I can't even tell.;sur
Ses03M_script02_1_M004;exc;But if I can't tell, it probably isn't them isn't it?  Probably would be unmistakable wouldn't you think?  How are you doing?;sur
Ses03M_script02_1_M005;exc;Oh, you know what I forgot?  I forgot my flashlight.  How could I be so stupid?  I should've brought my flashlight.;sur
Ses03M_script02_1_F005;neu;Yes.;neu
Ses03M_script02_1_M014;exc;God.  Oh, you know what would be good right about now?  A six-pack.  A six-pack would be just the ticket.;sur
Ses03M_script02_1_M015;exc;I'm so stupid, I should've brought a six-pack.  God, I'm like a little kid.  It's amazing I get out of the house with my fly zipped up. Oh- [LAUGHTER];sur
Ses03M_script02_1_M016;exc;I wonder if they can hear us talk?  Or feel the vibrations in the sand when we move around?;sur
Ses03M_script02_1_M017;neu;Do you want my jacket?;neu
Ses03M_script02_1_F007;fru;It's past eleven, let's go.;neu
Ses03M_script02_1_F008;fru;There is no point in coming down here.;neu
Ses03M_script02_1_F009;fru;That's my point.;neu
Ses03M_script02_1_M020;fru;That's my point too...No.  No.  That's not my point.  My point is what's the point if we come down here if we just turn around and leave?;neu
Ses03M_script02_1_M023;exc;Honey, this is a natural phenomenon.  It only happens once a year.  I mean think about the people in Kansas, they would have to get hotel reservations and plane tickets to come and see this.  We're only forty minutes away.  This is too good to pass up.;neu
Ses03M_script02_1_F013;fru;Pass up what?  These fish swim up to shore, on the beach and then they flop around a little, they swim away and then they die.;neu
Ses03M_script02_1_M024;exc;Well this is like the highlight, the one night of their lives and that flopping around, that's laying eggs or spawning or mating or whatever you call it.;neu
Ses03M_script02_1_M025;exc;But this is the big night for these guys.  Their last, life's last orgy.;sad
Ses03M_script02_1_M026;exc;Yeah they do.;neu
Ses03M_script02_1_F015;fru;Augie.;neu
Ses03M_script02_1_M027;exc;Okay.  But it's fish that do something that no other fish do.  Like the swallows in Capistrano or the Lemmings that throw themselves off the cliffs, there's magic here and some mystery and a little bit of unexplainable.;sur
Ses03M_script02_1_F016;neu;I'm just not.;neu
Ses03M_script02_1_F018;fru;You also could remember that I got sand in my panties, we got in an argument over nothing, you got a sore throat and we didn't even get to see the Grunions.;dis
Ses03M_script02_1_F019;fru;You didn't see them the first time either.;sur
Ses03M_script02_1_M033;fru;We just weren't in the good spot.  This is a much better spot.  You know, I have a good instincts for these things.;neu
Ses03M_script02_1_M034;exc;Look, is that...no is that just seaweed?;dis
Ses03M_script02_1_M035;exc;You know, this is great isn't it?  You know, I wouldn't trade this for anything.;neu
Ses03M_script02_1_M036;exc;I mean, think about this, I know you're not interested but just think about this for a minute.;neu
Ses03M_script02_1_M037;exc;Somewhere out there, there's this huge silver mass of fish heading this way, they don't why, we don't know why, they just some little instinctual fire cracker went off in their bodies...;sur
Ses03M_script02_1_M038;exc;...like and they all just turned at once and formed a line as long as the California coast and started swimming this way.  They didn't, you know, they didn't make a decision, they didn't, you know, have boats or anything.  No one sent them an invitation or a map, they just started swimming as if that's the only thing that matters.;neu
Ses03M_script02_1_M039;exc;It's single mindedness with no mind.  It's urgency that's pure urge and they don't, they don't ask it a question, they don't give it a name, they just swim.;neu
Ses03M_script02_1_M040;exc;They just start swimming to this place right here where we stand for massive celebration of sex and death.;neu
Ses03M_script02_1_M041;exc;Oh, I'm giving myself goose bumps.  Look, all my hairs are standing up.;neu
Ses03M_script02_1_M042;exc;[BREATHING] So what do you think?;sur
Ses03M_script02_1_M043;exc;About what I just said?;sur
Ses03M_script02_1_M044;fru;It certainly is not.  It's;neu
Ses03M_script02_2_M000;exc;So what do you think?;neu
Ses03M_script02_2_F000;ang;About what?;sur
Ses03M_script02_2_M001;fru;About what I just said?;sur
Ses03M_script02_2_F001;ang;It's ridiculous.;dis
Ses03M_script02_2_M002;fru;It certainly is not.  It's a slightly exaggerated scientific fact.;neu
Ses03M_script02_2_F002;ang;It's PR.  I mean, somebody sold you a good bill about this wonderful event that going to happen on the beach.;neu
Ses03M_script02_2_M003;fru;I'm not the only one.  Look at all these people.;sur
Ses03M_script02_2_F003;ang;Yeah.  Everyone else was sold the same thing.  I mean, look, it keeps us excited, it keeps us coming back for more and you know, keeps us thinking life's going to start any minute now.;hap
Ses03M_script02_2_M004;fru;Are we talking about the same thing?;sur
Ses03M_script02_2_F004;ang;Look, I'm sorry but it's still just fish to me.;dis
Ses03M_script02_2_M005;fru;I thought you wanted to see it.;neu
Ses03M_script02_2_M006;fru;There's nothing to it.  The Grunions arrive, they do their little fish business, you know?  We go oh, ahh, look at the fish and they go home and we go home.;neu
Ses03M_script02_2_F007;fru;For heavens sake, grow up.  We're not going to see the Grunions.;ang
Ses03M_script02_2_M007;fru;Why not?;neu
Ses03M_script02_2_F008;fru;We never do, do we?  Have we ever?;sur
Ses03M_script02_2_M008;fru;Oh my gosh.  We missed them twice, that's hardly ever.;sur
Ses03M_script02_2_F009;ang;Okay.  Twice is as many times as we've tried and that's ever.;neu
Ses03M_script02_2_M009;fru;Carla, can I ask you something?;neu
Ses03M_script02_2_M010;fru;Don't take this wrong but, are you having your period?;neu
Ses03M_script02_2_F011;ang;Augie, god dammit, don't ask me that.  You always ask me that.  I hate it when you ask me that.  It's insulting.;ang
Ses03M_script02_2_M011;fru;What's bugging you then?;sur
Ses03M_script02_2_F012;fru;Look, it's pointless.  It's...we're not going to see the Grunions I mean, it's like waiting around to see Santa Claus, you know, it's...;dis
Ses03M_script02_2_F013;ang;Listen, I've waiting my entire life on this beach just standing there waiting for this fish to show up and these fish never show up.;neu
Ses03M_script02_2_M012;fru;I thought you wanted to see it.;neu
Ses03M_script02_2_F014;fru;God, you don't understand anything.;dis
Ses03M_script02_2_M013;fru;No, of course not.;neu
Ses03M_script02_2_F015;fru;I do.  I always do.  I keep thinking, this time will be the time and it never is.;neu
Ses03M_script02_2_M014;neu;Well, we're going to see it.;neu
Ses03M_script02_2_F016;ang;No we won't.  I mean, God, this isn't about the fish Augie.;sur
Ses03M_script02_2_M015;fru;What...I've been trying to, I've been trying to figure out the point where we went wrong and I can't seem to pinpoint that moment.;sur
Ses03M_script02_2_M017;neu;Let's see I took a shower, you were watching the news, you said hey, hey the Grunions are running tonight and I said great let's go, I feel lucky tonight.;hap
Ses03M_script02_2_M018;fru;And then I'm putting the animals out in the yard, I'm pulling the car out of the garage, putting my jacket on.;neu
Ses03M_script02_2_F017;fru;Look, do you remember the first time we came here?;neu
Ses03M_script02_2_F018;sad;We thought I was pregnant.;fea
Ses03M_script02_2_M019;neu;Wait a minute.  I've got it.;neu
Ses03M_script02_2_M020;neu;It was in the car right?  Driving past the Knickerbocker Liquor Locker...;sur
Ses03M_script02_2_M021;neu;And you said let's get some champagne and I said time's a wasting or something like that.;neu
Ses03M_script02_2_M022;neu;You want this to be like the other time right?  That's it right?;neu
Ses03M_script02_2_F023;sad;I'd rather not remember something...;dis
Ses03M_script02_2_F024;sad;Rather not hope for something.;sad
Ses03M_script02_2_F025;sad;No.;neu
Ses03M_script02_2_M024;fru;Do you want me to get some champagne?;ang
Ses03M_script02_2_F026;fru;No.;neu
Ses03M_script02_2_M025;fru;Take off our shoes?;sur
Ses03M_script02_2_F027;fru;No.;neu
Ses03M_script02_2_M026;fru;What?  Do you want me to breathe in your ear?;sur
Ses03M_script02_2_F028;fru;No.;neu
Ses03M_script02_2_F029;fru;No...No...No...;neu
Ses03M_script02_2_F030;fru;No...;neu
Ses03M_script02_2_F031;ang;I want things to turn out the way that they're supposed to be.;neu
Ses03M_script02_2_M028;ang;Welcome to the human race.;neu
Ses03M_script02_2_M029;ang;Do you think that this is what I had in mind?  That four years down the line that we'd get married and come to the beach and argue with each other over fish?  No.;neu
Ses03M_script02_2_M030;ang;I was just like you.  I thought it was going to be all peaches and roses and everything great and the sand in our toes and the wind in our hair and the fish will always come and the bills will pay themselves and we'd have three big fat rosy kids...;neu
Ses03M_script02_2_M031;ang;...and you know?  Baby the jokes on us.  Because you know what you get?  Do you know what you get Carla?  You get this.;hap
Ses03M_script02_2_F032;fru;This what...what's this?  This isn't anything. Alright.  Sure.  Standing on the beach, fighting and waiting.;ang
Ses03M_script02_2_M032;ang;Yes it is.;neu
Ses03M_script02_2_M033;ang;Right.;neu
Ses03M_script02_2_F033;ang;Cause everything isn't anything like I thought it would be.;neu
Ses03M_script02_2_F034;sad;This is just this.  You know?  I mean it's a lot and everything but it isn't somewhere else.  Do you know what I'm trying to say?;neu
Ses03M_script02_2_M035;fru;I'm trying to do the best I can.;neu
Ses03M_script02_2_F035;sad;I know you are Augie.  I know you wanted this evening to be nice.;neu
Ses03M_script02_2_F036;sad;I can't help thinking about being somewhere else.;sad
Ses03M_script02_2_M036;sad;Maybe if you were with someone else too.;neu
Ses03M_script02_2_F037;sad;I didn't say that.;neu
Ses03M_script02_2_M037;sad;I know.  But I know I don't make you happy.;sad
Ses03M_script02_2_F038;sad;Augie, whatever I'm doing I'd rather be doing with you.;neu
Ses03M_script02_2_F040;sad;If anybody wants to be with anybody else it's probably you.  Probably somebody who enjoys herself a little more and is not so hard.;neu
Ses03M_script02_2_F041;sad;Well, I guess this is the wrong spot for the right people.;neu
Ses03M_script02_2_M041;hap;I mean look at the view of the moon we got from here.;dis
Ses03M_script02_2_F042;hap;Yeah.  I noticed that.  It's real pretty on the water.;sur
Ses03M_script02_2_M042;hap;Hey, look what we got here.;ang
Ses03M_script02_2_F044;hap;Oh you brought refreshments.;neu
Ses03M_script02_2_F046;hap;No I'm beginning to think you might be right.;neu
Ses03M_script02_2_F047;hap;I think this may be the place for us after all.;neu
Ses03M_script02_2_F048;hap;I am sorry Augie.;sad
Ses03M_script02_2_M045;hap;Shh.  If we're very quiet the fish might come.;fea
Ses03M_script02_2_F049;hap;Or not.;neu
Ses03M_script02_2_M046;hap;Or not.;neu
Ses03M_script03_1_F003;exc;Now and always sweet.;neu
Ses03M_script03_1_M004;exc;I don't care then.;dis
Ses03M_script03_1_F004;exc;I mean, it was, it's bound to come out sooner or later.;neu
Ses03M_script03_1_F005;exc;That sent shivers up my spine.;fea
Ses03M_script03_1_M006;exc;No, wrong number.;dis
Ses03M_script03_1_F006;exc;Behave exquisitely.;neu
Ses03M_script03_1_F018;sad;That's serious enough.;sad
Ses03M_script03_1_M035;neu;I didn't hit you very hard.;neu
Ses03M_script03_2_M000;neu;Yes.  The real cause of that rile was Peter Burden.;neu
Ses03M_script03_2_F000;neu;Oh, come on, you knew there was nothing in that.;ang
Ses03M_script03_2_F001;ang;Presents?  A trivial little broach.;sur
Ses03M_script03_2_M003;ang;You went out of your way to torture me over Peter Burden.;ang
Ses03M_script03_2_F003;neu;No I didn't.  You made up the whole thing in your jealous imagination.;neu
Ses03M_script03_2_M004;ang;You must admit he was in love with you.;neu
Ses03M_script03_2_F004;neu;Just a little perhaps but nothing serious.;sad
Ses03M_script03_2_M005;ang;You let him kiss you. You said so.  What of it?;ang
Ses03M_script03_2_F006;neu;Well it didn't harm him, in fact, it pleasured him a lot and it didn't hurt me.;neu
Ses03M_script03_2_M006;ang;And what about me?;neu
Ses03M_script03_2_M007;ang;Oh, that's a nice point of view I must say.;hap
Ses03M_script03_2_M008;ang;Yeah, so am I.  Bored stiff.;sad
Ses03M_script03_2_M009;neu;You want some brandy?;neu
Ses03M_script03_2_M010;neu;I'll have a little I think.;neu
Ses03M_script03_2_F010;ang;I don't know why you want it.  You've already had two glasses.;sur
Ses03M_script03_2_M011;ang;No particular reason.  Anyhow they were very small ones.;neu
Ses03M_script03_2_F011;ang;I don't see what you have to go on and on with this kind of thing.;sur
Ses03M_script03_2_M012;ang;Oh my...just because I just...okay...;sur
Ses03M_script03_2_F012;neu;It's become a habit with you.;neu
Ses03M_script03_2_M014;ang;You needn't be so grand just because you don't happen to want any yourself at the moment.;neu
Ses03M_script03_2_M015;fru;Really Amanda.;neu
Ses03M_script03_2_F014;ang;What?;sur
Ses03M_script03_2_M016;fru;Nothing.;neu
Ses03M_script03_2_M017;fru;Going out somewhere dear?;sur
Ses03M_script03_2_F016;neu;No, just making myself beautiful for you.;neu
Ses03M_script03_2_F017;neu;That's the woman's job to lure the man.  Watch me a moment won't you?;neu
Ses03M_script03_2_M019;neu;Actually that's perfectly true.;neu
Ses03M_script03_2_M020;neu;Yes it is.;neu
Ses03M_script03_2_M021;neu;I think that;neu
Ses03M_script03_2_F024;ang;Adders don't snap, they sting.;ang
Ses03M_script03_2_F025;ang;They sting.;ang
Ses03M_script03_2_M025;fru;They snap.;ang
Ses03M_script03_2_F028;ang;Mind your business.;neu
Ses03M_script03_2_F029;ang;You're quite insufferable.  I expect it's because you're drunk.;ang
Ses03M_script03_2_M029;ang;I'm not in the least bit drunk.;dis
Ses03M_script03_2_F030;ang;You've always had a weak head.;neu
Ses03M_script03_2_M030;ang;Okay, like I mentioned before I had three very small, minute liquor glasses of brandy.  That's not even enough to get a child of two drunk.;neu
Ses03M_script03_2_F031;ang;On the contrary, a child of two can get violently drunk off just one glass of brandy.;dis
Ses03M_script03_2_M031;ang;Oh, what an interesting topic.  What about a child of four and a child of six?  A child of nine?;sur
Ses03M_script03_2_F032;ang;Shut up.;ang
Ses03M_script03_2_M032;ang;We might be able to bring up a splendid little debate about this intemperate tots.;neu
Ses03M_script03_2_F033;ang;Not very funny dear.  In fact, maybe you better have some more brandy.;sur
Ses03M_script03_2_M033;ang;Oh, thanks.  I think I will.;neu
Ses03M_script03_2_M034;ang;You better turn that off.;neu
Ses03M_script03_2_F036;neu;They are away in Tunis.;neu
Ses03M_script03_2_F037;fru;Turn it on again, please.;neu
Ses03M_script03_2_M038;ang;No I'll do no such thing.;ang
Ses03M_script03_2_F038;ang;Very well.  If you insist on being a boorish and idiotic.;neu
Ses03M_script03_2_M039;ang;Come on, turn it off.  It's driving me mad.;ang
Ses03M_script03_2_F039;ang;You are far too temperamental.  Try to control yourself.;ang
Ses03M_script03_2_M040;ang;Turn it--Turn it off.;ang
Ses03M_script03_2_F040;ang;Go away.  Go away.  I hate you.;ang
Ses03M_script03_2_M041;ang;Very amusing indeed.;hap
Ses03M_script03_2_F041;ang;I hate you.  Listen I'm sick and tired of listening to you, you sadistic bully.;ang
Ses03M_script03_2_M042;ang;You know what?  You're a vile, little, evil-minded, little, wicked beast and I never want to see you again.;dis
Ses03M_script03_2_F042;ang;This is the end.  Understand?  This is the end, here and now, forever and always.;fea
Ses03M_script03_2_M043;ang;You're not going nowhere. No you're not.;neu
Ses03M_script03_2_F043;ang;Oh, yes I am. Yes I am and you can't stop me.;fea
Ses03M_script03_2_M044;ang;Just shut up.;ang
Ses03M_script03_2_M045;ang;shut up. shut up.  I would-I would never marry you again if you came crawling back to me on your hands and knees because you're an evil-minded little vampire and I hope to God I never see you again.;ang
Ses03M_script03_2_F044;ang;Listen, you're a cruel fiend and I hate, loathe you.  Thank God finally, finally thank God I've realized just how horrible you are--and marry you?  Marry you?  Never. I will never marry you.  I will die die in torment-;fea
Ses03M_script03_2_F045;ang;Beast. Brute. Cad. Swine. Beast. Beast. Brute. Devil. Sorry.;sad
Ses03M_script03_2_M046;ang;Oh.;neu
Ses04F_impro01_M000;fru;Uh, lets- What do you need exactly?;neu
Ses04F_impro01_F001;fru;Well I filled out all the forms and I've given them to everyone and they keep sending me to someone else.;neu
Ses04F_impro01_M001;fru;You need a new license, is that what you're telling me?;sur
Ses04F_impro01_F002;fru;Yes.  I'm just trying to get a new license.;neu
Ses04F_impro01_M002;fru;Let me see the form. Just let me see the form. Yeah.  You filled this out wrong.  I can't - I can't - I can't do anything with this.;neu
Ses04F_impro01_F003;fru;Okay.  I did-;neu
Ses04F_impro01_M003;fru;Ma'am I cannot help you.  You need to fill out a new form and you need to get in the back of the line.;sad
Ses04F_impro01_F004;ang;I did exactly what they told me to do.;neu
Ses04F_impro01_F005;fru;I have done everything everyone in this entire place has told me to do.  I've been here for over an hour.  They make me wait in line.  Every single time I start over again.;neu
Ses04F_impro01_M004;fru;Ma'am I can't help you.  Do you understand?;fea
Ses04F_impro01_F006;fru;I have a life.  I have things to do.  I have places to go.  Can you not just put this through please?;neu
Ses04F_impro01_M005;ang;I've got a life too ma'am;hap
Ses04F_impro01_M006;fru;and I got to - i got to work here all day long.  Okay.  I've got to deal with you people all day.;neu
Ses04F_impro01_M007;fru;So what I need you to do is I need you to fill out this form correctly and go to the back of the line.;neu
Ses04F_impro01_F007;fru;Okay, that's nice. That's nice but I have done everything you people have told me to do. I don't understand why you can't just help me get this done.  It's simple, right?  License.  I need it. Can we just do this please?;neu
Ses04F_impro01_M008;ang;There's nothing I can do for you.  Do you understand that?  Nothing.;fea
Ses04F_impro01_M009;fru;What I need you to do is go to the back of the line,;neu
Ses04F_impro01_F008;ang;I've been to the back of the line five times.;neu
Ses04F_impro01_M010;fru;fill out this form and wait;neu
Ses04F_impro01_M011;ang;You're going to have to go back again.;neu
Ses04F_impro01_F009;ang;Okay.  What is it that I did wrong on the form that I have to start all over again?;neu
Ses04F_impro01_M013;fru;and you filled out-;neu
Ses04F_impro01_F010;ang;Okay.  Well, I can do that right here right now without going to the back of the line again.  See look initialed.  All done. Ready to go.;neu
Ses04F_impro01_M014;ang;Ma'am I have other people waiting in line right now.  I have other people waiting in line right now.;neu
Ses04F_impro01_F011;fru;I have been waiting for over an hour.;neu
Ses04F_impro01_M015;fru;This whole area of the form was not supposed to be filled out and you put the address in the wrong place;neu
Ses04F_impro01_M016;fru;Uhh, and you spelled your own name wrong.  So I need you to take that;neu
Ses04F_impro01_F012;ang;I'm not starting over again.  No I have done this five times.  I am not starting over again.;neu
Ses04F_impro01_M017;fru;and, uh, throw it away. I need you to fill out a new form.;neu
Ses04F_impro01_M018;fru;Ma'am you're going to have- you- look. You really- you really;sur
Ses04F_impro01_F013;fru;Look can you not just help me?;ang
Ses04F_impro01_F014;ang;I mean look she's -she's perfectly nice.  She doesn't mind waiting for a couple of minutes because I've been here all day. I have a job to get back to.  I have kids to pick up from school.  I can't just stay here.;hap
Ses04F_impro01_M021;ang;like I said before right now.;neu
Ses04F_impro01_F016;ang;This is your job is to help people like me who need to get a new license.;neu
Ses04F_impro01_M022;fru;Ma'am you are testing my patience.  Do you understand me?;fea
Ses04F_impro01_M023;ang;You're testing my goddamn patience.;ang
Ses04F_impro01_F019;ang;I'm testing your patience?;neu
Ses04F_impro01_M024;ang;I work in this fucking building all day. And I'm sick of it, okay?;dis
Ses04F_impro01_F021;ang;I don't need to be.  I need to go and do other things with my time.  Okay.;sad
Ses04F_impro01_F022;ang;Please just put the form in, take the picture, let me get my license and get the hell out of here.  Please.;ang
Ses04F_impro02_M000;sad;So you're leaving tomorrow.;neu
Ses04F_impro02_F000;sad;Yeah.  They just called.;neu
Ses04F_impro02_M001;sad;This is really-this is unfair.;ang
Ses04F_impro02_F001;sad;I know.;neu
Ses04F_impro02_M002;fru;I don't see [BREATHING];dis
Ses04F_impro02_F002;sad;I don't know what to say.  I don't want to go but I don't have a lot of choice.;sad
Ses04F_impro02_M003;fru;I mean we both knew that this was going to happen.  It's just that I feel that, you know, I don't want Susie growing up without a mother.;sad
Ses04F_impro02_M004;sad;And, uh, I'm afraid that if you, you know, when you leave, you won't come back.;fea
Ses04F_impro02_F003;sad;I'm going to come back.  I need you to believe that.;neu
Ses04F_impro02_M005;fru;You don't know that.;sur
Ses04F_impro02_M006;fru;I'll believe it, but- I'll believe it but it- I don't know that that's going to happen.;sur
Ses04F_impro02_F005;sad;Well you have to have faith because I don't have a choice and I have to go.;neu
Ses04F_impro02_F006;sad;Do you think I want to leave you?;neu
Ses04F_impro02_M008;fru;You have a choice.;neu
Ses04F_impro02_F007;sad;I have to do this.  I don't want to leave.  Do you think I want to miss seeing her grow up?;sad
Ses04F_impro02_M009;fru;I know.  It's just you don't have to do this for a living you know.;neu
Ses04F_impro02_M010;fru;You're a smart person.  There are other things you can do.;neu
Ses04F_impro02_F008;fru;Look we both knew what this meant when I signed on;neu
Ses04F_impro02_F009;sad;And now- and now it's really shitty timing but now I have to go.;sad
Ses04F_impro02_F010;fru;I mean I'm the one who has to leave here.  I'm the one who has to leave the two of you.  At least you get to be together.;sad
Ses04F_impro02_F011;sad;What's that supposed to mean?;sur
Ses04F_impro02_M012;sad;I mean we can't-we're not a complete family without you here.;sur
Ses04F_impro02_F012;ang;Well I'll come back.  What is that supposed to mean?  You're not willing to wait for me to come back?;neu
Ses04F_impro02_M013;fru;Of course I'm going to wait.  I just- I just don't like the idea of this happening because this isn't the last time this is going to happen. You're going to go on more tours and stuff.  I just- I can't-;neu
Ses04F_impro02_M014;fru;I can't deal with this emotionally.;sad
Ses04F_impro02_F013;fru;What do you want me to do?;ang
Ses04F_impro02_M015;fru;I want you to leave.  I want you to leave the service.;sad
Ses04F_impro02_F014;fru;Well I can't very well do it today.  I still have to leave tomorrow.;sad
Ses04F_impro02_M016;fru;You can do it today.  You don't have to do anything.  You don't have to do anything you don't want to do.;neu
Ses04F_impro02_F015;fru;You're not making this any easier for me, you know.  I'm the one who has to go and you're really not helping.;dis
Ses04F_impro02_M017;fru;Look I'm just telling you that you don't have to go.;neu
Ses04F_impro02_F016;fru;I do have to go. And I need to know that you're here waiting for me and that you believe that I'm coming back.;neu
Ses04F_impro02_M018;ang;That's all I'm saying... No you don't.;neu
Ses04F_impro02_F017;ang;Thanks that helps.;hap
Ses04F_impro02_M019;fru;It's just really unfair.  This is- this is bullshit.;ang
Ses04F_impro02_F018;ang;I feel much better now.;hap
Ses04F_impro02_M020;ang;You're acting like, you know, you're the one who's going all through, you know, all this shit and it's really- it's really not.;dis
Ses04F_impro02_F019;fru;I know I'm leaving you here with all the responsibility but at least you get to be with her.;neu
Ses04F_impro02_M021;ang;Yeah.  Of course I do because I didn't enlist in this stupid thing.  Why don't you just get out now and then-;ang
Ses04F_impro02_F020;fru;I will but I can't right now.;sad
Ses04F_impro02_M023;fru;Then go.  We'll be here when you get back.;neu
Ses04F_impro02_F022;ang;That's how you want to leave it?;neu
Ses04F_impro02_M024;sad;I don't know how else to leave it.  What, do you want me to lie to you?;sur
Ses04F_impro02_M025;sad;You want me tell you that I'm okay with it?;neu
Ses04F_impro02_F023;sad;I want you to be okay with it as much as you can be.  I mean it's not a great situation but we don't have an option here.;neu
Ses04F_impro02_M026;sad;Well I can't be okay with it the same way you can't not go.  It just doesn't work that way.;neu
Ses04F_impro02_F024;sad;Fine.;ang
Ses04F_impro03_F000;exc;I have something to tell you.;neu
Ses04F_impro03_M000;neu;What?  You seem so excited.;sur
Ses04F_impro03_F001;exc;It's really exciting.  Don't you want to guess?;hap
Ses04F_impro03_M001;neu;Uh, you got a new car, a new house. Uh, a dog.;hap
Ses04F_impro03_F002;exc;Look.;dis
Ses04F_impro03_M002;sur;Are you serious?  You're getting married.;sur
Ses04F_impro03_F003;exc;Yes.  He finally proposed.  I'm getting married.;hap
Ses04F_impro03_M003;exc;Holy shit that's amazing.;sur
Ses04F_impro03_F004;exc;I know. I'm so-;fea
Ses04F_impro03_M004;exc;Congratulations.;hap
Ses04F_impro03_F005;exc;Thank you. [LAUGHTER];neu
Ses04F_impro03_M005;exc;I'm invited, right.;hap
Ses04F_impro03_F006;exc;You think. [LAUGHTER];neu
Ses04F_impro03_F007;exc;Well actually we were just talking about today and I don't really want to do like the traditional church thing, you know.  So we are going to get married in the meadow.;hap
Ses04F_impro03_F009;exc;We're going to get married in the middle of a meadow. [LAUGHTER];hap
Ses04F_impro03_F010;hap;Everybody's going to come up. We're going to stay in all the pretty cabins up there and, um, everybody's going to have, you know, really flowery sort of naturey stuff.;neu
Ses04F_impro03_F011;exc;So pretty.;hap
Ses04F_impro03_F012;hap;Very Midsummer Night's wedding.;hap
Ses04F_impro03_F013;exc;Thanks. Thanks a lot.  You're really helping the Excitement here. I hope no one dies.;hap
Ses04F_impro03_F014;exc;Okey Well- well-, you know what?  I was hoping that you would help;sur
Ses04F_impro03_F015;exc;plan everything.  So then you can make sure that no one gets attacked by bears.;neu
Ses04F_impro03_M014;exc;Yeah.  I'll help plan.;neu
Ses04F_impro03_F016;exc;Yeah?;sur
Ses04F_impro03_F017;exc;Really?;sur
Ses04F_impro03_F018;exc;Okay.  It's going to be in, like, six months.  So we don't have a really long time.;neu
Ses04F_impro03_M018;neu;Why not browns?;neu
Ses04F_impro03_M019;neu;It's a light brown, tanish.;neu
Ses04F_impro03_M020;neu;I just think browns are really what you want to go with.  I mean I think there's more contrast between brown and green than there is-;neu
Ses04F_impro03_M021;neu;I know but you just asked me to-;neu
Ses04F_impro03_M023;fru;Come on.  Please will you do the greens and browns, just the browns for me?;neu
Ses04F_impro03_M027;neu;Okay.  Fine.  So green and what?;neu
Ses04F_impro03_M028;neu;Blue?;sur
Ses04F_impro03_M029;neu;Okay, fine. Greens and blues.;neu
Ses04F_impro03_M030;neu;Greens and blues and maybe a little light yellow?;neu
Ses04F_impro03_M031;neu;Yeah?;sur
Ses04F_impro03_F034;exc;Throw in a little- little, uh, trim in yellow.  Maybe some yellow flowers.;neu
Ses04F_impro03_M032;neu;Okay.  That sounds good. Um, and, uh, we're going to get like a five, uh, story cake, right?;hap
Ses04F_impro03_M033;neu;I mean, you know, you're going to have at least, like, two hundred and fifty people come.  So we're going to need, you know, just a huge buffet.;neu
Ses04F_impro03_F036;exc;Yes.;neu
Ses04F_impro03_M034;neu;Fried chicken, mashed potatoes.;neu
Ses04F_impro03_F038;exc;because you're going to take care of everything.  You're going to think of all the details that I forget.;neu
Ses04F_impro03_M035;neu;Well I can't be in charge of this.  I mean I got things I got to do.;neu
Ses04F_impro03_M036;exc;Well this is really exciting.  I mean- I just- I couldn't be happier right now.;hap
Ses04F_impro03_M037;exc;I'm thrilled.  God.;hap
Ses04F_impro03_F040;exc;Ha ha ha.;hap
Ses04F_impro03_F041;exc;Ha ha.;hap
Ses04F_impro03_M038;exc;Just ecstatic.  I can't believe you're my best friend;sur
Ses04F_impro03_F042;exc;Just couldn't be any cooler.;neu
Ses04F_impro03_M039;exc;You're my best friend, we're growing up and now you're getting married. that's amazing;sur
Ses04F_impro03_F043;exc;I know.  I've been waiting forever.  I can't believe it's finally happening.;sur
Ses04F_impro03_M040;exc;Wow.  I just- I- I- I feel like I'm going to faint.;sur
Ses04F_impro03_M041;exc;I'm so- all the blood;sur
Ses04F_impro03_F044;exc;You don't look like you're going to faint.;fea
Ses04F_impro03_M042;exc;has just rushed to my head, and I, and I mean honestly.;sur
Ses04F_impro03_M043;exc;I'm getting a little weak in the knees.;sad
Ses04F_impro03_F045;exc;So- So when are you getting married Mr. Excited?;neu
Ses04F_impro03_F047;exc;You haven't ruined it yet.;neu
Ses04F_impro03_F048;exc;You really like;hap
Ses04F_impro03_M047;neu;I don't know.  Okay.  I mean gosh.  There's just- look there's a lot of pressure in getting married, okay.;sur
Ses04F_impro03_F050;exc;You could make her that excited.  You really like her.  You guys have been together for a really long time now.;hap
Ses04F_impro03_F051;exc;[LAUGHTER] That's more than I needed to know.;neu
Ses04F_impro03_F052;exc;[laughter];neu
Ses04F_impro04_F000;neu;That's helpful.;neu
Ses04F_impro04_F001;fru;I just don't think I can do this anymore.  It's been a really long time and it's not like I'm not trying.;sur
Ses04F_impro04_M001;neu;Well I guess you're not trying hard enough.;neu
Ses04F_impro04_F002;fru;I am try-  it's been three years;sur
Ses04F_impro04_F003;fru;and I have gone everywhere I can think of.  I have given resumes.  I have done interviews.  I've tried to pull in favors.  I've asked everybody I know for help.  I don't know what else to do.;neu
Ses04F_impro04_M002;neu;Just, I don't know, maybe you're not smart enough.;neu
Ses04F_impro04_M003;neu;I mean I don't know just go out and keep trying. Just-;neu
Ses04F_impro04_M004;neu;I don't know.;sur
Ses04F_impro04_F004;fru;Okay but I've been trying for three years.  Three years and I haven't gotten a bite much less actually gotten hired, and I am smart enough.  Thank you very much.;hap
Ses04F_impro04_M005;neu;Hey.  Look, I mean- you know.;hap
Ses04F_impro04_F005;ang;I'm really good at what I do.  I just don't know how to make someone else see that.;sur
Ses04F_impro04_M006;neu;Look bananas don't grow overnight.  Okay.;neu
Ses04F_impro04_F006;ang;What?  Who says that?  Bananas don't grow overnight.;sur
Ses04F_impro04_M007;neu;You need that- Time-;neu
Ses04F_impro04_M008;neu;You know- You need to just- you need, I mean it takes time to get a good job.  I mean-;neu
Ses04F_impro04_F007;fru;Okay.  I think three years is a little excessive.;neu
Ses04F_impro04_M009;neu;look at me, like, you know. I mean, Hey, I- it took me, you know, like six years to get where I am now. I mean-;ang
Ses04F_impro04_F008;ang;Yeah but you weren't unemployed for three years trying to find any job.  I mean at this point I'm going to go drive a cab or, you know, work at the gas station or something.  I don't even- I don't know what to do anymore.;neu
Ses04F_impro04_M010;fru;I don't know.  I mean whatever.;sur
Ses04F_impro04_F009;fru;Nothing I'm trying seems to work. Just-;neu
Ses04F_impro04_F011;ang;Clearly everything you're doing is completely wrong.;ang
Ses04F_impro04_M013;neu;"I mean, well I mean i don't know; it doesn't really affect my life, you know.";neu
Ses04F_impro04_F012;fru;Well don't you understand that this is-;dis
Ses04F_impro04_M014;neu;Yeah, I understand, but-;neu
Ses04F_impro04_F013;ang;I don't even- I mean you have to have some kind of an idea.  Something you could possibly throw out there that I could maybe use.;neu
Ses04F_impro04_M015;neu;I don't know. Well like, I don't know. I mean-;dis
Ses04F_impro04_F014;ang;I mean it's not like this is an;neu
Ses04F_impro04_F015;ang;extreme request.  I want to find a job.  Everybody wants to find a job. It's really not that.;sad
Ses04F_impro04_M016;neu;Clearly- cle- clearly you're doing something wrong.;ang
Ses04F_impro04_F016;ang;Okay. Okay, Fine.;ang
Ses04F_impro04_M017;neu;'Cause if you've been looking, you've been applying for jobs for three years. And-;neu
Ses04F_impro04_F017;ang;Okey So I'm doing something wrong.  What am I doing wrong?;fea
Ses04F_impro04_F018;ang;I'm really good at what I do.  I'm smart.  I'm trained.  I have the education.  I'm talented.  I cannot-;hap
Ses04F_impro04_M018;neu;Are you- I mean do you like get dressed up and everything when you go to the job interview?;neu
Ses04F_impro04_F019;fru;Well yeah I mean I like take a shower and stuff.;neu
Ses04F_impro04_M019;neu;And you like- you know, you shave your legs and everything?;neu
Ses04F_impro04_F020;fru;[LAUGHTER] Yeah.  Usually.;neu
Ses04F_impro04_M020;neu;and I want- I mean you know you've got to, like, do your hair.  I mean- I don't know, it's like,;neu
Ses04F_impro04_F021;fru;Yeah, I- I make my;fea
Ses04F_impro04_F022;fru;I make myself very presentable before I go to any kind of interview.;neu
Ses04F_impro04_M021;neu;you know what I mean? You know, it's like they say presentation is, like eighty percent.;neu
Ses04F_impro04_M022;neu;or some- some large percent of- of success.;neu
Ses04F_impro04_F023;fru;Uhuh. Uhuh. Yeah, yeah. Good quote.;neu
Ses04F_impro04_M023;neu;Because I don't know I mean just, you know, just keep- keep- keep at it.  Keep trying.  Go-;neu
Ses04F_impro04_F024;fru;Buck-O. That's really helpful.  Just keep chugging along.  The little engine that could.;neu
Ses04F_impro04_F025;ang;Well you- just you're doing something wrong.;ang
Ses04F_impro04_M025;fru;Look if I could give you a job,if I could give you a job I would but I mean I'm not in that position. I'm-;ang
Ses04F_impro04_F026;fru;Well maybe you could help.  I mean you've got a job.  I'm willing to look outside of my realm.  I could try something else.;neu
Ses04F_impro04_M026;neu;Hey, I'd love to help you but I- you don't have the kind of training that I-;sad
Ses04F_impro04_F027;fru;I'll get it.  I just need a job.  I don't care what it is.;neu
Ses04F_impro04_M027;fru;So, go to McDonalds.;neu
Ses04F_impro04_F028;fru;Well I mean I need to make a little bit more than the minimum wage fry flipper.;neu
Ses04F_impro04_M028;neu;Well you've got to start somewhere.  I mean-;neu
Ses04F_impro04_F029;fru;I did start somewhere.  I worked my way up.  I'm not going to start at the bottom again.;neu
Ses04F_impro04_M029;fru;Well you're going to have to.  You don't really have an option.  What's your problem?;neu
Ses04F_impro04_F030;ang;What's my problem?  What's my problem? I don't have a job.;sur
Ses04F_impro04_M030;neu;I don't know it's like I'm trying to be-;sur
Ses04F_impro04_F031;ang;I thought I was pretty clear about what the problem was.;neu
Ses04F_impro04_M031;neu;I'm trying to be helpful.;sad
Ses04F_impro04_F032;fru;Well maybe you could be a little helpful.  I mean obviously you don't have any problems so would it really take so much time out of your day to just go ahead and help somebody else.;neu
Ses04F_impro04_M033;neu;I'm trying to watch TV.;sad
Ses04F_impro04_F033;fru;That's important.  That's really important.;hap
Ses04F_impro05_M000;fru;Welcome to Northwest Airlines.  How can I help you?;sur
Ses04F_impro05_F000;fru;You guys lost my bag.;ang
Ses04F_impro05_M001;fru;Did you file a complaint already?;sur
Ses04F_impro05_F001;fru;Yeah.  Yeah I did.;neu
Ses04F_impro05_M002;fru;Where?  Did you do it at the front desk or by the baggage claims?;sur
Ses04F_impro05_F002;fru;I-I don't know.  The place where they told me to go.  Look they told me to come talk to you because you guys lost my bag.  Not it's late.  Not it will be here soon, lost it completely.  What are you going to do about that?;sur
Ses04F_impro05_M003;fru;Ma'am, first of all I'd like you to calm down.  Second of all-;neu
Ses04F_impro05_F003;fru;Look that bag has my entire life in it and you just lost it.;sur
Ses04F_impro05_F004;ang;Lost it just, like, I mean,;neu
Ses04F_impro05_M005;fru;Ma'am, I understand that.;neu
Ses04F_impro05_F005;ang;it's not like it just disappeared into thin air. Somebody wasn't paying attention;neu
Ses04F_impro05_F006;ang;because my bag was very easy to keep track of.  It's got big, you know, rainbow colored crap all over it and no one was paying attention because now it's just gone.;sur
Ses04F_impro05_M006;fru;I understand that.  The best I can do for you, at this moment, is give you fifty dollar check courtesy of Northwest Airlines for inconveniencing you in losing your luggage.;neu
Ses04F_impro05_F007;sur;Wait.  What?;sur
Ses04F_impro05_M007;fru;At this moment in time, all I can do for you is give you-;neu
Ses04F_impro05_F008;ang;No. No. I heard- I heard what you said.;sur
Ses04F_impro05_F009;ang;You're kidding me, right.  You're going to give me fifty dollars to completely cover my bag, everything that was in it, the inconvenience that I've gone through.  I paid for my ticket.  All I expect is to safely get to my destination with my stuff.  Is that so much to ask?  I mean I really don't think that's that big a deal to ask you guys to have my bag in the place where I leave and then put my bag where I end up.;sur
Ses04F_impro05_M008;fru;you're getting very excited right now;sur
Ses04F_impro05_F010;ang;Yeah, well that's got everything I have in it.;neu
Ses04F_impro05_M009;fru;I understand that, ma'am but there's not really much I can do for you right now.;neu
Ses04F_impro05_F011;ang;Look fifty dollars is unacceptable.  My bag itself cost over a hundred and fifty dollars.  You can't just give me fifty dollar gift certificate to Percoes or whatever the hell and then send me off like that's- that's good enough.  Like that's all I needed was fifty dollars.  My bag is worth more than that.;ang
Ses04F_impro05_M010;fru;What I need you to do is file another complaint form. There's a form that you can fill out over by the front desk near the baggage claim.;neu
Ses04F_impro05_M011;fru;If you'd like to take that over to the front desk- Ma'am.;neu
Ses04F_impro05_M012;fru;We're just talking over each other.;neu
Ses04F_impro05_M013;fru;We're not going to communicate anything this way.;neu
Ses04F_impro05_F012;ang;I expect your airline who was responsible for my bag to give me the equivalent of the bag and all of the things in it.;neu
Ses04F_impro05_M014;fru;Ma'am in flying with Northwest Airlines you agreed to;neu
Ses04F_impro05_M015;fru;sign away your luggage to the;neu
Ses04F_impro05_F013;ang;I didn't sign anything. I didn't sign anything. And you people have got to make-;ang
Ses04F_impro05_M016;fru;It's part of the small- it's part of the agreement when you're purchasing an airline ticket, there's- when you-;neu
Ses04F_impro05_F014;ang;You have to make amends for what you did for losing my bag and all of my stuff.  Fifty dollars is unacceptable.;ang
Ses04F_impro05_M017;fru;Ma'am, please calm down.  When you purchase a ticket, there is a terms and agreement,;neu
Ses04F_impro05_F015;ang;No.  No.  I don't know. You know what? I'm going to call my lawyer. You know what?  That's what I'm going to do.  I'm going to call my lawyer and have him get down here and explain to you that this is an unacceptable option.;fea
Ses04F_impro05_M018;fru;terms and conditions- in the agreement of purchasing a ticket. Most people frequently look it over;neu
Ses04F_impro05_M019;fru;The best that we can do for you is give you-;neu
Ses04F_impro05_M020;fru;Ma'am.;neu
Ses04F_impro05_F016;ang;I want to talk to your supervisor.;fea
Ses04F_impro05_M021;fru;I am- I am- I am my own supervisor.;neu
Ses04F_impro05_F017;ang;I've had enough.  I want to talk to-no, no unacceptable I want to your supervisor. I am done with this.;ang
Ses04F_impro05_M022;fru;I am the supervisor, ma'am.;neu
Ses04F_impro05_F018;ang;Really, you don't work for anybody.  It's just you?;sur
Ses04F_impro05_M023;fru;I am the current manager on duty.;sad
Ses04F_impro05_F019;ang;Okay.  Well I want to call whoever you report to, whoever your boss is because I have had enough with this airline and I am finished waiting for my fifty dollar gift certificate.;neu
Ses04F_impro05_M024;fru;Ma'am, I own Northwest Airlines.;neu
Ses04F_impro06_M000;sad;Hey, I'm, uh. I'm really sorry about what happened.  I don't um- I mean what you can you do?  I mean it's-;sad
Ses04F_impro06_F000;sad;Thanks.;neu
Ses04F_impro06_M001;sad;When I was seven, my- my grandmother died and I really- I don't know, I mean it was really hard to let go but the important thing is- is that you do let go and your realize that, you know, they- you know, they- this person had fun while they were- while they were here and, uh, you know, you work- you work through it.;sad
Ses04F_impro06_F001;sad;You know it's just, I just, you know, I mean it just happened.  I just, like- I just keep expecting him to walk in, you know.;neu
Ses04F_impro06_M002;sad;Mmhmm. Yeah.  Yeah.  I mean it's- it's hard.  It's hard.;fea
Ses04F_impro06_F002;sad;I just- I just thought he would have longer, you know, because I'm- I mean when he found out he was sick, we knew that wasn't good but I just- I just thought that it would take longer, you know?;sur
Ses04F_impro06_M003;sad;Yeah.;neu
Ses04F_impro06_M004;neu;Well I mean, you know, I mean it was I mean with that kind of condition,;neu
Ses04F_impro06_F003;sad;Yeah. I know. I know.;dis
Ses04F_impro06_M005;sad;you know, it's inevitable  and I mean honestly it's- it's almost like;neu
Ses04F_impro06_M006;neu;you know, you don't- you know, how long do you want the person to go through that, you know.;neu
Ses04F_impro06_M007;neu;It's sort of- it's almost better off to rest in peace than he is to live in pain.;hap
Ses04F_impro06_F004;sad;Yeah, I know. But I'd rather have him here with me, you know. It's just not fair.  I mean he- he didn't get to do like anything. I mean he was-;dis
Ses04F_impro06_F005;sad;He was only twenty four and just so many things that we were going to do, you know, and now he won't get to do them and he won't get to be here when I do.  You know, like I'll get married some day and he won't be there, like, he won't get to see that.;sad
Ses04F_impro06_M008;sad;Yeah.;neu
Ses04F_impro06_F006;sad;It just doesn't seem fair.;dis
Ses04F_impro06_M009;sad;It's not fair but I mean that's, you know, the course of life is that, you know, you meet people and you lose them.;dis
Ses04F_impro06_M010;sad;You're okay;neu
Ses04F_impro06_F007;sad;Thank you for being here.;hap
Ses04F_impro06_M011;sad;You know I think- I think we should celebrate because I think that's what he would have wanted.;hap
Ses04F_impro06_F008;hap;[LAUGHTER] You're probably right.  He probably would be pissed if we were all sitting around being upset about it. He'd want us to have a party.;neu
Ses04F_impro06_M012;neu;Yeah.;neu
Ses04F_impro06_F009;hap;And to drink in his honor. [LAUGHTER];dis
Ses04F_impro06_M013;sad;That's right.  That's right.  I mean he would want us to, you know, celebrate the life that he- that he lived and, you know, enjoy the rest of ours as much as we can.;hap
Ses04F_impro06_F010;sad;Yeah, I know.;neu
Ses04F_impro06_M014;sad;So-;neu
Ses04F_impro07_M000;neu;Hey, what's up?;sur
Ses04F_impro07_F000;exc;Guess what came today?;sur
Ses04F_impro07_M001;exc;What?;sur
Ses04F_impro07_F001;exc;My acceptance letter.;hap
Ses04F_impro07_M002;sur;Get out.;ang
Ses04F_impro07_F002;exc;From U.S.C..;neu
Ses04F_impro07_M003;sur;You serious?;sur
Ses04F_impro07_F003;exc;Yes, I am.;neu
Ses04F_impro07_F004;exc;Well yeah, that's the general idea. [LAUGHTER];neu
Ses04F_impro07_M005;exc;That's awesome.  Congratulations.;hap
Ses04F_impro07_F005;exc;Big bad acceptance packet with all the information.  I'm going to U.S.C..;sad
Ses04F_impro07_M006;exc;That's amazing.  Wow.;sur
Ses04F_impro07_F006;exc;I know. [LAUGHTER];neu
Ses04F_impro07_F007;exc;[LAUGHTER] Yeah, uh. No.;dis
Ses04F_impro07_F008;exc;[LAUGHTER] It's safe around there.;neu
Ses04F_impro07_F009;exc;The campus is beautiful. I'm so excited.;hap
Ses04F_impro07_M009;neu;I know but you should get like a taser or something.  I mean walking around the campus at night-;fea
Ses04F_impro07_F010;exc;Do you want to buy me some mace for my, you know, going away present?;neu
Ses04F_impro07_F011;exc;There we go.  Perfect.;neu
Ses04F_impro07_F012;exc;And a taser.  Excellent.  Just make sure it's a big knife.;neu
Ses04F_impro07_F013;exc;I don't want any of those little puny ones.;dis
Ses04F_impro07_M013;neu;So, um- so what are you going to- what are you going to major in?;neu
Ses04F_impro07_F014;exc;Well I was thinking maybe underwater basket weaving.;neu
Ses04F_impro07_F015;exc;U.S.C. has a major in that, right.;neu
Ses04F_impro07_F016;exc;They have - U.S.C. has everything because U.S.C. is the best school ever.;neu
Ses04F_impro07_M016;neu;they have that as a major?;sur
Ses04F_impro07_M017;neu;That's ridiculous.  I don't believe that.;sur
Ses04F_impro07_F017;exc;Okay.  Well I'm lying but-;fea
Ses04F_impro07_M018;neu;Seriously, what's your major?;sur
Ses04F_impro07_F018;exc;Well, I haven't decided yet.  I want to try some things out.;neu
Ses04F_impro07_M019;neu;So you're undecided?;neu
Ses04F_impro07_M020;neu;Hey, that's cool.;hap
Ses04F_impro07_M021;neu;No, no.  It's totally cool.  I mean, like, this friend of mine he was- he's been undecided now for, like, the past like eleven years of his life.;hap
Ses04F_impro07_F021;exc;okay.  Well I'm not going to be undecided forever. [LAUGHTER];neu
Ses04F_impro07_M022;neu;Uh, well-;neu
Ses04F_impro07_F022;exc;And it's so close so you can come visit me all the time.;neu
Ses04F_impro07_M023;neu;You- you- you'll find.;neu
Ses04F_impro07_F024;exc;So this works out perfectly.  Because I was worried if I didn't get in to U.S.C., then I would have to go somewhere far away and then-;fea
Ses04F_impro07_M026;neu;You'd have to, like go somewhere else, and, you know, we would be apart, and that would suck.;dis
Ses04F_impro07_F027;exc;Everything worked out perfectly.;neu
Ses04F_impro07_M028;exc;That's awesome.;hap
Ses04F_impro07_F028;exc;I know.  We should have a party.;neu
Ses04F_impro07_F029;exc;An I got accepted to U.S.C. party.;hap
Ses04F_impro07_F030;exc;No.  An I got accepted to U.S.C. party. [LAUGHTER];hap
Ses04F_impro07_M031;neu;Oh, that's right. Okay, I see. Right, right, right.;neu
Ses04F_impro07_M032;neu;A party celebrating your acceptance.;hap
Ses04F_impro07_F031;exc;Right.  Now you're with me.;neu
Ses04F_impro07_M033;neu;That's cool.;hap
Ses04F_impro07_F032;exc;That is why I got accepted.;hap
Ses04F_impro07_M034;exc;Well, that's really cool that you're going to be staying in the same city and everything. so umm;hap
Ses04F_impro07_F033;exc;I know.;neu
Ses04F_impro07_M035;neu;I don't know are you, like, I don't know.  Are you, like, available or anything?;sur
Ses04F_impro07_M036;exc;Well I mean I don't know.  It's like you know I kind of had a crush on you throughout high school and, like;fea
Ses04F_impro07_M037;exc;I don't know I just thought that, you know, maybe we could, you know, I don't know.  It's like, you know, just test the waters anyway.  I don't see what the problem is.;neu
Ses04F_impro07_F035;exc;What- what did you have in mind?;sur
Ses04F_impro07_M038;exc;Movies- movie, we'll go to a movie and a dinner and- and;hap
Ses04F_impro07_M039;exc;actually, you know, there's this- there's this really cool restaurant, um, I don't know if you-  it's Red Lobster.  It's like down on;hap
Ses04F_impro07_F036;exc;[LAUGHTER];neu
Ses04F_impro07_M040;exc;Vermont.;neu
Ses04F_impro07_M041;exc;Wait, you've been there before?;sur
Ses04F_impro07_F038;exc;On occasion I've heard of it.;neu
Ses04F_impro07_M042;exc;Oh, so well then you know that it's awesome.;hap
Ses04F_impro07_F039;exc;Yeah.  Totally.;neu
Ses04F_impro07_M043;exc;Right, so we'll go there and then- and then we'll get some ice cream and maybe we'll go putt-putt golfing.;neu
Ses04F_impro07_F040;exc;I am totally down with the ice cream.;neu
Ses04F_impro07_M044;neu;Okay.  Putt-putt golfing?;neu
Ses04F_impro07_F041;exc;Eh, we can work that part out.;neu
Ses04F_impro07_M045;exc;Yeah, you want to go.  No, you want to go. You want to go.;neu
Ses04F_impro07_F042;exc;Alright.;neu
Ses04F_impro07_M046;exc;I can see it in your eyes.  You want to go.;neu
Ses04F_impro07_F044;exc;party.;neu
Ses04F_impro07_M049;exc;Good. Alright we're so happy.;hap
Ses04F_impro07_M050;exc;That's right.  Um, so U.S.C. is a really nice school.;hap
Ses04F_impro07_F047;exc;I know.;neu
Ses04F_impro07_M051;neu;Are you going to take out loans or-;neu
Ses04F_impro07_F048;exc;Okay well that's not a happy part.  We don't want to talk about that.;sad
Ses04F_impro07_F049;exc;Well no.  I mean I have some scholarships and some financial aid and stuff but I'll have to, you know, I'll get a job;neu
Ses04F_impro07_F050;exc;while I'm in school.  It'll be good.;hap
Ses04F_impro07_F051;exc;Yeah.  It will work out.  Maybe I could work at Red Lobster.;neu
Ses04F_impro07_F052;exc;I know.  Right down the street.;neu
Ses04F_impro07_M057;neu;But, um-;neu
Ses04F_impro07_M058;neu;I mean, like, I don't know.  I'm just saying if you need to make some extra cash.  You can, you know;neu
Ses04F_impro07_M059;neu;Or library.;neu
Ses04F_impro07_M060;neu;I just said the library;neu
Ses04F_impro07_M061;neu;or, um, campus cruiser.  You can drive people around.;neu
Ses04F_impro07_F058;exc;Excellent.  Drive drunk people around because you know that's all campus cruisers for.;neu
Ses04F_impro07_M062;neu;Right or you can run for student counsel.;neu
Ses04F_impro07_F059;exc;Okay.  No, that's dorky.;neu
Ses04F_impro07_M063;neu;Dorky?;dis
Ses04F_impro07_F060;exc;Yeah.;neu
Ses04F_impro07_M064;neu;It's important.;neu
Ses04F_impro07_F061;exc;Student counsel?;neu
Ses04F_impro07_F062;exc;No, it's dorky.;dis
Ses04F_impro07_M066;neu;Fine.  It's dorky.;dis
Ses04F_impro07_F063;exc;Social life.  Hello.;neu
Ses04F_impro07_M067;neu;But that'll fit you  because you're a dork.;neu
Ses04F_impro07_F064;exc;[LAUGHTER].;neu
Ses04F_impro07_F065;exc;[LAUGHTER].;neu
Ses04F_impro07_M070;exc;I dork.;dis
Ses04F_impro07_F066;exc;No.  But I'm thinking I might, you know, like audition for a play or something.  I don't really want to do the sorority thing.  I'm not really feeling that vibe with the;fea
Ses04F_impro07_M071;neu;Yeah, you don't want to do the sorority thing because you'll probably get used and abused by;dis
Ses04F_impro07_M072;neu;lots of drunk frat boys;dis
Ses04F_impro07_M073;neu;Yeah.;neu
Ses04F_impro07_F070;exc;What have you heard about the Greek system?;neu
Ses04F_impro07_M076;neu;I mean it's not really free because you have to pay for it, but yeah.;neu
Ses04F_impro07_M077;neu;Well do you think you're going to live on campus or off campus your first year?;neu
Ses04F_impro07_M079;neu;I hate to break this to you but you meet people by being cool, so-;hap
Ses04F_impro07_F074;exc;Oh, oh, I'm sorry, my bad.  I'll have to, like, sign up for summer lessons from you before I go.  You can teach me how to be cool before I go to college.;sad
Ses04F_impro07_M080;neu;No, no, no.  You're right though.  I mean, you know, dorms are definitely the way to meet people.  I know that I was in an apartment off campus;neu
Ses04F_impro07_M082;neu;that happened, you know, that was going on.;neu
Ses04F_impro07_F078;exc;That's what you're saying. I'm right. [LAUGHTER];neu
Ses04F_impro07_F079;exc;me.;neu
Ses04F_impro08_F000;hap;Hello.  Thank you for calling Dell Taco Corporate.  Can I help you?;sur
Ses04F_impro08_M000;fru;Yeah, um.  I have been trying to reach somebody who will refund, uh, my money.;neu
Ses04F_impro08_M001;neu;Um, I basically, um I- I ordered some food;neu
Ses04F_impro08_M002;fru;um and everything was pretty much uh- uh- just not done right. All the orders were messed up.;sad
Ses04F_impro08_F001;neu;Okay.  Well, Did you go through the automated menu?  Most of your requests can be taken care of through that.;neu
Ses04F_impro08_M003;fru;Yes, I did and that didn't- I got through to, like, one operator and she sent me to like three others;neu
Ses04F_impro08_F002;neu;Okay.  Well I'd be happy to-;hap
Ses04F_impro08_M005;fru;If you could just give me that, then I will leave you alone. And just- if i could also- What?;neu
Ses04F_impro08_F003;fru;Okay, sir.  I'd be happy to help you.;hap
Ses04F_impro08_F004;neu;Sir, can- can you tell me which branch you went to.  We can start there.;neu
Ses04F_impro08_F005;neu;Okay.  Um, and what was the complaint?;neu
Ses04F_impro08_M007;fru;The food was prepared incorrectly.;neu
Ses04F_impro08_M008;fru;I asked for no tomatoes.;ang
Ses04F_impro08_F006;neu;Can you be a little more specific, sir?;neu
Ses04F_impro08_F007;fru;Did you try to take them back and get your order fixed, sir?;ang
Ses04F_impro08_F008;neu;Well I'm very sorry, sir.  They should have dealt with it at that particular branch.  I apologize for that, uh, but we can help you.  That's no worries.  We can take care of that.  So how much did you need to be refunded?;sad
Ses04F_impro08_M012;neu;It was a hundred a sixty dollars.  I'm sorry, uh, sixteen dollars.;neu
Ses04F_impro08_F009;neu;Okay.  Um, I'm going to go ahead and transfer you over to another department.  They'll need your address.;neu
Ses04F_impro08_M013;ang;Look, I don't want to be transferred over to another- All I want to do is just give you my name and address so you can send me a check.;neu
Ses04F_impro08_M014;ang;Okay.  You understand that's all I want. Just don't give me a problem with this.  Okay, please because I'm very sensitive right now;neu
Ses04F_impro08_M015;ang;and if I get sent to another operator, I'll have to tell them the same damn story again.  I don't- I think I'm just going to lose my mind.  So if you could please just not do that, that would be great.  Thank you.;ang
Ses04F_impro08_F010;fru;I understand, sir.  I will explain to them what the situa-;neu
Ses04F_impro08_M016;ang;You don't understand because you've never gone to Del Taco and gotten the service that I've gotten.  You don't understand.;sur
Ses04F_impro08_M017;ang;You're not going to call the other operator. You're not going to call the the other operator.;neu
Ses04F_impro08_M018;ang;You're going to fill out a form on your desk;neu
Ses04F_impro08_M019;ang;because I know you're at a desk right now in your stupid corporate building and you're going to send me a check for sixteen dollars and forty two cents.;ang
Ses04F_impro08_F012;fru;Okay, sir.  They- they have to-;neu
Ses04F_impro08_F013;fru;Sir.;neu
Ses04F_impro08_F014;fru;Sir, they have to take down your address at the other station.  I will transfer.  I will explain everything to them.  It will all be fine.  I promise.;neu
Ses04F_impro08_M020;fru;What's your name?;neu
Ses04F_impro08_F015;fru;Cindy?;sur
Ses04F_impro08_M022;ang;Cindy?  Cindy what?;sur
Ses04F_impro08_F017;fru;Sir, I don't think my name is really relevant-;neu
Ses04F_impro08_M023;ang;Cindy, look.  If you don't get your ass a piece of paper that has a check;dis
Ses04F_impro08_M024;ang;attached to it and you don't send it to me, I'm going to get very upset.;ang
Ses04F_impro08_F018;fru;Alright, sir. Sir.  I'm going to transfer you to the address.;neu
Ses04F_impro08_F019;fru;Alright.  You know what, sir.  The customer is always right.;neu
Ses04F_impro08_M025;fru;You know what.  I- You know what? You know what? No, it's fine. it's fine it's fine You know what?;ang
Ses04F_impro08_F020;fru;I will go ahead and I will take- I will take;neu
Ses04F_impro08_M026;fru;Hey, Cindy. Cindy, look I know this is not your fault.  Do whatever you want.;ang
Ses04F_impro08_M027;fru;Send me to whatever operator. I just- You know what?  I'm just done.  I'm just done.  I've lost all hope.;neu
Ses04F_impro08_M028;fru;of getting my sixteen dollars back. It fine, no honestly.;ang
Ses04F_impro08_M029;fru;No, Cindy just don't even-look don't even.  Cuz I- look Cindy I know you don't care about me, okay.  I know that I'm just like another person who calls-;ang
Ses04F_impro08_F023;ang;But I'm giving you what you want.;neu
Ses04F_impro08_M030;fru;No it doesn't matter.  It's fine.  It's fine.  Just send me to the next operator.  That's fine.;neu
Ses04F_impro08_F024;fru;Okay.  If that's what you want, you want to go to the next person?;neu
Ses04F_impro08_F025;fru;Okay.  Great.;hap
Ses04F_script01_1_M000;neu;He saw it.;neu
Ses04F_script01_1_F001;sur;How could he see it?  I was the first one up.  He was still in bed.;sur
Ses04F_script01_1_F004;sad;Did you talk to him?;sur
Ses04F_script01_1_M004;sad;No, I figured the best thing was to leave him alone.;neu
Ses04F_script01_1_M005;sad;I could hear him right through the floor of my room.;fea
Ses04F_script01_1_F006;fru;What was he doing out here at that hour?  He's dreaming about him again.  He's walking around at night.;fea
Ses04F_script01_1_M007;fru;I don't know the meaning of this, mom.  But I know one thing you made a terrible mistake with dad.;fea
Ses04F_script01_1_F009;sur;What?;sur
Ses04F_script01_1_M008;fru;Being dishonest with him, that kind of thing always pays off and now it's paying off.;neu
Ses04F_script01_1_M009;ang;You know that Larry's not coming back and I know it.  Why do we allow him to go on thinking that we believe with him?;sur
Ses04F_script01_1_F011;ang;What do you want to do, argue with him?;ang
Ses04F_script01_1_M010;ang;I don't want to argue with him but it's time that he realizes that Larry's not coming back anymore.;neu
Ses04F_script01_1_F012;ang;You can't say that to him.;dis
Ses04F_script01_1_M012;ang;We've got to say it to him.;neu
Ses04F_script01_1_F013;ang;How are you going to prove it?  Can you prove it?;sur
Ses04F_script01_1_M013;ang;For God's sake three years.  Nobody comes back after three years.  It's insane.;dis
Ses04F_script01_1_F014;ang;To you it is and to me but not to him.  You can talk yourself blue in the face but there's no body and no grave so where are you?;neu
Ses04F_script01_1_M014;fru;Sit down mom.  I want to talk to you.;neu
Ses04F_script01_1_F015;ang;The trouble is the goddamn newspapers.  Every month some boy turns up from nowhere so the next one is going to be Larry.;ang
Ses04F_script01_1_M015;fru;Alright, alright, alright.  Listen. You know why I asked Annie here don't you?;neu
Ses04F_script01_1_M016;neu;You know why.;neu
Ses04F_script01_1_M017;neu;I'm going to ask her to marry me.;hap
Ses04F_script01_1_F018;neu;Well that's only your business, Chris.;neu
Ses04F_script01_1_M018;fru;You know it's not only my business.;neu
Ses04F_script01_1_F019;ang;What do you want me to do?  You're old enough to know your own mind.;neu
Ses04F_script01_1_M019;fru;Then it's alright.  I'll go ahead with it.;neu
Ses04F_script01_1_M020;ang;Then it isn't just my business.;neu
Ses04F_script01_1_F021;fru;I'm just saying.;neu
Ses04F_script01_1_M021;ang;Sometimes you infuriate me.  You know that?  Isn't it your business too if I tell this to father and he throws a fit about it.;ang
Ses04F_script01_1_M022;ang;Sometimes you have a- Sometimes you have a talent for ignoring things.;neu
Ses04F_script01_1_F022;ang;I ignore what I got to ignore. The girl is Larry's girl.;neu
Ses04F_script01_1_M023;fru;She's not Larry's girl.;neu
Ses04F_script01_1_F023;ang;From father's point of view, he's not dead and you have no right to take his girl.;neu
Ses04F_script01_1_F024;ang;Now you can go on from there and you know where to go, but I'm telling you I don't know where to go.  See I don't know.  Now what can I do for you?;neu
Ses04F_script01_1_M024;fru;I don't know why it is but every time I reach out for something I want, I have to pull back because other people will suffer. My whole bloody life time after time after time.;ang
Ses04F_script01_1_F025;neu;You're a considerate fellow.  There's nothing wrong in that.;neu
Ses04F_script01_1_M025;ang;To hell with that.;ang
Ses04F_script01_1_M026;sad;I wanted to get this settled first.;sad
Ses04F_script01_1_F027;fru;How do you know she'll marry you?  Maybe she feels the same way father does.;neu
Ses04F_script01_1_M027;fru;Well if she does, then that's the end of it.  From her letters, I think she's forgotten him.  I'll find out.;neu
Ses04F_script01_1_M028;ang;and then we'll thrash it out with dad, right mom.  Don't avoid me.;neu
Ses04F_script01_1_F028;fru;The trouble is you don't see enough women.  You never did.;sad
Ses04F_script01_1_M029;ang;So what I'm not fast with women.;neu
Ses04F_script01_1_F029;ang;I don't see why it has to be Annie.;sur
Ses04F_script01_1_M030;ang;Because it is.;neu
Ses04F_script01_1_F030;ang;Well that's a good answer but it don't answer anything.  You haven't seen her since you went to war.  It's been five years.;neu
Ses04F_script01_1_M032;sad;These years when I think of someone for my wife, I think of Annie.  What do you want, a diagram?;neu
Ses04F_script01_1_F031;fru;I don't want a diagram.  He thinks he's coming back, Chris.;dis
Ses04F_script01_1_F032;ang;You marry that girl.  You're pronouncing him dead.  Now what happens to your father?  Do you know because I don't?;ang
Ses04F_script01_1_M034;ang;I've given it three years of thought.  I hoped that if I waited, dad would forget about Larry;neu
Ses04F_script01_1_M035;fru;and everything would be happy and we would have a regular wedding.  But if that can't happen here, then I'll have to get out.;sad
Ses04F_script01_1_F035;ang;Are you crazy?;ang
Ses04F_script01_1_F036;ang;You've got a business here.  What the hell is this?;sur
Ses04F_script01_1_M038;ang;The business, the business doesn't inspire me.;dis
Ses04F_script01_1_F037;ang;Must you be inspired?;neu
Ses04F_script01_1_M039;fru;Yes, I like it an hour a day.  If I have to grub for money all day long, at least at evening I want it beautiful.;hap
Ses04F_script01_1_M040;fru;I want- I want a family.  I want some kids.  I want to build something I give myself to.  Annie is in the middle of that.  Now where do I find it?;sad
Ses04F_script01_1_F038;fru;You mean-tell me something you mean you'd really leave the business?;sur
Ses04F_script01_1_M042;fru;Then you help me stay here.;neu
Ses04F_script01_1_F040;ang;Alright but don't think that way;neu
Ses04F_script01_1_F041;ang;because what the hell did we work for?  This whole shooting match is just for you, Chris.;ang
Ses04F_script01_1_M043;fru;I know.  Just you help me stay here.;neu
Ses04F_script01_1_F042;ang;But don't think that way.  You hear me?;ang
Ses04F_script01_1_F044;ang;Yeah.  I can see that.;neu
Ses04F_script01_2_F000;ang;Why did he invite her?;ang
Ses04F_script01_2_M000;neu;Why does that bother you?;ang
Ses04F_script01_2_F001;ang;It's been three years.  Why all of a sudden?;sur
Ses04F_script01_2_M001;neu;Well maybe- maybe he just wanted to see her again.;neu
Ses04F_script01_2_F002;fru;Nobody comes seven hundred miles just to see.;neu
Ses04F_script01_2_M004;neu;How do you know he's even thinking about it?;sur
Ses04F_script01_2_F005;ang;What's going on here, Joe?;sur
Ses04F_script01_2_M006;fru;Listen kid.;neu
Ses04F_script01_2_F006;ang;No, line.;neu
Ses04F_script01_2_M007;neu;Uh, Then why is she still-she's not his girl, Joe;sur
Ses04F_script01_2_F007;ang;She's not his girl, Joe.  She knows she's not.;neu
Ses04F_script01_2_M008;neu;You can't read her mind.;dis
Ses04F_script01_2_F008;ang;Then why is she still single?  New York is full of men.  Why hasn't she married?;sur
Ses04F_script01_2_F009;ang;Probably a hundred people told her she's foolish but she's waited.;neu
Ses04F_script01_2_M009;fru;How do you know why she waited?;sur
Ses04F_script01_2_F010;ang;Because she knows what I know that's why.  She's faithful as a rock.;neu
Ses04F_script01_2_F011;fru;In my worst moments, I think of her waiting and I know again that I'm right.;dis
Ses04F_script01_2_M010;fru;Look it's a nice day.  What are we arguing for?;hap
Ses04F_script01_2_F012;fru;Nobody in this house dares take her faith away, Joe.  Strangers might but not his father, not his brother.;ang
Ses04F_script01_2_M011;fru;What do you want me to do?;ang
Ses04F_script01_2_M012;fru;But Kate-;sur
Ses04F_script01_2_F014;fru;Because if he's not coming back, I'll kill myself.;fea
Ses04F_script01_2_F016;ang;She goes to sleep in his room and his memorial breaks in pieces.  Look, look at it.  Joe-;neu
Ses04F_script01_2_M013;fru;Calm yourself.;neu
Ses04F_script01_2_F017;fru;Believe with me, Joe.  I can't stand alone.;sad
Ses04F_script01_2_M014;fru;Calm yourself.;neu
Ses04F_script01_2_F018;fru;Just last week a man showed up in Detroit missing longer than Larry.  You read it yourself.;sur
Ses04F_script01_2_M015;fru;Alright.  Alright.  Calm yourself.;neu
Ses04F_script01_2_F019;fru;You above all have got to believe.  You.;sur
Ses04F_script01_2_M016;fru;Why me above all?;sur
Ses04F_script01_2_F020;fru;Just don't stop believing.;ang
Ses04F_script01_2_M017;ang;What does that mean, me above all?  Look at you.  You're shaking.;fea
Ses04F_script01_2_F021;fru;I can't help it.;sad
Ses04F_script01_2_M018;fru;What have I got to hide?  What the hell is matter with you Kate?;sur
Ses04F_script01_3_M004;ang;What?;sur
Ses04F_script01_3_M008;neu;I guess you know this is why I asked you to come.;neu
Ses04F_script01_3_F009;hap;I guess this is why I came.;neu
Ses04F_script01_3_M009;hap;Ann, I love you.  I love you a great deal.  I love you.;hap
Ses04F_script01_3_M010;hap;I have no imagination that's all I know to tell you.;neu
Ses04F_script01_3_M011;hap;I'm embarrassing you.  I didn't want to tell it to you here.  I;sad
Ses04F_script01_3_F010;hap;Chris, I've been ready a long, long time.;neu
Ses04F_script01_3_M014;neu;And he's gone forever.  You're sure?;sur
Ses04F_script01_3_F012;hap;You started to write me.;dis
Ses04F_script01_3_F013;hap;Every day since.;neu
Ses04F_script01_3_F014;hap;I was waiting for you, Chris.  Till then you never wrote and then when you did what did you say.  I mean you sure can be ambiguous you know.;neu
Ses04F_script01_3_M018;hap;Give me a kiss, Ann.  Give me a-God I kissed you.;sur
Ses04F_script01_3_M019;hap;I kissed Annie.  How long, how long I've been waiting to kiss you.;sur
Ses04F_script01_3_F015;hap;I'll never forgive you.  Why did you wait all these years?  All I've done is sit and wonder if I was crazy for thinking of you.;sur
Ses04F_script01_3_M020;hap;Annie, we're going to live now.  I'm going to make you so happy.;hap
Ses04F_script01_3_M023;sad;No, nothing like that.;dis
Ses04F_script01_3_M024;sad;Yes.  I suppose I have been but it's going from me.;neu
Ses04F_script01_3_M025;fru;I don't know where to start.;fea
Ses04F_script01_3_M026;sad;There's so many things mixed up.;neu
Ses04F_script01_3_M027;sad;You remember overseas I was in command of a company?;neu
Ses04F_script01_3_F023;neu;Yeah, sure.;neu
Ses04F_script01_3_M028;sad;Well I lost them.;sad
Ses04F_script01_3_F024;sad;How many?;sur
Ses04F_script01_3_M029;sad;Just about all.;neu
Ses04F_script01_3_M030;sad;It takes a lot of time to toss that off because they weren't just men.;neu
Ses04F_script01_3_M031;sad;For instance, one time it had been raining several days and this kid came to me and gave me his last pair of dry socks.;dis
Ses04F_script01_3_M032;sad;I put them in my pocket. that's only a little thing but these are the kind of guys I had.;neu
Ses04F_script01_3_M033;sad;They didn't die.  They killed themselves for each other.  I mean that exactly.  A little more selfish and they'd have been here today.;ang
Ses04F_script01_3_M034;sad;And I got this idea watching them go down.  Everything was being destroyed see, but it seemed to me that there was one new thing that was made;sur
Ses04F_script01_3_M035;sad;a sort of responsibility man for man.  You understand me?;neu
Ses04F_script01_3_M036;sad;And then I came home and it was amazing.;sur
Ses04F_script01_3_M039;sad;I felt, what you said, ashamed somehow;sad
Ses04F_script01_3_M040;sad;because nobody was changed at all.  It seemed to make suckers out of a lot of guys.;dis
Ses04F_script01_3_M041;sad;I felt wrong to be alive, to open the new bank book, to drive the new car, to see the new refrigerator.;dis
Ses04F_script01_3_M043;sad;when you drive the new car, you have to know that it came out of the love a man can have for a man.  You've got to be a little better because of that.;neu
Ses04F_script01_3_M044;sad;Otherwise what you have is really just loot and there's blood on it.  I didn't want to take any of it.;neu
Ses04F_script01_3_M045;sad;I guess that included you.;neu
Ses04F_script01_3_M047;hap;Annie, Annie I'm going to make a fortune for you.;hap
Ses04F_script01_3_F030;hap;What'll I do with a fortune?;ang
Ses04F_script02_1_M000;hap;What time is it?  They're supposed to run around midnight.  This is great isn't it?  Look at this night we've got here.  It couldn't be better.;sur
Ses04F_script02_1_F000;neu;Fine.;ang
Ses04F_script02_1_M002;exc;Is that, is that-that's just foam isn't it?  I can't even tell;sur
Ses04F_script02_1_M004;fru;Oh, no you know what I did?  I forgot my flashlight.  How could I be so stupid I forgot my flashlight.;sur
Ses04F_script02_1_M005;fru;The flashlight, the silver one.  There's only one isn't there?;sur
Ses04F_script02_1_F002;fru;It's not yours.;neu
Ses04F_script02_1_M006;sur;Whose is it?;sur
Ses04F_script02_1_M007;fru;Well sure.;neu
Ses04F_script02_1_M008;fru;No of course our flashlight, yours and mine, mi flashlight es su flashlight naturally.  How could we not think to bring it?;sur
Ses04F_script02_1_M009;exc;I hope the moon stays out.  I wonder do they always run during a full moon.  I can't remember if it was full last year.  Remember?;sur
Ses04F_script02_1_M010;neu;Are you cold?  Do you want my jacket?  We should have brought the blanket, our blanket.;sur
Ses04F_script02_1_M011;hap;Ah, this is great, isn't it?  I didn't even think to bring a six-pack.  A six-pack would be just the ticket right about now.;sur
Ses04F_script02_1_F007;ang;It's after eleven let's go home.;neu
Ses04F_script02_1_M015;fru;Are you kidding?  We'd miss it.  We just got here.  What's the point of coming down here if we just turn around and go home?;sur
Ses04F_script02_1_F008;ang;There is no point in coming down here.;neu
Ses04F_script02_1_M016;fru;Right.;neu
Ses04F_script02_1_F009;fru;That's my point.;neu
Ses04F_script02_1_M017;neu;That's my point too.;neu
Ses04F_script02_1_F010;fru;So let's go home.;neu
Ses04F_script02_1_M018;fru;No, no, no.  That's not my point.  My point is is that there's no point in coming down here if we just leave.  Don't you want to see it?;ang
Ses04F_script02_1_F011;fru;Not particularly.;neu
Ses04F_script02_1_F012;ang;I just don't.  It's stupid.;ang
Ses04F_script02_1_M020;fru;Honey this is natural phenomenon.  I mean this only happens once a year.  This is a great opportunity.;neu
Ses04F_script02_1_M021;exc;Think about the people in Kansas.  They'd have to get plane tickets and hotel reservations to come see this.  We're just forty minutes away.  It's too good to pass up.;neu
Ses04F_script02_1_F013;ang;Pass up what?  These little fish swim onto the beach, flop around, and then swim away and then they die.;neu
Ses04F_script02_1_M022;fru;Yeah but that moment on the beach is the highlight of their little lives.  All that flopping around is laying eggs or what do you, spawning or mating something like that.;neu
Ses04F_script02_1_M023;exc;This is the big night for these guys.  Life's last orgy.;sad
Ses04F_script02_1_F014;ang;What are you so excited about?  This isn't a moon landing we're talking about.  It's fish.  It's fish nobody even eats.;sur
Ses04F_script02_1_M024;fru;Yeah, they do.;neu
Ses04F_script02_1_F015;fru;Oh, Augie.;neu
Ses04F_script02_1_M025;fru;Okay but it's fish who do something none of the other fish do;neu
Ses04F_script02_1_M026;exc;like the swallows returning to Capistrano or the lemmings throwing themselves off the cliffs, like that.  There's mystery here and magic;neu
Ses04F_script02_1_M027;fru;a little bit of the unexplainable.  I don't see how you cannot be interested.;sur
Ses04F_script02_1_F016;ang;I'm just not.;neu
Ses04F_script02_1_M028;sur;For real?;sur
Ses04F_script02_1_F017;ang;Yes.;neu
Ses04F_script02_1_M029;fru;I don't get it.  The first time we came here to see it you said it was the best night of your life and last year I remember distinctly you were so excited to get here.  You stubbed your toe rushing me out the door and didn't even notice until we were in the car.;sur
Ses04F_script02_1_M030;fru;We weren't in a good spot.;sad
Ses04F_script02_1_F019;ang;We didn't see them the first time either.;sur
Ses04F_script02_1_M031;ang;We just weren't in a good spot.  This is a much better spot.;neu
Ses04F_script02_1_M032;exc;I've got good instincts for these things.  Look there. What's that.  Is that?  Is that, is that-no it's just seaweed isn't it.;sur
Ses04F_script02_1_M033;exc;Ah, man this is great.  I wouldn't miss this for anything.  I mean think about this.  I know you're not interested but just think about this for a minute.;hap
Ses04F_script02_1_M034;exc;Out there someplace there's this huge mass of silver fish heading this way.  They don't know why.  We don't know why.  It wasn't a decision.  They didn't take a vote.;sur
Ses04F_script02_1_M035;exc;No one sent them a map or an invitation.  Just some little instinctual time release firecracker went off in their little bodies and all as one. They turned and formed a line as long as the California coast and started swimming.;neu
Ses04F_script02_1_M036;exc;They're swimming right now as if that's the only thing that matters.;neu
Ses04F_script02_1_M037;exc;It's single mindedness with no mind.  Urgency that's pure urge.;neu
Ses04F_script02_1_M038;exc;They don't know what drives them.  They don't give it a name or ask question.  They just turn as one and start the swim that brings them here to this place;neu
Ses04F_script02_1_M039;exc;where we stand for massive celebration of sex and death.;neu
Ses04F_script02_1_M040;exc;Ah, I'm giving myself goose bumps.  All my hairs are popping up.;neu
Ses04F_script02_1_F020;fru;That's the wind.;neu
Ses04F_script02_1_F021;ang;About what?;sur
Ses04F_script02_1_F022;ang;It's ridiculous.;dis
Ses04F_script02_2_M000;neu;Well, so what do you think?;neu
Ses04F_script02_2_F002;ang;It's PR.  Somebody sold you a bill of goods that this wonderful event is going to take place on the beach.;sur
Ses04F_script02_2_F005;ang;Goddamn it Augie don't ask me that.  You always ask me that.  I hate it when you ask me that.  It's insulting.;ang
Ses04F_script02_2_M006;fru;Well then what's bugging you?;ang
Ses04F_script02_2_F006;ang;We just have different ideas about what this evening is supposed to look like.;neu
Ses04F_script02_2_M007;fru;There's nothing to it.  We come down here.  The grunions arrive.  They do their little fish business.  We go oh, ah look at the fish.  They go home.  We go home.;neu
Ses04F_script02_2_F007;ang;For heaven's sake, this is not about fish.;neu
Ses04F_script02_2_M008;fru;Why not?;neu
Ses04F_script02_2_F008;neu;We totally skipped. Right.;neu
Ses04F_script02_2_F009;ang;For heaven's sake, grow up we are not going to see the Grunions.;neu
Ses04F_script02_2_M010;fru;Why not?;neu
Ses04F_script02_2_F010;ang;We never do.  Do we have we ever?;neu
Ses04F_script02_2_M011;fru;We've missed them twice that's not ever.;neu
Ses04F_script02_2_F011;ang;Twice is every time we've tried that's ever.;neu
Ses04F_script02_2_M012;fru;We'll see them this year.;neu
Ses04F_script02_2_F014;ang;and the fish won't show up.;sad
Ses04F_script02_2_M013;fru;I thought you wanted to see it.;neu
Ses04F_script02_2_F015;fru;You don't understand anything I'm saying.;ang
Ses04F_script02_2_M014;fru;No, of course not.;neu
Ses04F_script02_2_F016;fru;I did want to see it.  I always do.  I keep thinking that this time will be the time but it never is.;neu
Ses04F_script02_2_M015;fru;It's just a fish.  Nothing to get traumatized over.;neu
Ses04F_script02_2_M016;fru;I've been trying to work this backwards but I can't seem to pinpoint the moment when we took a turn for the worse.  You were fine during the phone call from Marge.  Dinner was okay.  Doing the dishes was no problem.;dis
Ses04F_script02_2_F019;sad;We thought I was pregnant and we had a bottle of champagne but no glasses.  You asked me to dance.  So we took off our shoes;sur
Ses04F_script02_2_F020;sad;and you popped the cork and while we were dancing, you said the softest most intimate things to me;dis
Ses04F_script02_2_F021;sad;right into my ear so that I could hear them as much as- so that I could feel them as much as hear them.;neu
Ses04F_script02_2_F022;sad;And I remember thinking this is it.  At last, at last I'm as happy as I'm supposed to be.;hap
Ses04F_script02_2_M019;neu;Wait a minute.  I've got it.;neu
Ses04F_script02_2_F023;sad;Dancing barefoot in the sand, drinking champagne from the bottle.;fea
Ses04F_script02_2_M020;neu;It was in the car right.  Driving past the Knickerbocker Liquor Locker, you said let's get some champagne and I said times a wasting or something like that.  Right?;neu
Ses04F_script02_2_M021;exc;That's it, right?  You want this to be like the other time, right.  That's it.;neu
Ses04F_script02_2_F024;sad;I would rather not remember some things.  I would rather not hope for some things.;neu
Ses04F_script02_2_F025;neu;No.;neu
Ses04F_script02_2_M023;neu;You want me to get some champagne?;ang
Ses04F_script02_2_F026;sad;No.;neu
Ses04F_script02_2_F027;fru;No.  No.;neu
Ses04F_script02_2_M025;fru;Well what?  Want me to breath in your ear?;sur
Ses04F_script02_2_F028;fru;No.;neu
Ses04F_script02_2_M026;fru;Want to get married again?;sad
Ses04F_script02_2_F029;fru;No.;neu
Ses04F_script02_2_M027;fru;What?  What do you want a divorce?;sur
Ses04F_script02_2_F030;fru;No.;neu
Ses04F_script02_2_M028;fru;A vacation?;sur
Ses04F_script02_2_F031;ang;No.;neu
Ses04F_script02_2_M029;fru;A new carpet, a poodle, a backrub, ice cream, a suicide pact.  What?  What?  Carla what the hell do you want?;sur
Ses04F_script02_2_M031;fru;Do you think that when I proposed, I had this great fantasy going that four years down the line we'd come to the beach and yell at each other over fish.;neu
Ses04F_script02_2_M032;fru;Do you think that I knew that there'd be times when you'd look at me like I'm a used Kleenex and times I would look at you and think holy hell when's the next flight to Alaska.;sur
Ses04F_script02_2_M033;fru;No, no I'm just like you.  I thought it was going to be all peaches and roses and sand in our hair and wind in our;neu
Ses04F_script02_2_M034;fru;Sand in our toes and wind in our hair and the fish will always come and the bills will always pay themselves and ha, ha baby the jokes on us.  Because you know what you get,;neu
Ses04F_script02_2_F033;ang;This what, what is this?  This isn't even anything.;sur
Ses04F_script02_2_F034;ang;Oh, right, sure this is standing on the beach.  This is waiting.  This is fighting.;neu
Ses04F_script02_2_M039;fru;I'm doing the best I can.;neu
Ses04F_script02_2_F037;sad;I know you are, Augie.  Really I do.  I know you wanted this to be special and nice and it's the full moon and the sand and all but I just couldn't help thinking about being somewhere else.;sur
Ses04F_script02_2_M040;sad;Maybe if you were with somebody else too.;neu
Ses04F_script02_2_F038;fru;I didn't say that.;neu
Ses04F_script02_2_M041;sad;No, I know but still.  I know I don't make you happy.;sad
Ses04F_script02_2_F039;fru;For heaven's sake, whatever I'm doing I'd rather be doing it with you.;ang
Ses04F_script02_2_M042;sur;Yeah?;sur
Ses04F_script02_2_F040;fru;Well don't be ridiculous.  Don't you know that?  You're the one who probably wishes you were with somebody else;ang
Ses04F_script02_2_F041;sad;somebody who knew how to enjoy herself and didn't take everything so hard.;hap
Ses04F_script02_2_M043;neu;Actually now that you mention it, no I don't.;neu
Ses04F_script02_2_M044;neu;I don't know.  It seemed like a good spot to me.;sur
Ses04F_script02_2_F043;hap;Yeah, I noticed that.  Looks pretty on the water doesn't it, big old white moon.;sur
Ses04F_script02_2_M046;exc;Well look at what we got here.;dis
Ses04F_script02_2_F044;hap;Oh, Augie you brought refreshments.;neu
Ses04F_script02_2_M047;neu;It's not champagne.;neu
Ses04F_script02_2_F045;hap;Well then I guess we don't need glasses.;neu
Ses04F_script02_2_F046;hap;I'm beginning to think you might be right.  I think this may be the spot after all.  Augie I'm sorry.;sad
Ses04F_script03_1_M001;fea;I wonder.;sur
Ses04F_script03_1_M002;fea;It must be them then.;neu
Ses04F_script03_1_F005;exc;Ahh.  It sent shivers up my spine.;fea
Ses04F_script03_1_M006;exc;What shall we do if they suddenly walk in on us?;fea
Ses04F_script03_1_F006;exc;Behave exquisitely.;neu
Ses04F_script03_1_M007;exc;With the most perfect poise.;neu
Ses04F_script03_1_F007;exc;Certainly I shall probably do a court curtsy.;neu
Ses04F_script03_1_M008;exc;Things that ought to matter dreadfully don't matter at all when one's happy, do they?;fea
Ses04F_script03_1_M009;neu;Don't say that, my darling.;neu
Ses04F_script03_1_F009;exc;It's true the whole business is very poor joke.;dis
Ses04F_script03_1_F011;exc;Don't laugh at me.  I'm serious.;sad
Ses04F_script03_1_F012;neu;Who's they?;sur
Ses04F_script03_1_F014;exc;Oh, how long will it last, this ludicrous, over-bearing love of ours?;ang
Ses04F_script03_1_M017;neu;Well who knows?;neu
Ses04F_script03_1_F017;neu;What happens if one of us dies?  Does the one that's left still laugh?;neu
Ses04F_script03_1_F021;exc;Thank you, dear.  The same applies to you except that if I catch you so much as looking at another woman, I'll kill you.;ang
Ses04F_script03_1_M027;neu;Do you remember that awful scene in Venice?;fea
Ses04F_script03_1_F022;exc;Which particular one?;neu
Ses04F_script03_1_M028;neu;The one where you bought that little painted wooden snake and put it on my bed.;neu
Ses04F_script03_1_F023;exc;Oh, Charles.  That was his name.  Charles he did wriggle so beautifully.;neu
Ses04F_script03_1_M029;neu;Horrible thing.  I hated it.;dis
Ses04F_script03_1_F024;exc;Yes, I know you did.  You threw him out of the window into the Grand Canal.  I don't think I'll ever forgive you for that.;sad
Ses04F_script03_1_M030;neu;How long did that row last?;neu
Ses04F_script03_1_M031;neu;The worst one was in Cannes when your curling irons burnt holes in my dressing gown.;dis
Ses04F_script03_1_F026;exc;It burnt my comb too and all the towels in the bathroom.;dis
Ses04F_script03_1_F028;exc;Then the manager came in and found us rolling about on the floor biting and scratching like panthers.;dis
Ses04F_script03_1_F029;exc;How ridiculous.  How utterly, utterly ridiculous.;dis
Ses04F_script03_1_F030;exc;And very much sillier.;hap
Ses04F_script03_2_M000;neu;As a matter of fact, the real cause of that row was Peter Burden.;neu
Ses04F_script03_2_M001;ang;I knew nothing of the sort.  You took presents from him.;dis
Ses04F_script03_2_M003;ang;You went out of your way to torture me over Peter Burden.;ang
Ses04F_script03_2_M005;ang;You let him kiss you.  You said you did.;neu
Ses04F_script03_2_F005;ang;What of it?;sur
Ses04F_script03_2_M006;ang;What of it?;sur
Ses04F_script03_2_M007;ang;What about me?;fea
Ses04F_script03_2_M008;ang;That's a nice point of view, I must say.;hap
Ses04F_script03_2_F008;fru;Oh, dear.  I'm bored with this conversation.;sad
Ses04F_script03_2_F009;fru;No thanks.;dis
Ses04F_script03_2_M010;neu;I'll have some myself, I think.;neu
Ses04F_script03_2_M012;fru;You can hardly call three liquor glasses in the whole evening going on and on and on.;neu
Ses04F_script03_2_F012;ang;It's become a habit with you.;neu
Ses04F_script03_2_F013;ang;Oh, don't be so stupid.;ang
Ses04F_script03_2_M014;ang;Really, Amanda.;sur
Ses04F_script03_2_F014;ang;What?;sur
Ses04F_script03_2_M015;ang;Nothing.;neu
Ses04F_script03_2_M016;ang;Going somewhere, my dear?;sur
Ses04F_script03_2_F015;fru;Just making myself fascinating for you.;neu
Ses04F_script03_2_F016;fru;The woman's job is to allure the man.  Watch me a minute will you.;neu
Ses04F_script03_2_F017;fru;Oh, no it isn't;sur
Ses04F_script03_2_F019;ang;It doesn't seem to have worked such wonders with you.;neu
Ses04F_script03_2_M021;fru;Snap, snap, snap like a little adder.;ang
Ses04F_script03_2_F020;ang;Adders don't snap they sting.;ang
Ses04F_script03_2_F021;ang;They sting.;ang
Ses04F_script03_2_F022;ang;I don't care, okay.  Do you understand?  I don't care.  I don't mind if they bark and roll about like hoops.;ang
Ses04F_script03_2_M024;neu;Did you see much of Peter Burden after our divorce?;neu
Ses04F_script03_2_F023;ang;Yes, I did quite a lot.;neu
Ses04F_script03_2_F024;ang;Mind your own business.;neu
Ses04F_script03_2_F025;ang;You're quite insufferable.  I expect it's because you're drunk.;ang
Ses04F_script03_2_M027;ang;I'm not in the least drunk.;dis
Ses04F_script03_2_F026;ang;You always had a weak head.;neu
Ses04F_script03_2_M028;fru;I think I mentioned once before that I had three minute liquor glasses of brandy the whole evening long.  A child of two couldn't get drunk on that.;neu
Ses04F_script03_2_F027;ang;On, the contrary.  A child of two could get violently drunk on only one glass of brandy.;dis
Ses04F_script03_2_F028;ang;Oh, shut up.;ang
Ses04F_script03_2_F029;ang;Not very funny, dear.  You'd better have some more brandy.;sur
Ses04F_script03_2_M031;ang;Very good idea.  I will.;hap
Ses04F_script03_2_F030;ang;Why?;sur
Ses04F_script03_2_F031;ang;There is no one upstairs.  It's a photographer's studio.;neu
Ses04F_script03_2_M034;ang;There are people downstairs I suppose.;neu
Ses04F_script03_2_M035;ang;This is no time of year for Tunis.;neu
Ses04F_script03_2_F034;ang;Very well if you insist on being boorish and idiotic.;neu
Ses04F_script03_2_M037;ang;Turn it off.  It's driving me mad.;ang
Ses04F_script03_2_F035;ang;You're far too temperamental.  Try to control yourself.;ang
Ses04F_script03_2_F036;ang;Go away, go away.  I hate you.;ang
Ses04F_script03_2_M039;ang;Amanda, listen.;neu
Ses04F_script03_2_F037;ang;Listen? Listen indeed.  I'm sick and tired of listening to you.  You damn sadistic bully.;fea
Ses04F_script03_2_F038;ang;Stop.;ang
Ses04F_script03_2_M040;ang;Very amusing.;hap
Ses04F_script03_2_F039;ang;Stop, stop.  I hate you.  Do you hear?  You're conceited and overbearing and utterly impossible.;ang
Ses04F_script03_2_M041;ang;You're a vile tempered, loose living, wicked little beast. And I hope I never see you again as long as I live.;dis
Ses04F_script03_2_F040;ang;This is the end do you understand?  The end,;neu
Ses04F_script03_2_M042;ang;You're not going like this.;dis
Ses04F_script03_2_F041;ang;finally and forever;neu
Ses04F_script03_2_F042;ang;Oh, I am.  Let go of me.;neu
Ses04F_script03_2_M043;ang;You're not.;neu
Ses04F_script03_2_F043;ang;Oh, I hate you. It's a good thing that I found out in time what you're really like. Marry you again?  Never, never, never.;ang
Ses04F_script03_2_M044;ang;Shut up.  Shut up. I wouldn't marry you again if you came crawling to me on your bended knees.;ang
Ses04F_script03_2_M045;ang;You're a mean, evil minded, little tempered witch. I hope to God I never set eyes on you again as long as I live. Whore.;dis
Ses04F_script03_2_F044;ang;I'd rather die in torment. Beast.  Brute.  Calf swine.;sad
Ses04M_impro01_M000;neu;Yeah, hi.  Um, look, I -- all I'm trying to do right now is renew my license plate.  That's all.  I just need to get one of those little stickers.;neu
Ses04M_impro01_F000;neu;Okay.  What's the problem?;ang
Ses04M_impro01_M001;fru;And I've- I've- some lady -- I got in line.  I waited for about two hours um, and, I gave her this form;neu
Ses04M_impro01_M002;fru;that she gave to me earlier. And she said oh, I gave you the wrong one by accident.  So I was hoping I could just fill out a new one, give it to you and sort of skip this whole line business.;neu
Ses04M_impro01_F001;neu;Okay, um.  Do you have your photo ID with you?;neu
Ses04M_impro01_M003;neu;Yes, I do.;neu
Ses04M_impro01_F002;neu;Okay.  This is the wrong form.  I'm sorry.;sad
Ses04M_impro01_M004;fru;This is -- okay, then just can I have the form that I need.;neu
Ses04M_impro01_F003;fru;I don't have the form.  You're going to have to go get in that line over there and they will give you the right form.  And after you fill it out, you can bring it back to me.;neu
Ses04M_impro01_M005;fru;Don't you -- you don't have-;ang
Ses04M_impro01_M006;fru;are you telling me you don't have a stack of them behind the desk?;sur
Ses04M_impro01_F004;fru;I don't have any of;neu
Ses04M_impro01_F005;fru;I don't have any of them over here.  You're gonna have to go get in that line over there.  And they will give you a copy of the form.;neu
Ses04M_impro01_M007;fru;But you're -- it's the same -- I mean, you can -- like I can't go behind your desk--;dis
Ses04M_impro01_F006;fru;Nope, I don't. I don't have-;neu
Ses04M_impro01_M008;fru;"or I can't go behind there- you can go behind this person's desk and just grab the form. So if you could just do that; that would help me out a lot.";neu
Ses04M_impro01_F007;fru;No, I can't. That's-;fea
Ses04M_impro01_F008;fru;I'm sorry.  You have to do things the way you have to do things here.  We have rules.;sad
Ses04M_impro01_M009;fru;Look, can you please just-- --make this -- look, I look--;ang
Ses04M_impro01_F009;fru;Go get in that-- Sir-- Sir, there are people in line behind you. you need;neu
Ses04M_impro01_M010;fru;look-- It's  been- it's been two hours.  Can you please just make this easier on me and just go and get the form?  It's not- it's really not;sur
Ses04M_impro01_F010;fru;I'm sorry.  I'm sorry you're having a hard time,;sad
Ses04M_impro01_F011;fru;but you're gonna have to go get in  that line to;neu
Ses04M_impro01_M011;fru;What if I pay you money?;ang
Ses04M_impro01_M012;fru;Can I pay you money?  Can I give you, like, twenty bucks and you'll go back there and get the form?;neu
Ses04M_impro01_F012;neu;twenty bucks? Please. Go get in that line over there.;neu
Ses04M_impro01_M013;fru;Come on.  Will you please?  I just --I look, I  cannot-- --just if I --;fea
Ses04M_impro01_F013;fru;Look, I'm having a really bad day.  I'm off in twenty minutes and I just really don't need this right now, okay.;sad
Ses04M_impro01_M014;fru;I don't care, well- You're having a bad -- I just waited in line for two hours.;dis
Ses04M_impro01_F014;fru;And you're gonna have to go wait again, because that's the line you need.;neu
Ses04M_impro01_F015;fru;I can't do that. It's against our rules. You can go get in that line over there or you can just go ahead and leave and come back another day.  Maybe there will be a shorter line.;neu
Ses04M_impro01_M016;fru;That's all I- I just- That's all i want you to-;neu
Ses04M_impro01_M017;fru;Rules, you just have to grab a piece of paper behind from somebody's desk;neu
Ses04M_impro01_M018;ang;It's not rocket science.;neu
Ses04M_impro01_M019;fru;Come -- just, please, just grab the form.  It's right over there.;neu
Ses04M_impro01_F016;fru;I can't do that.;sad
Ses04M_impro01_M021;fru;Why are you being such a bitch?;ang
Ses04M_impro01_F017;fru;I'm sorry, but I can't do that.;sad
Ses04M_impro01_M022;fru;Please, will you please -- will you please just grab the form?;neu
Ses04M_impro01_F018;ang;So go get in the other line or leave.  Or I will have you escorted out by security.;neu
Ses04M_impro01_F019;ang;Would you like to be kicked out of the D.M.V.?  You don't think that'll be a little embarrassing?;sad
Ses04M_impro01_M023;fru;Fine, which line is it?;ang
Ses04M_impro01_F020;fru;The one you just came from.;neu
Ses04M_impro01_M024;ang;Okay, fine.  I'll go over there.  Thanks, a lot.  You've been really helpful.;neu
Ses04M_impro01_F021;ang;Yeah.  Thank you.  Have a pleasant day.;hap
Ses04M_impro02_M000;sad;It's only going to be a year.;neu
Ses04M_impro02_M002;fru;There's nothing I --;neu
Ses04M_impro02_F002;fru;You're just going to pick up and leave me and our baby and miss a year of our lives?;dis
Ses04M_impro02_M003;fru;It's -- look, it's only a year.  It'll go by quickly.  Okay.;neu
Ses04M_impro02_M004;fru;I know, but I'll be back then.  And - and- and we'll have -- we have the rest of our lives.;neu
Ses04M_impro02_M005;fru;I can't do that.  I have to go.;sad
Ses04M_impro02_F005;fru;Do you want to -- do you want to leave us behind?  I mean, I don't understand why you have to do this.;sur
Ses04M_impro02_M006;fru;I've made a pledge.  I can't not do this at this point.;sad
Ses04M_impro02_M007;fru;I know that. I know that. I know that.;neu
Ses04M_impro02_M008;neu;There's nothing I can do.  I mean, I have to go.;sad
Ses04M_impro02_M009;fru;And this is what I do.  This is -- I mean, this is my life.  And I know that you're part of my life, too, and I mean, it's only -- it's just going to be a year.  I'll be back.;neu
Ses04M_impro02_F007;fru;Can't you ask them?  Can't you go back and ask them if you could -- I don't know if you could change  assignments or something and you could stay here?;neu
Ses04M_impro02_M010;fru;It's not- it's not- It's not like that.  It's not like that.  I can't do that.;dis
Ses04M_impro02_F008;fru;Why not?  You could, at least, try.  They have to understand;neu
Ses04M_impro02_M011;fru;Because it's impossible.  There's -- I just can't.  I can't.;sad
Ses04M_impro02_F009;sad;You won't even know your child when you come back.  This -- isn't there someone you could talk to?;sur
Ses04M_impro02_F010;fru;Explain the situation to them and then you can stay here.;neu
Ses04M_impro02_M012;fru;Look, honey, it's- it's- it's only going to be a year.;neu
Ses04M_impro02_M013;fru;It's only going to be a year. I'm not going to miss my son's entire life.;sad
Ses04M_impro02_F011;fru;And what happens if, at the end of that year, they ask you to stay longer?  Are you just going to agree?  Are you just going to absentmindedly brainwashedly do whatever it is they tell you to do?;neu
Ses04M_impro02_M014;fru;I'm not going to stay more than a year.  I've  agreed to a year;sad
Ses04M_impro02_F012;fru;Then why do you have to go a year at all?;sur
Ses04M_impro02_M015;fru;Because I've already agreed to that.;neu
Ses04M_impro02_F013;fru;Well unagree.  Tell them that you can't leave right now.  I can't do this by myself.  I can't do this without you.;sad
Ses04M_impro02_M016;fru;Yes, you can.  Yes, you can.  You know you can.  You're a strong person.;neu
Ses04M_impro02_M017;fru;It is. It is. It is. It is. I'm going to write you every day.;neu
Ses04M_impro02_M018;fru;What else can we do?  I -- we don't have a choice in this.  Do you understand?  You can't come with me and I can't stay here.  That's all there is to it.;fea
Ses04M_impro02_F016;fru;There has to be something.  I mean, we can't just live with this.  It's not -- it just won't work this way.;neu
Ses04M_impro02_M019;fru;We don't have a choice.  I have to do this.;neu
Ses04M_impro02_F017;fru;Just tell them no.;neu
Ses04M_impro02_M020;fru;I can't do it.  I'd love to.  I mean, I don't - if you understand, I don't want to stay.;sad
Ses04M_impro02_M021;fru;I mean, I don't want to -- I don't want to leave.  I want to stay here with you.;sad
Ses04M_impro02_F018;fru;Then, can't you please try something?  If you go and ask them and they say no, then I would understand, but you're not even willing to ask.;ang
Ses04M_impro02_F019;fru;Can't you just make an effort?  Can't you just try?;ang
Ses04M_impro02_M022;fru;I've asked already.  I can't go back.;sad
Ses04M_impro02_M023;fru;It can't happen.  I have to go.  I want to stay really bad, but I can't.  There's just no -- I don't have an option.;sad
Ses04M_impro02_F020;sad;When do you leave?;neu
Ses04M_impro02_M024;fru;Next week.;neu
Ses04M_impro02_F021;ang;A week.  You're giving me a week to be okay with this.;neu
Ses04M_impro02_M025;fru;You can't make it out like I'm happy about this.  I mean, I didn't -- I didn't want to put you in this situation.;hap
Ses04M_impro02_F022;fru;Well it doesn't seem like you're that bothered by it.;ang
Ses04M_impro02_M026;fru;I am.  I mean, I don't know.  I don't know what else to tell -- you know, I mean, I can tell you.  I don't know what else to do. I mean, I've been forced into this situation.;fea
Ses04M_impro02_F023;fru;If you really cared so much, you'd find a way out.;neu
Ses04M_impro02_M027;fru;There's nothing I can do.  I-- I;sad
Ses04M_impro02_M028;fru;They won't let you come along.  It's not going to happen.;sad
Ses04M_impro02_F025;fru;It's a free world.  I can go where I want.  Wherever you are, that's where we're going to go.;neu
Ses04M_impro02_M029;fru;Are you kidding? Please don't be difficult about this.;ang
Ses04M_impro02_M030;fru;[BREATHING];dis
Ses04M_impro02_F027;fru;I'm finding a way to make it work.  And I will go wherever you go.  Whatever I have to do, I will make this work.;neu
Ses04M_impro02_M031;fru;Look, I--;ang
Ses04M_impro02_F028;fru;You're not really giving me a lot of options.;neu
Ses04M_impro02_M032;fru;Where I'm going is not the safest place on the earth.  Okay.;neu
Ses04M_impro02_F029;fru;But I'm supposed to be okay with you going there.;neu
Ses04M_impro02_M033;fru;But I've been trained.  You have no training.;neu
Ses04M_impro02_M034;fru;You have to.  Do you understand me?  You have to.;sur
Ses04M_impro02_M035;fru;Well I guess we're at a stalemate then, aren't we?;neu
Ses04M_impro03_M002;exc;Yeah, it's pretty amazing, huh?;hap
Ses04M_impro03_F002;exc;I can't -- how did you do it?  What happened?;sur
Ses04M_impro03_F003;exc;[LAUGHTER] Well you paint a romantic picture.;neu
Ses04M_impro03_M005;hap;Well I didn't want it to be like cheesy, you know.;dis
Ses04M_impro03_F004;exc;Did she cry?;sad
Ses04M_impro03_M006;hap;She didn't cry, but she was laughing a lot and it was very exciting, so...;hap
Ses04M_impro03_F005;exc;Oh, my God.  How long have you been planning on doing this?;sur
Ses04M_impro03_M007;hap;Honestly, it was kind of quickly.  It was actually only in the past couple months.;sur
Ses04M_impro03_F006;exc;I can't believe this.  You're getting married. It's crazy!;sur
Ses04M_impro03_M008;hap;Yeah. Yeah. So- I know.  I know. I know.  It's weird 'cause it's like the beginning of the rest of my life, you know.;dis
Ses04M_impro03_F007;exc;Yeah, it is.;neu
Ses04M_impro03_M009;hap;But uh- no, I mean, you know.  You know, I really want you to like, you know, sort of;neu
Ses04M_impro03_F008;exc;Yeah, I would love to. Thanks. [LAUGHTER];hap
Ses04M_impro03_M011;exc;Okay. Well there you go.;neu
Ses04M_impro03_F009;exc;Oh, my God, where -- have you guys talked about where you're going to get married or--;sur
Ses04M_impro03_F010;exc;Oh, my God.;sur
Ses04M_impro03_F011;exc;Are you going to get married like on the beach barefoot or like fancier?  Like in a church.;neu
Ses04M_impro03_M015;exc;Barefoot?;sur
Ses04M_impro03_F012;exc;Well I don't know.  Throwing it out there.;neu
Ses04M_impro03_M017;exc;Yeah.  But I'm really excited.  So and everybody's going to come out and it'll be a great time.  And--;hap
Ses04M_impro03_F015;exc;It's so exciting.  What's the ring look like?;hap
Ses04M_impro03_M019;exc;It's big and shiny.  I don't know.  It's silver and--;sur
Ses04M_impro03_F016;exc;Big and shiny.  You're such a guy. [LAUGHTER];sur
Ses04M_impro03_M020;hap;Yeah, I don't know. [LAUGHTER] But, yeah, so anyway -- well I wanted to tell you that, you know, 'cause you're one of my good friends and you're Kate's- one of her best friends and-;hap
Ses04M_impro03_F017;exc;I'm so excited for you. That's great. I'm so-;hap
Ses04M_impro03_M021;hap;Yeah, yeah. She was actually -- she was going to tell you but I told her that I wanted to tell you and she had to work today anyway, so I decided to-;neu
Ses04M_impro03_M022;hap;Yeah, yeah.;neu
Ses04M_impro03_F019;exc;It's fantastic.  I -- congratulations. It's amazing.;hap
Ses04M_impro03_M023;exc;Thank you.  I'm really -- I'm really excited.  And it's -- I don't know, it's like a little -- it's like a little scary, 'cause I'm like, ah, you know, it's the first time I've ever done anything like this.;fea
Ses04M_impro03_M024;hap;But, you know, it's like I really love her and I really just -- I can't imagine spending my life with anybody else but her.  So, you know, it's like I know that's the right thing.  And if you have to, you know, if you have to question that, you know, don't- don't do it.  So we're going to do it.;hap
Ses04M_impro03_M025;hap;And it's going to -- the -- you know, I told her that I just -- I want the color brown to be as an integral in the wedding.  And, um, maybe some greens and blues.;neu
Ses04M_impro03_M026;hap;She's okay with it.;neu
Ses04M_impro03_M028;hap;Well, I mean I just told her--Well I just said, you know, hey, these are my suggestions.;neu
Ses04M_impro03_M029;hap;All fruit and the color brown. Just that. That's all- that's my only request.;neu
Ses04M_impro03_F024;hap;This is why men don't plan weddings. [LAUGHTER];neu
Ses04M_impro03_M030;hap;Yeah.  Well maybe--maybe you're right. Maybe there's something to that.;neu
Ses04M_impro03_F025;exc;All fruit and brown. [LAUGHTER];neu
Ses04M_impro03_M031;neu;So, um, anyway, do you want to order now?   So, um I mean--;neu
Ses04M_impro04_M000;fru;"Oh, man, I just -- I don't know what to do.  I don't know what to do.  It's like every job, you know, I go to; every job I apply to,";fea
Ses04M_impro04_M001;fru;it's just like nobody- nobody wants to hire me. It's been years, I mean, do you understand, years?  Like, I'm -- you know what I mean, it's like I've been collecting unemployment for so long now, it's just like I just -- I can't take it.  I don't know what to do.  I mean, I'm just like losing my mind.;ang
Ses04M_impro04_F000;neu;Well there has to be something you haven't tried.;neu
Ses04M_impro04_M002;fru;I-I'm not kidding.  I've tried everything.  Like I've gone to every business and local, you know,;neu
Ses04M_impro04_M003;fru;local business in- in the area and I can't- I can't get anything.  Like, nobody -;sad
Ses04M_impro04_F001;neu;What about like a temp agency?;neu
Ses04M_impro04_F002;neu;Have you gone, like, signed up with a temp agency?  Maybe they can help.;neu
Ses04M_impro04_M004;neu;there's just like no jobs available.  I mean, it's just like, God.;sur
Ses04M_impro04_M005;fru;Yeah, I tried that.  And there was like, yeah, like I did like one thing once.  But, like, that's not -- it doesn't last very long.  And it's not enough to live on.;neu
Ses04M_impro04_F003;neu;Right, but you have -- I mean, you have to keep on them.  You have to keep calling and reminding them that you're still looking and;neu
Ses04M_impro04_F004;neu;I mean, you have to be really aggressive about it.;ang
Ses04M_impro04_M006;fru;Yeah, I do.  I do.  You don't understand.;neu
Ses04M_impro04_M007;fru;I- You don't understand. I don't have a job.  All- My job is to look for a job.  I don't do anything else.;sad
Ses04M_impro04_M008;fru;But, like, it's been years now and I just can't seem to get anything that really fits.  It's just it -- I -- it drives me absolutely insane.;sur
Ses04M_impro04_F005;neu;Well, I mean, if it's that bad, maybe you're gonna have to take something that doesn't really fit, you know.  Like maybe you'll have to do something else for a while.  Find a new field, new skill.;neu
Ses04M_impro04_M009;fru;No, no, no, no, no.  I can't- I can't do that.  I can't, I- because if I'm not- if I'm not- if I'm not doing something that I love, then I can't -- I can't- I mean it's- what's the point?;fea
Ses04M_impro04_F006;neu;Well then you're choosing to be unemployed, really.;neu
Ses04M_impro04_M010;fru;I'm not choosing. I'm not-;neu
Ses04M_impro04_F007;neu;If you're not willing to try and work with it and find something and, you know, I mean, there are things you could do.;neu
Ses04M_impro04_M011;fru;No, but I'm try- but like all the things that I-it's like I apply to all these places and none of them;neu
Ses04M_impro04_M012;fru;-- I mean, I don't understand.  It's like -- I mean, I feel like I'm qualified enough.  I just don't understand.  Like, I mean, it's just like a matter of circumstance, but it's been three years, you know, three years.;neu
Ses04M_impro04_F008;neu;Well maybe, you know, your luck it is just down and the market for your particular field is down and maybe you just need to look into doing something else for a while.;neu
Ses04M_impro04_M013;fru;This is stupid.;ang
Ses04M_impro04_F009;neu;I mean, I'm not saying that you should, you know--;dis
Ses04M_impro04_M014;fru;You know what, this is your fault.;ang
Ses04M_impro04_F010;sur;Excuse me?;ang
Ses04M_impro04_M015;fru;It's your fault 'cause -cause you always told me to- to do this and I did that instead.  And I didn't take your advice and - and- but you sort of were like were telling--;ang
Ses04M_impro04_F011;neu;It's my fault 'cause you didn't do what I told you to?;ang
Ses04M_impro04_M016;fru;Yeah, exactly.;neu
Ses04M_impro04_F012;neu;Well that sounds like your fault.;ang
Ses04M_impro04_M017;fru;Yeah.;neu
Ses04M_impro04_F013;neu;You didn't do what I told you to do.;ang
Ses04M_impro04_M018;fru;That's 'cause you always tell me to do the wrong thing.  And I thought this time it was -- I was gonna be right by going with the opposite thing. So it's your fault because;ang
Ses04M_impro04_M019;fru;-because you were always wrong and-and-and this time you were right. And-and I didn't -- yeah, that's why.;ang
Ses04M_impro04_M020;neu;Well, I mean, it makes sense, doesn't it, hmm?;dis
Ses04M_impro04_F015;neu;I think maybe you can't get employed because you aren't willing to take responsibility for your own actions.;neu
Ses04M_impro04_M021;neu;That's not true.  I take responsibility for my own actions.;sad
Ses04M_impro04_F016;neu;Really?  Whose fault is it you don't have a job?;sur
Ses04M_impro04_M022;neu;Yours.  I don't--;neu
Ses04M_impro04_F017;neu;[LAUGHTER];neu
Ses04M_impro04_M023;oth;I had- No, I don't.  I'm sorry.  I just totally screwed this one up.  You can stop it I guess.;sad
Ses04M_impro05_M000;fru;Yeah, hi.  Look--Um, okay.  Here's the thing.;neu
Ses04M_impro05_F000;neu;Hi, how can I help you?;sad
Ses04M_impro05_F001;neu;Mmhmm.;neu
Ses04M_impro05_M002;fru;lost my luggage. Your airline--;sad
Ses04M_impro05_F002;neu;I'm sorry.;sad
Ses04M_impro05_F003;neu;Right.;neu
Ses04M_impro05_M003;fru;lost my luggage. I didn't lose it. No, it's not like I left it somewhere and somebody took it.;neu
Ses04M_impro05_M004;fru;It was lost.  I waited on the conveyor -- near the conveyor belt to see, you know, where -- then the baggage claim and see if it would- it would come out.;sur
Ses04M_impro05_M005;fru;Didn't come out.  I spoke to somebody, a local authority figure.;ang
Ses04M_impro05_M006;fru;And he told me to come to this desk here so I can, uh, at least get, uh, the hundred- hundred and fifty dollars that- that I'm owed for my loss.;neu
Ses04M_impro05_M007;fru;'Cause that's roughly how much the bag plus all its contents was worth.;neu
Ses04M_impro05_F006;neu;Uh. Okay.  I -- first of all, I'm very sorry you lost your bag.;sad
Ses04M_impro05_F007;neu;Um, but, actually, our policy is a fifty dollar;neu
Ses04M_impro05_M008;ang;fifty dollars?;sur
Ses04M_impro05_F008;neu;refund--coverage of the bag that was lost. yes;sad
Ses04M_impro05_M009;ang;fifty dollars. No way, no.;dis
Ses04M_impro05_F009;neu;That's our policy, sir.;neu
Ses04M_impro05_M010;ang;I don't but the thing is, I don't care about your policy.;dis
Ses04M_impro05_M011;ang;You understand?;sur
Ses04M_impro05_M012;fru;What I want you to do is I want you to write three of those, as if I were three people.  Okay.  You can write -- you can just put my name on all --;neu
Ses04M_impro05_F010;neu;I can't do that.;sad
Ses04M_impro05_M013;fru;But what I'm telling you is that's what you're going to do.;neu
Ses04M_impro05_M014;ang;No, no, because, look, I don't care what your policy says.  I mean--;dis
Ses04M_impro05_F012;fru;I'm very sorry.  I understand you're frustrated. You just got off of a flight.;sad
Ses04M_impro05_M015;ang;You understand that the contents of my bag- The contents of my bag cost a hundred and fifty dollars.;neu
Ses04M_impro05_M016;ang;You--;ang
Ses04M_impro05_F013;neu;We'll cover fifty.;neu
Ses04M_impro05_M017;ang;No.  No.  No.  What I need you to do -- I need you to write checks for -- I need you to write three of them. That'll be satisfactory.;neu
Ses04M_impro05_F014;fru;We only cover fifty do-;neu
Ses04M_impro05_M018;ang;Just -- you can fill out the form--We can fill out - no, no, no, we can fill out the form three times.;neu
Ses04M_impro05_F015;fru;We only cover fifty dollars worth of lost items.;neu
Ses04M_impro05_M019;fru;And then that'll be that. It's going to be fine. Just-;neu
Ses04M_impro05_F016;fru;I'm very sorry.;sad
Ses04M_impro05_F017;neu;I'm very sorry.  I understand you're upset.  You just got off a long flight.;sad
Ses04M_impro05_M021;fru;You don't understand. You don't understand, actually.  You don't understand because it was my luggage that was lost.  Okay.;ang
Ses04M_impro05_F018;fru;We really -- we want to work with you. We really -- we want to help.;sad
Ses04M_impro05_F019;neu;I understand that.  I would know if it was mine. Um-;neu
Ses04M_impro05_M022;ang;Yeah.  If it was yours, but it's not. It's mine.  Okay. So just--;neu
Ses04M_impro05_F020;neu;But it's not.  It's yours.  I understand.;neu
Ses04M_impro05_F021;fru;I know.  We want to work with you.  We will give you the fifty dollars but I'm--;neu
Ses04M_impro05_F022;fru;Yeah, we don't do that.  I can go ahead and send you--;neu
Ses04M_impro05_M024;fru;You- you- you- you're misunderstanding me.  You're going to do that.;ang
Ses04M_impro05_F023;fru;We will definitely keep an eye out for your bag. We will try to find it.  We will, you know, fill out the form for missing items.;neu
Ses04M_impro05_M025;fru;Look, can I just -- can I speak to your manager, please?  'Cause I- I really -- I don't, um -- I mean, I just don't want to deal with -- I know that -- I mean, I know this isn't your fault,;fea
Ses04M_impro05_F024;fru;No one can make the three check thing happen 'cause we don't do that.;neu
Ses04M_impro05_F025;fru;I can write you the one check.;neu
Ses04M_impro05_M026;ang;but I need to speak to somebody who can make the three check thing happen.;neu
Ses04M_impro05_F026;fru;All- all that my supervisor could do is the exact same thing that I'm offering to do.;neu
Ses04M_impro05_M027;fru;But what I'm talk -- but I'm just,just- please let me--;neu
Ses04M_impro05_M028;fru;But if I could just speak directly -- if I could just speak directly to your-- to your superior person;neu
Ses04M_impro05_F027;fru;I'd be happy to give you a cup of coffee, too.;hap
Ses04M_impro05_F028;fru;We'll just throw that in--gratuitously.;ang
Ses04M_impro05_M029;fru;then that would be helpful to me because I just feel like if- you don't think you have the power to write three checks but you actually do. see?;sur
Ses04M_impro05_F029;fru;No, I don't. See, I could lose my job if I did that.;neu
Ses04M_impro05_M030;fru;But your job is not my concern. My concern is getting my luggage.;fea
Ses04M_impro05_F030;fru;And your bag is not my concern.;fea
Ses04M_impro05_F031;fru;The fifty dollars I'm going to give you for your bag is really all I'm concerned with.;neu
Ses04M_impro05_M031;fru;Look, I don't -- look, can we just not argue about this.  Like--;ang
Ses04M_impro05_F032;fru;I'm more than happy to not argue about it.  I will give you your fifty dollar certificate.;hap
Ses04M_impro05_F033;fru;You can go ahead and go fill out the form. We'll look for your bag.;neu
Ses04M_impro05_M032;fru;So what if- what if we- what if we do three forms;fea
Ses04M_impro05_M033;fru;with different names on them? That-;sur
Ses04M_impro05_F034;fru;Then that would be lying.;ang
Ses04M_impro05_M034;fru;but, no. See, 'cause;sad
Ses04M_impro05_M035;fru;if we have three forms then I can get the hundred and fifty.;neu
Ses04M_impro05_F035;fru;I'm sorry.  We can only issue one fifty dollar certificate to cover the lost bag for one person.;sad
Ses04M_impro05_M036;fru;Just please, will you please just work with me here? Just -- all I'm asking you to do is just work with me. I know -- I know that you get lots of people all day long who give you shit, give you crap, but;dis
Ses04M_impro05_F036;neu;I understand you're frustrated, but--;ang
Ses04M_impro05_M037;fru;um, you know, I -- this is my bag and I need the hundred and fifty dollars. Please.;neu
Ses04M_impro05_F037;neu;I know. I understand it's personal-- It's personal to you. I get that.;neu
Ses04M_impro05_M038;ang;Please.;neu
Ses04M_impro05_F038;fru;But if you want to just sit down, you know, maybe have a cup of tea, calm down a little bit, we'll go ahead and we'll do what we can for you. you okey;neu
Ses04M_impro05_M039;ang;I'm already calm. Okay, I'm calm. I'm calm.;neu
Ses04M_impro05_M040;fru;Just all I need you to do is just fill out three forms and I'll leave you alone forever, forever.  I'll never -- we'll never see each other again.;neu
Ses04M_impro05_F039;fru;And I'm looking forward to that.  However, I can't do that. I would lose my job.;sad
Ses04M_impro05_M041;fru;But that's not going to-- But you don't understand. You're looking forward to never seeing me again.;dis
Ses04M_impro05_F040;fru;Oh, yes.;neu
Ses04M_impro05_M042;fru;But never seeing me again is not going to happen until you give me the three checks.;neu
Ses04M_impro05_F041;fru;I'm sorry, really.  But--;sad
Ses04M_impro05_M043;fru;I don't -- I'm not- I'm not convinced.;sur
Ses04M_impro05_F042;fru;That I'm sorry?;sad
Ses04M_impro05_M044;ang;Yeah.  If you were really sorry, you'd give me the three checks.;neu
Ses04M_impro05_M045;ang;So why don't we just do that and stop this nonsense, hmm?  Hmm?;neu
Ses04M_impro06_F000;sad;Hey, how you doing?;sur
Ses04M_impro06_F001;sad;I'm sorry.;sad
Ses04M_impro06_M000;sad;Thanks.;neu
Ses04M_impro06_F002;sad;I know- I know there's nothing I can say that will really help, but--;neu
Ses04M_impro06_M001;sad;I know.  I just -- I don't know.  It's just weird because you have somebody who's, you know,;dis
Ses04M_impro06_M002;sad;a major part of your life and then they're gone.  And I don't know.  That's not really -- it's never really happened to me before.;sur
Ses04M_impro06_F003;sad;I'm sorry.  It's never easy.;sad
Ses04M_impro06_M003;sad;Yeah.;neu
Ses04M_impro06_F004;sad;But, I'm here if there's anything you need.  I mean, you just have to ask.  I know --;neu
Ses04M_impro06_M004;sad;Thanks.;neu
Ses04M_impro06_F005;sad;--it doesn't really do anything.  But--;neu
Ses04M_impro06_M005;sad;I just -- it's just not fair.;dis
Ses04M_impro06_F006;sad;I know.  It never is.;neu
Ses04M_impro06_F007;sad;How's, um -- how's his parents doing?;neu
Ses04M_impro06_M006;sad;I mean, they're, you know, they're upset.  It's like you know, they;neu
Ses04M_impro06_M007;sad;feel the same way everybody else does.;sad
Ses04M_impro06_F008;sad;I mean, what do you want to do?  Do you want to- do you want to talk about it?  Do you-;fea
Ses04M_impro06_M008;sad;[BREATHING] I mean, there's nothing really to talk about.  He's gone and I'll never see him again.;dis
Ses04M_impro06_F009;sad;Well I know it's not a lot of help or anything, but at least you got to know him.  I mean, at least you had the time with him that you did.;neu
Ses04M_impro06_M009;sad;Yeah.;neu
Ses04M_impro06_F010;sad;I mean, we can be grateful for that.;neu
Ses04M_impro06_M010;sad;Yeah, I don't know.  Sometimes I wish I didn't know him.  So I wouldn't--;neu
Ses04M_impro06_F011;sad;You feel that way now because you're upset.  But you don't really think that.;ang
Ses04M_impro06_F012;sad;"It'll get better.  I know it doesn't help, but it will get better and you will remember all of the good things that you guys had; all of the memories that you have with him that were happy and you'll be grateful for those.";hap
Ses04M_impro06_M011;sad;This is just -- this is a terrible life.  I just don't understand.;fea
Ses04M_impro06_M012;sad;I mean, it's just not fair.  Like, I don't know.  Why people -;neu
Ses04M_impro06_M013;sad;there should just be some sort of rule that people don't die until they're older, 'cause then, at least, it's expected.;neu
Ses04M_impro06_F014;sad;I agree.  If I knew how to make that happen, I would certainly help you.;neu
Ses04M_impro06_M014;sad;I don't know what to do.;sad
Ses04M_impro06_F015;sad;When's the service? Can- can we help?  Is there anything, I mean--;fea
Ses04M_impro06_M015;sad;I mean, you- you can go.  I don't know.  I don't know what else.;neu
Ses04M_impro06_M016;sad;I hope it rains.  Somehow that'll make me feel more comfortable.;hap
Ses04M_impro06_F016;sad;Seems like if the whole world's sad, then it's okay for you to be.;sad
Ses04M_impro06_M017;sad;Yeah.;neu
Ses04M_impro06_M018;sad;I just wish there was some way to just bring him back to life magically.;neu
Ses04M_impro06_F017;sad;I know.;neu
Ses04M_impro06_M019;sad;"Just, you know, some thing; some genie. I need to find a genie bottle.";neu
Ses04M_impro06_F018;sad;I don't have any magic answers.  But,;neu
Ses04M_impro06_F019;sad;I mean, as- as cliche as it is, as long as people who loved him remember him, then it's not a waste, you know.;dis
Ses04M_impro06_M020;sad;I know.;neu
Ses04M_impro07_M000;exc;Alright, so you're not going to believe this.  But I went home today. I looked through the mail.  And I got an acceptance letter from U.S.C..;sur
Ses04M_impro07_F000;sur;What, no way.;ang
Ses04M_impro07_M001;exc;I'm going to U.S.C.. Yeah.;neu
Ses04M_impro07_F001;sur;Really?;sur
Ses04M_impro07_M002;exc;Yeah, yeah.;neu
Ses04M_impro07_F002;exc;I didn't even;dis
Ses04M_impro07_F003;exc;know you applied to U.S.C..;neu
Ses04M_impro07_M003;exc;I did.  I did. I've -- yeah, I applied to U.S.C..  I mean, it's really expensive but;neu
Ses04M_impro07_M004;exc;it's a really good school.  So;hap
Ses04M_impro07_F004;exc;That's amazing.  I've seen it on TV. Um, Wow.  I mean, well what are you going to major in?  What are you going to do?;sur
Ses04M_impro07_M007;hap;Yeah.  I like to know about history, 'cause, you know, it's- it's just so relevant to the present.;hap
Ses04M_impro07_F006;exc;Right.;neu
Ses04M_impro07_M008;hap;Yeah.;neu
Ses04M_impro07_F007;exc;Yes.;neu
Ses04M_impro07_M009;hap;And, uh-;neu
Ses04M_impro07_F008;exc;Is U.S.C. known for its history program?;neu
Ses04M_impro07_M010;hap;Um, you know, I don't think so.  But I think that, you know, it's still a private school;neu
Ses04M_impro07_M011;hap;and right you know it's still- and then, you know, I mean-;neu
Ses04M_impro07_F009;exc;I know.  It's a great school and you know;hap
Ses04M_impro07_M012;hap;I'm guessing, you know it's like I I checked it out.  And, like, they have a decent history program.;neu
Ses04M_impro07_F010;exc;It's all about the connections;neu
Ses04M_impro07_M013;hap;So -- and like the geology just is awesome.  It rocks, no pun intended. [LAUGHTER];hap
Ses04M_impro07_F011;hap;Oh, you did not just say that.;sur
Ses04M_impro07_M014;exc;Um, but, uh- anyway -- yeah, so that's awesome, though, because you live here and then we're not going to be separated by me going to some other school;hap
Ses04M_impro07_F012;exc;I know.  You're going to be so close.;sur
Ses04M_impro07_M015;exc;And, uh, it's just really exciting.  I- You know, I'm -- just I want to- I want to share this special happy moment with you. It's awesome;hap
Ses04M_impro07_F013;exc;I'm glad you did.;hap
Ses04M_impro07_F014;exc;That's great.  I mean, I'm really glad you're not going to go anywhere.  You'll still be here.;hap
Ses04M_impro07_F015;exc;Everything in LA is twenty minutes away.;neu
Ses04M_impro07_F016;exc;Give or take. [LAUGHTER];neu
Ses04M_impro07_F017;exc;Well congratulations.;hap
Ses04M_impro07_M020;exc;umm, and I'm going to check out school and get, you know, check out the courses;neu
Ses04M_impro07_M021;exc;find out all this stuff.  And- and I don't know.  I think I'm going to try to live in a dorm.;sur
Ses04M_impro07_F018;exc;Yeah.;neu
Ses04M_impro07_M025;neu;Ouch.  That's, um -- oh, wow.;sur
Ses04M_impro07_F022;exc;But, congrats on the U.S.C. thing.;hap
Ses04M_impro07_M026;neu;No, no, I mean, I didn't know -- I didn't know that about you. Um, I feel like --;dis
Ses04M_impro07_F023;neu;The -- what, the- I mean--;sur
Ses04M_impro07_M029;neu;I'll go to basketball games.;hap
Ses04M_impro07_F026;neu;Okay.  Well that's cool, too, but like--;hap
Ses04M_impro07_M030;neu;Maybe some golf matches.;neu
Ses04M_impro07_F027;exc;Wow, you are a winner and a half. [LAUGHTER];sur
Ses04M_impro07_M032;neu;I don't know.  Do they have golf?  Do they have- Does U.S.C. have a -- I don't know if they have a golf team.;sur
Ses04M_impro07_M035;neu;No, I'm not going to go to a football game.;dis
Ses04M_impro07_M036;neu;Forget it. Forget it. Forget it. No way.;ang
Ses04M_impro07_M037;neu;I do -- I will need to get a gun-;neu
Ses04M_impro07_M040;neu;Okay.  Um, but, no, I, uh, I do need to get a gun soon, though, 'cause I mean;fea
Ses04M_impro07_F036;neu;Excuse me?;ang
Ses04M_impro07_M041;neu;I need to get like a -- just a small little gun just 'cause -- or like a taser or something or just like a butterfly knife;neu
Ses04M_impro07_F037;neu;No.;neu
Ses04M_impro07_M042;neu;'cause, you know, I mean, it's like If I ever want to go south of campus;neu
Ses04M_impro07_M043;neu;Well I need to defend myself from;fea
Ses04M_impro08_M000;fru;Thank you for calling Sprint.  We care about everybody.  How can I help you?;neu
Ses04M_impro08_F000;fru;Hi.  I've been on the phone for an hour trying to get a little discrepancy on my bill fixed.  I was charged for two hundred dollars worth of calls that I didn't make.;sad
Ses04M_impro08_M001;neu;Are you sure you didn't make them?;sur
Ses04M_impro08_F001;fru;I'm positive.  They came from like another state.;neu
Ses04M_impro08_M002;fru;Can I get your phone number, please?;neu
Ses04M_impro08_F002;fru;Uh. Yeah, I just gave it to the automated thing like five times.;neu
Ses04M_impro08_M003;fru;I'm going to need it again.  I need to look at your file.  If you want me to look at your file--;neu
Ses04M_impro08_F003;fru;Okay.  three two three six nine seven five zero six six.  Can we move on?;neu
Ses04M_impro08_M004;neu;Okay.;neu
Ses04M_impro08_M005;neu;Umm, Miss Aruckman;neu
Ses04M_impro08_M006;neu;I am seeing the two hundred dollar charge.;neu
Ses04M_impro08_F006;fru;Yes, and I've been through all of the menus, pushed one and star and pound and all of that stuff and I'm just trying to get through to a person who can;neu
Ses04M_impro08_M007;fru;Well I'm looking at these.;neu
Ses04M_impro08_F007;fru;take off the charges that came from like Nebraska or wherever because, obviously, I didn't make those.;neu
Ses04M_impro08_F008;fru;So can you please refund the mischarged charges;neu
Ses04M_impro08_M008;neu;So you're saying that you didn't make these calls.;neu
Ses04M_impro08_F009;fru;I did not make the calls from B.F.E. Nebraska.;neu
Ses04M_impro08_M009;fru;Well I mean, I'm supposed to use discretion in the situation and, um--;neu
Ses04M_impro08_F010;fru;So could you discretion it back?;neu
Ses04M_impro08_M010;neu;All I can do for you right now is give you a hundred dollars.;neu
Ses04M_impro08_F011;fru;Okay, but that's like half;neu
Ses04M_impro08_M011;neu;What I can;neu
Ses04M_impro08_F012;fru;of the money that I was charged that I didn't make those calls.;neu
Ses04M_impro08_M012;neu;What I can do for you is give you a hundred dollars right now and fill out complaint form;neu
Ses04M_impro08_M013;neu;which you- which you'll have to go into a local Verizon dealer--  or Sprint.;neu
Ses04M_impro08_F013;fru;Okay, no, look, I- I- I- I'm really -- I'm trying to be patient.  I know this isn't your fault.  I know that you didn't do it;fea
Ses04M_impro08_F014;fru;but, at the same time, I have been through an hour of little robot voices telling me what I needed to do.;sur
Ses04M_impro08_M014;fru;Ma'am, I understand that.;neu
Ses04M_impro08_M015;fru;Ma'am, I - I - I understand that. I understand that. What I can do for you right now is what I'm telling you is that I can do- I can give you a hundred dollars back and then you'll have to fill out a complaint form and then you'll get -- there'll be some investigation. Some men will show up at your house and go through your things.;neu
Ses04M_impro08_F016;fru;Excuse me?;ang
Ses04M_impro08_M016;fru;And then then you'll get some money back.;neu
Ses04M_impro08_F017;fru;How long does that take?;neu
Ses04M_impro08_M017;neu;A few weeks.  You won't even know that they were there.;sur
Ses04M_impro08_F018;fru;I have to wait a few weeks for people come go through my things to get the money back that I didn't spend?;neu
Ses04M_impro08_M018;fru;Okay.  You know what?  I just don't feel like doing this anymore.  Um, you can have all the money back, two hundred dollar, right now.;neu
Ses04M_impro08_F019;sur;Really?;sur
Ses04M_impro08_M019;neu;Yeah.  That's fine.  I just -- that's fine. Yeah, I mean, it doesn't make any difference to me.  I mean, it's not like it's going to cost my job or anything.;neu
Ses04M_impro08_F020;neu;You're just going to put it back on my account.;neu
Ses04M_impro08_M020;neu;I mean, technically, that's policy.  But, like, I mean, I don't really care about -- nobody really cares about policy here.;dis
Ses04M_impro08_F021;sur;So you're just going to take care of this for me?;neu
Ses04M_impro08_M021;neu;Sure.;neu
Ses04M_impro08_F022;hap;Oh, my God, thank you so much.;sur
Ses04M_impro08_M022;neu;You're welcome.;neu
Ses04M_impro08_F023;hap;I really appreciate this. I know it's not policy or whatever but, seriously;hap
Ses04M_impro08_M023;neu;No, no, no, it's cool.  It's cool.  It's cool.  So, um;hap
Ses04M_impro08_F024;hap;make my life a lot easier.;hap
Ses04M_impro08_M024;neu;You know, so- I mean, are you doing anything later?  Or um;fea
Ses04M_impro08_F025;sur;Really?;sur
Ses04M_impro08_M025;neu;Oh, I don't know.  I mean, I don't know.  I just thought, you know, maybe you want to get some co--I mean, I'm actually -- wait, where do you live?  Oh, you're in Los Angeles, I see.  Oh, no, that sucks 'cause I'm in, actually in Alabama.;dis
Ses04M_impro08_M026;neu;God, that's like a whole problem with like-- But, no, I mean, hey-- if you ever;dis
Ses04M_impro08_M027;neu;if you ever come out to Montgomery, I mean, you know, just -- just call up, you know, call up the operator and I'll-- I'll be here. So, um.;neu
Ses04M_impro08_F027;neu;I'll;neu
Ses04M_impro08_F028;neu;call up the Sprint call center and, uh, you know. cool;neu
Ses04M_impro08_M028;neu;Alright. Take Care.;neu
Ses04M_impro08_F030;neu;You too.;neu
Ses04M_script01_1_F000;neu;What's he going to say?  Maybe we ought to tell him before he sees it.;neu
Ses04M_script01_1_M000;neu;He saw it.;neu
Ses04M_script01_1_M001;neu;He was out here when it broke.;fea
Ses04M_script01_1_F002;sur;When?;sur
Ses04M_script01_1_F007;sad;He's getting just like after he died.  What's the meaning in that?;neu
Ses04M_script01_1_M007;fru;"I don't know the meaning of it, mom.  But I know one thing; we made a terrible mistake with dad.";fea
Ses04M_script01_1_F008;sur;What?;sur
Ses04M_script01_1_F009;fru;What do you mean, dishonest?;ang
Ses04M_script01_1_F010;fru;What do you want to do?  Argue with him?;neu
Ses04M_script01_1_M010;fru;I don't want to argue with him but it's time he realized that nobody believes Larry's alive anymore.;neu
Ses04M_script01_1_F011;ang;You can't say that to him.;dis
Ses04M_script01_1_M013;ang;We've gotta say it to him.;neu
Ses04M_script01_1_F012;ang;How are you going to prove it?  Can you prove it?;sur
Ses04M_script01_1_M014;ang;For God's sake, three years.  Nobody comes back after three years.  It's insane.;dis
Ses04M_script01_1_F013;ang;To you it is and to me, but not to him.  You can talk yourself blue in the face, but there's no body and no grave, so where are you?;neu
Ses04M_script01_1_M016;fru;Alright, alright, alright.  Listen.  You know why I asked Annie here don't you?;neu
Ses04M_script01_1_F015;neu;Why?;sur
Ses04M_script01_1_M017;fru;You know why.;neu
Ses04M_script01_1_M018;neu;Going to ask her to marry me.;hap
Ses04M_script01_1_F017;neu;Well that's only your business, Chris.;neu
Ses04M_script01_1_M019;fru;You know it's not only my business.;neu
Ses04M_script01_1_F018;ang;What do you want me to do?  You're old enough to know your own mind.;neu
Ses04M_script01_1_F019;neu;Well you want to make sure your father isn't going to have --;neu
Ses04M_script01_1_M021;ang;Well, then you know it's not only my business.;neu
Ses04M_script01_1_F020;fru;I'm just saying.;neu
Ses04M_script01_1_M022;ang;Sometimes you infuriate me, you know that?  Isn't it your business, too, if I tell this to father and he throws a fit about it?  You have such a talent for ignoring things.;ang
Ses04M_script01_1_F021;ang;I ignore what I got to ignore.  The girl is Larry's girl.;neu
Ses04M_script01_1_M023;fru;She's not Larry's girl.;neu
Ses04M_script01_1_F022;ang;From father's point of view, he's not dead.  And you have no right to take his girl.;neu
Ses04M_script01_1_F023;fru;Now you can go on from there if you know where to go. But I'm telling you I don't know where to go.  See, I don't know.;neu
Ses04M_script01_1_F024;fru;Now what can I do for you?;ang
Ses04M_script01_1_M024;fru;I don't know why it is but every time I reach out for something I want, I have to pull back because other people will suffer.  My whole bloody life, time after time after time.;ang
Ses04M_script01_1_M025;fru;To hell with that.;ang
Ses04M_script01_1_M026;neu;I wanted to get this settled first.;sad
Ses04M_script01_1_F027;neu;How do you know she'll marry you?  Maybe she feels the same way father does.;neu
Ses04M_script01_1_F028;neu;The trouble is, you don't see enough women.  You never did.;neu
Ses04M_script01_1_F029;ang;I don't see why it has to be Annie.;sur
Ses04M_script01_1_M029;fru;Because it is.;neu
Ses04M_script01_1_M030;fru;Line?;sur
Ses04M_script01_1_F031;fru;Alright, then, mom.;neu
Ses04M_script01_1_M031;neu;Alright, then, mom.  Did we skip something?  No.  Alright, then, mom.;neu
Ses04M_script01_1_F032;neu;Yes we did. Do you want to keep going?;neu
Ses04M_script01_1_M032;neu;Yeah, let's keep going.;neu
Ses04M_script01_1_F033;neu;Just give it some more thought.;neu
Ses04M_script01_1_M033;fru;I've given it three years' of thought.  I'd hope that if;neu
Ses04M_script01_1_M034;sad;father forgot about Larry, we'd have a regular wedding and everything happy.  If I can't get that here, then I'll have to get out.;sad
Ses04M_script01_1_F034;ang;What the hell is this?;ang
Ses04M_script01_1_F035;ang;Are you crazy?;ang
Ses04M_script01_1_M036;fru;"I've been a good son too long; a good sucker.  I'm through with it.";neu
Ses04M_script01_1_F036;ang;You've got a business here.  What the hell is this?;sur
Ses04M_script01_1_M037;ang;The business?  The business doesn't inspire me.;sad
Ses04M_script01_1_F037;ang;Must you be inspired?;neu
Ses04M_script01_1_M038;ang;Yes.  I like getting an hour a day.  If I have to grub for money all day long, at least at evening, I want it beautiful.;hap
Ses04M_script01_1_M040;neu;Yes, on this I would.;neu
Ses04M_script01_1_F039;ang;You don't want to think like that.;dis
Ses04M_script01_1_M041;neu;Then you help me stay here.;neu
Ses04M_script01_1_F040;ang;Alright.  But just don't think like that because what the hell did we work for?  That's all for you, Chris.  The whole shooting match is just for you.;ang
Ses04M_script01_1_M042;fru;I know that.  Just you help me stay here.;neu
Ses04M_script01_1_F041;ang;But don't think that way, you hear me?;ang
Ses04M_script01_1_M044;fru;No, you don't.  I'm a pretty tough guy.;fea
Ses04M_script01_2_F000;ang;Why did he invite her here?;sur
Ses04M_script01_2_M000;neu;Oh, God, line.;sur
Ses04M_script01_2_F001;neu;Why does that bother you?;ang
Ses04M_script01_2_F002;ang;She's been in New York three and a half years.  Why, all of a sudden--;sur
Ses04M_script01_2_F003;ang;Nobody comes seven hundred miles just to see.;neu
Ses04M_script01_2_M003;fru;What do you mean?  He grew up next door to the girl all his life.  Why shouldn't he want to -- why shouldn't he want to see her again?;sur
Ses04M_script01_2_F004;ang;He's not going to marry her.;sad
Ses04M_script01_2_M005;neu;How do you know he's even thinking about it?;sur
Ses04M_script01_2_F005;ang;It's got that about it.;neu
Ses04M_script01_2_M006;neu;Well so what?;sur
Ses04M_script01_2_F006;ang;What's going on here, Joe?;sur
Ses04M_script01_2_M007;neu;Line.;neu
Ses04M_script01_2_F007;neu;Now listen, kid. Now, listen.;ang
Ses04M_script01_2_F008;ang;She's not his girl, Joe.  She knows she's not.;neu
Ses04M_script01_2_F009;ang;Then why is she still single?  New York is full of men.  Why hasn't she married?  Probably a hundred people told her she's foolish, but she's waited.;sur
Ses04M_script01_2_F010;ang;Because she knows what I know, that's why.  She's faithful as a rock.  In my worst moments, I think of her waiting and I know, again, that I'm right.;dis
Ses04M_script01_2_M011;fru;Look, it's a nice day.  What are we arguing for?;hap
Ses04M_script01_2_F011;ang;Nobody in this house dares take her faith away, Joe.  Strangers might, but not his father, not his brother.;ang
Ses04M_script01_2_M012;fru;What do you want me to do? What do you want?;ang
Ses04M_script01_2_F012;ang;I want you to act like he's coming back, both of you.  Don't think I haven't noticed you since he invited her here.  I won't stand for any nonsense.;neu
Ses04M_script01_2_M013;fru;But, Kate--;neu
Ses04M_script01_2_F013;ang;Because if he's not coming back, I'll kill myself.;fea
Ses04M_script01_2_F014;ang;Laugh.  Laugh at me.  But why did that happen the very night that she came here?;neu
Ses04M_script01_2_F015;ang;She goes to sleep in his bed and his memorial breaks in pieces.  Look.  Look at it.  Joe--;sad
Ses04M_script01_2_M014;fru;Calm yourself.;neu
Ses04M_script01_2_F016;ang;Believe with me, Joe.  I can't stand all alone;sad
Ses04M_script01_2_M015;fru;Calm yourself.;neu
Ses04M_script01_2_M016;fru;Alright, alright.  Calm yourself.;neu
Ses04M_script01_2_F018;ang;You, above all, have got to believe.  You.;neu
Ses04M_script01_2_M017;fru;Why me above all?;sur
Ses04M_script01_2_F020;sad;I can't help it.;sad
Ses04M_script01_2_M019;ang;What have I got to hide?  What the hell is the matter with you, Kate?;ang
Ses04M_script01_3_F012;hap;Every day since.;neu
Ses04M_script01_3_F013;hap;I was waiting for you, Chris.  'Til then, you never wrote and when you did, what did you say?  You sure can be ambiguous, you know.;neu
Ses04M_script01_3_F014;hap;I'll never forgive you.  Why did you wait all these years?  All I've done is sit around and wonder if I was crazy for thinking of you.;sur
Ses04M_script01_3_M022;sad;Yes, I suppose there has been.  But it's going from me.;neu
Ses04M_script01_3_M023;sad;I don't know where to start.;fea
Ses04M_script01_3_M024;sad;It's all mixed up with so many other things.  You remember overseas, I was in command of a company?;sur
Ses04M_script01_3_M025;sad;Well I lost them.;sad
Ses04M_script01_3_F022;sad;How many?;sur
Ses04M_script01_3_M026;sad;Just about all.;neu
Ses04M_script01_3_F023;sad;Oh, gees.;dis
Ses04M_script01_3_M027;sad;It takes a little time to toss that off because they weren't just men.;neu
Ses04M_script01_3_M028;sad;"For instance, one time it'd been raining several days.  And this kid came to me and gave me his last pair of dry socks; put them in my pocket.  That's only a little thing, but that's the kind of guys I had.";neu
Ses04M_script01_3_M030;sad;And I got this idea watching them go down, everything was being destroyed, see?  But, to me, it seemed there was one new thing that was made,;dis
Ses04M_script01_3_M031;sad;a kind of responsibility.  Man for man.  You understand me?  And then I went home and it was incredible.;sur
Ses04M_script01_3_M032;sad;There was no meaning in it here.  The whole thing to them was some sort of bus accident.  Then I went to work for dad and that whole rat race again.  I felt, what you said, ashamed somehow;dis
Ses04M_script01_3_M033;sad;"because nobody was changed.  It seemed to make suckers out of a lot of guys.  I felt wrong to be alive;";sad
Ses04M_script01_3_M034;sad;"to open that bank book; to drive the new car; to see the new refrigerator.  I mean, you can take these things out of a war, but when you drive the new car, you have to know that it came out of the love a man can have for a man.";sur
Ses04M_script01_3_M035;sad;You have to be a little better because of that.  Otherwise, we have is really loot and there's blood on it.  I don't want to take any of it.  I guess that included you.;neu
Ses04M_script01_3_M037;hap;Annie, Annie, I'm going to make you a fortune.;hap
Ses04M_script01_3_F027;hap;What'll I do with a fortune?;ang
Ses04M_script02_1_M001;exc;Actually, I wanted to go a little farther up the coast, get away from the lights and the people, but I was afraid we'd miss it.  How you doing?;fea
Ses04M_script02_1_F000;neu;Fine.;ang
Ses04M_script02_1_M002;exc;Is that, is that - is that just foam?  I can't even tell.  Although, if you can't tell, it's probably isn't them.  It'll probably be unmistakable, don't you think?;sur
Ses04M_script02_1_M003;exc;How you doing?  Oh, no, you know what I did?  I forgot to bring my flashlight.  How could I be so stupid?  I should have brought my flashlight.;sur
Ses04M_script02_1_F002;ang;It's not yours.;neu
Ses04M_script02_1_M005;neu;Whose is it?;sur
Ses04M_script02_1_F003;ang;It's ours.  It's mine, too.;neu
Ses04M_script02_1_M006;fru;Well, sure.;neu
Ses04M_script02_1_F004;ang;You kept saying my flashlight as if it's somehow just yours.  How is that supposed to make me feel?;sur
Ses04M_script02_1_M008;exc;I wonder, do they always run during a full moon? I can't remember if it was full last year.  Remember?;sur
Ses04M_script02_1_F005;ang;Yes.;neu
Ses04M_script02_1_M009;neu;Are you cold?  Do you want my jacket?  We should have brought the blanket, our blanket.;sur
Ses04M_script02_1_M012;neu;You want my jacket?;sur
Ses04M_script02_1_F007;ang;"It's after eleven; let's go home.";neu
Ses04M_script02_1_M013;fru;Are you kidding?  We'd miss it.  We just got here.  What's the point of coming down here if we just turn around and go home?;sur
Ses04M_script02_1_F008;ang;There is no point in coming down here.;neu
Ses04M_script02_1_M014;neu;Right.;neu
Ses04M_script02_1_F009;fru;That's my point.;neu
Ses04M_script02_1_M015;neu;That's my point, too.;neu
Ses04M_script02_1_F010;ang;So let's go home.;neu
Ses04M_script02_1_M016;fru;No, no, no.  That's not my point.  My point is is that there's no point in coming down here if we just leave.  Don't you want to see it?;ang
Ses04M_script02_1_F011;fru;Not particularly.;neu
Ses04M_script02_1_F012;ang;I just don't.  It's stupid.;ang
Ses04M_script02_1_M018;exc;Honey, this is a natural phenomenon.  I mean, this only happens once a year.  It's a great opportunity.  Think about the people in Kansas.  They'd have to get plane tickets and hotel reservations to come see this.  We're just forty minutes away.  It's too good to pass up.;neu
Ses04M_script02_1_F013;ang;Pass up what?  These little fish swim onto the beach, flop around and then they swim away.  And then they die.;neu
Ses04M_script02_1_M019;fru;Yeah, but that moment on the beach is the highlight of their little lives.  I mean, all that flopping around is laying eggs or what do you -- spawning or mating, something like that.;neu
Ses04M_script02_1_M020;exc;There's mystery here and magic.;neu
Ses04M_script02_1_F014;neu;What are you so excited about?;sur
Ses04M_script02_1_M021;exc;Oh, it's a big night for these guys.  Uh, life's last orgy.;sad
Ses04M_script02_1_F015;fru;This isn't a moon landing we're talking about.  It's fish.  It's fish nobody even eats.;dis
Ses04M_script02_1_M022;exc;"Yeah, they do. Okay.  But it's fish who do something none of the other fish do; like the swallows are returning to Capistrano; or the lemmings throwing themselves off the cliffs, like that.";neu
Ses04M_script02_1_M023;exc;"There's mystery here and magic; a little bit of the unexplainable.  I don't see how you can not be interested.";sur
Ses04M_script02_1_F016;fru;I'm just not.;neu
Ses04M_script02_1_M024;sur;For real?;sur
Ses04M_script02_1_F017;ang;Yes.;neu
Ses04M_script02_1_F018;ang;Last year, you will also remember, our shoes got wet.  I got sand in my panties.  We got into a big fight over nothing.  You got a sore throat and we did not see the grunions.;dis
Ses04M_script02_1_F019;fru;We didn't see them the first time either.;sur
Ses04M_script02_1_M028;exc;no, it's just seaweed, isn't it?  Oh, man, this is great.  I wouldn't miss this for anything.  I mean, think about this.  I know you're not interested, but just think about this for a minute.;dis
Ses04M_script02_1_M029;exc;"Out there someplace is this huge mass of silver fish heading this way.  They don't know why.  We don't know why.  It wasn't a decision.  They didn't take a vote.  No one sent them an invitation or a map;";sur
Ses04M_script02_1_M030;exc;just some little instinctual time release firecracker went off in their little bodies and all as one, they turned and formed a line as long as the California coast and started swimming.;neu
Ses04M_script02_1_M031;exc;They're swimming right now as if that's the only thing that matters.  It's single mindedness with no mind.  Urgency that's pure urge.;neu
Ses04M_script02_1_M032;exc;"They don't know what drives them.  They don't give it a name or ask a question.  They just turn, as one, and start the swim that brings them here; to this place, where we stand, for a massive celebration of sex and death.  Oh, man, I'm giving myself goose bumps.  All my hairs are popping up.";neu
Ses04M_script02_1_F020;fru;That's the wind.;neu
Ses04M_script02_1_M033;exc;Well so what did you think?;sur
Ses04M_script02_1_F021;fru;About what?;sur
Ses04M_script02_2_F000;neu;Look at this, goose bumps.;neu
Ses04M_script02_2_M000;neu;Well so what'd you think?;sur
Ses04M_script02_2_M001;neu;What I said.;neu
Ses04M_script02_2_M002;fru;Certainly is not.  It's slightly exaggerated scientific fact.;neu
Ses04M_script02_2_M005;fru;Carla, can I ask you something?  Don't take this the wrong way, but are you having your period?;neu
Ses04M_script02_2_F006;ang;Goddamn it, Augie, don't ask me that.  I hate it when you ask me that.  You always ask me that.  It's insulting.;ang
Ses04M_script02_2_M006;ang;Well what's bugging you?;ang
Ses04M_script02_2_F007;ang;We just have different ideas about what this evening is supposed to look like.;neu
Ses04M_script02_2_M007;ang;There's nothing to it.  We come down here.  The grunions arrive.  They do their little fish business.  We go ooh, ah, look at the fish.  They go home.  We go home.;neu
Ses04M_script02_2_F009;ang;We never do, do we?  Have we ever?;sur
Ses04M_script02_2_F010;fru;Twice is every time we've tried.  That's ever.;neu
Ses04M_script02_2_M011;fru;We'll see them this year.;neu
Ses04M_script02_2_F012;fru;You don't have any idea what I'm saying.;sur
Ses04M_script02_2_M013;fru;No, of course, not.;neu
Ses04M_script02_2_F013;ang;I did want to see it.  I always do.  I keep thinking this time will be the time, but it never is.;sad
Ses04M_script02_2_M014;fru;"It's just fish; nothing to get traumatized over.";neu
Ses04M_script02_2_M015;fru;I've been trying to work this backwards, but I can't seem to pinpoint the moment when we took a turn for the worse.;dis
Ses04M_script02_2_M016;fru;You were fine during the phone call from Marge.  Dinner was okay.  Doing the dishes was no problem.  Let's see, I took a shower.  Uh, you watched the news.  You said the grunions are running tonight.  I said great, let's go.  I feel lucky tonight.;hap
Ses04M_script02_2_M017;fru;"Uh,okay.  So I'm putting on my jacket; putting out the animals;";neu
Ses04M_script02_2_M018;fru;uh, taking the car out of the gara- out of the garage.;neu
Ses04M_script02_2_M019;fru;Uh.;neu
Ses04M_script02_2_F016;sad;It was about four years ago, right after we got married.  We thought I was pregnant and we had a bottle of champagne but no glasses.  You asked me to dance.  So we took off our shoes and you popped the cork.;neu
Ses04M_script02_2_M020;neu;Wait a minute, I've got it.;neu
Ses04M_script02_2_F018;sad;"Dancing barefoot in the sand; drinking champagne from the bottle.";fea
Ses04M_script02_2_M021;neu;It was in the car, right?  Driving past the Knickerbocker Liquor Locker?  You said let's get some champagne and I said times a wasting or something like that.  Right?  That's it, right?  You want this to be like the other time.  That's it.  Of course.;neu
Ses04M_script02_2_F019;sad;I'd rather not remember some things.  I'd rather not hope for some things.;neu
Ses04M_script02_2_F020;sad;No.;neu
Ses04M_script02_2_F021;sad;No.;neu
Ses04M_script02_2_M024;fru;What, you want me to breathe in your ear?;sur
Ses04M_script02_2_F022;fru;No.;neu
Ses04M_script02_2_M025;fru;You want to get married again?;sur
Ses04M_script02_2_F023;fru;No.;neu
Ses04M_script02_2_M026;fru;What, you want a divorce?;sur
Ses04M_script02_2_F024;fru;No.;neu
Ses04M_script02_2_M027;fru;A vacation?;sur
Ses04M_script02_2_F025;ang;No.;neu
Ses04M_script02_2_F026;ang;I want something to turn out the way it's supposed to.;neu
Ses04M_script02_2_M029;ang;Well welcome to the human race.  You think this is what I had in mind?  You think that when I proposed, I had this great fantasy going that four years down the line, we'd come to the beach and yell at each other over fish?  No.;neu
Ses04M_script02_2_M031;ang;And we'll have three fat rosy kids and ha, ha, ha, baby, the joke's on us, 'cause you know what you get, Carla?  You know what you get?  This.;hap
Ses04M_script02_2_F027;ang;This what?  What is this?  This isn't even anything.;sur
Ses04M_script02_2_M032;fru;Yes, it is.;neu
Ses04M_script02_2_F028;ang;Oh, right, sure.  This is standing on the beach.   This is waiting.  This is fighting.;neu
Ses04M_script02_2_M033;fru;Right.;neu
Ses04M_script02_2_F029;ang;But this isn't anything like I thought anything would be like.;neu
Ses04M_script02_2_M034;ang;No, I know, me neither.;neu
Ses04M_script02_2_M035;fru;I'm doing the best I can.;neu
Ses04M_script02_2_F031;fru;I know you are, Augie.  Really, I do.  I know you meant for this to be special and nice and it's the full moon and the sand and everything.  But I just couldn't help thinking about being somewhere else.;sur
Ses04M_script02_2_F032;sad;I didn't say that.;neu
Ses04M_script02_2_M037;sad;No, I know.  But still.  I know I don't make you happy.;sad
Ses04M_script02_2_M038;sur;Yeah?;sur
Ses04M_script02_2_M039;hap;Actually, now that you mention it, no.  I don't.;neu
Ses04M_script02_2_F035;hap;Okay, fine.  So we're in the wrong spot, but we're with the right person.;neu
Ses04M_script02_2_M040;hap;I don't know.  It seemed like a good spot to me.  I mean, look at the view you've got of the moon from here.;sur
Ses04M_script02_2_F036;hap;Yeah, I noticed that.  Looks pretty on the water, doesn't it?  Big ol' white moon.  I'm sorry, Augie.;sur
Ses04M_script02_2_M041;hap;Shh.  If we're very quiet, the fish might come.;fea
Ses04M_script03_1_M000;fea;Good God.;sur
Ses04M_script03_1_M001;fea;I wonder.;sur
Ses04M_script03_1_F001;fea;Nobody knows we're here, except Freda and she wouldn't ring up.;neu
Ses04M_script03_1_M002;fea;It must be them, then.;neu
Ses04M_script03_1_F002;fea;What are we to do?;neu
Ses04M_script03_1_M003;neu;We'll be alright, darling.  Whatever happens, aren't we?;neu
Ses04M_script03_1_M004;exc;I don't care, then.;dis
Ses04M_script03_1_F005;exc;Oh, it sent shivers up my spine.;fea
Ses04M_script03_1_M006;exc;What shall we do if they suddenly walk in on us?;fea
Ses04M_script03_1_F006;exc;Behave exquisitely.;neu
Ses04M_script03_1_M007;exc;With the mo- with the most perfect poise?;neu
Ses04M_script03_1_F007;exc;Certainly.  I shall probably do a court curtsey.;neu
Ses04M_script03_1_F008;exc;But what's so horrible is that one can't stay happy.;fea
Ses04M_script03_1_F009;exc;It's true.  The whole business is a very poor joke.;dis
Ses04M_script03_1_M010;neu;Meaning that sacred and beautiful thing, love?;neu
Ses04M_script03_1_M012;neu;You mustn't be serious, my dear.  That's just what they want.;ang
Ses04M_script03_1_F012;exc;Who's they?;sur
Ses04M_script03_1_M013;ang;All the futile moralists who try to make life unbearable.  Laugh at them.  Be flippant.  Laugh at everything.  All their sacred shibboleths.  Flippancy brings out the acid- acid in their damn sweetness and light.;hap
Ses04M_script03_1_F013;neu;If I laugh at everything, I must laugh at us, too.;hap
Ses04M_script03_1_F014;exc;How long will it last, this ludicrous and overbearing love of ours?;ang
Ses04M_script03_1_F015;exc;Shall we always want to bicker and fight?;ang
Ses04M_script03_1_M016;sad;No.  That fire will fade along with our passion.;sad
Ses04M_script03_1_F017;exc;What happens if one of us dies?  Does the one that's left, still laugh?;neu
Ses04M_script03_1_F018;exc;Well that's serious enough, isn't it?;ang
Ses04M_script03_1_M021;exc;Let's savor the delight of the moment.  Come and kiss me, darling, before your body rots and worms pop in and out of your eye sockets.;hap
Ses04M_script03_1_F021;exc;Thank you, dear.  The same applies to you, except that if I catch you so much as looking at another woman, I will kill you.;ang
Ses04M_script03_1_F022;exc;Which particular one?;neu
Ses04M_script03_1_F023;exc;"Oh, Charles; that was his name, Charles.  Oh, he did wriggle so beautifully.";sur
Ses04M_script03_1_M025;ang;Horrible thing.  I hated it.;dis
Ses04M_script03_1_F024;exc;I know you did.  You threw it out of the window into the Grand Canal.  I don't think I'll ever forgive you for that.;sad
Ses04M_script03_1_F025;exc;It went on intermittently for days.;neu
Ses04M_script03_1_F026;exc;It burnt my comb, too, and all the towels in the bathroom.;dis
Ses04M_script03_1_M028;neu;Line?;sur
Ses04M_script03_1_M029;exc;How -- that was a rouser wasn't it?;sur
Ses04M_script03_1_F027;exc;That was the first time you ever hit me.;sur
Ses04M_script03_1_F028;exc;The manager came in and found is rolling about on the floor, biting and scratching like panthers.  Oh, dear.;dis
Ses04M_script03_1_F029;exc;How ridiculous. How utterly, utterly ridiculous.;dis
Ses04M_script03_1_F030;exc;And very much sillier.;hap
Ses04M_script03_1_M033;neu;As a matter of fact, the real cause of that row was Peter Burden.;neu
Ses04M_script03_2_F000;ang;That was the first time you ever hit me.;sur
Ses04M_script03_2_M001;neu;I didn't hit you very hard.;neu
Ses04M_script03_2_F001;hap;The manager came in and found us rolling about on the floor, biting and scratching like panthers.  Oh, dear.;dis
Ses04M_script03_2_F002;hap;How ridiculous.  How utterly, utterly ridiculous.;dis
Ses04M_script03_2_F003;hap;And very much sillier.;hap
Ses04M_script03_2_M004;fru;As a matter of fact, the real cause of that row was Peter Burden.;neu
Ses04M_script03_2_M005;fru;I knew nothing of the sort.  You took presents from him.;dis
Ses04M_script03_2_F006;exc;Not at all.  It was very pretty.  I still have it and I wear it often.;neu
Ses04M_script03_2_M007;fru;You went out of your way to torture me over Peter Burden.;ang
Ses04M_script03_2_M008;ang;You must admit that he was in love with you, wasn't he?;neu
Ses04M_script03_2_F008;hap;Just a little, perhaps, nothing serious.;neu
Ses04M_script03_2_M009;neu;Line?;sur
Ses04M_script03_2_F009;neu;Let him kiss you.;dis
Ses04M_script03_2_M010;ang;You let him kiss you.  You said you did.;neu
Ses04M_script03_2_F010;ang;What of it?;sur
Ses04M_script03_2_M011;ang;What of it?;sur
Ses04M_script03_2_M012;ang;What about me?;fea
Ses04M_script03_2_F012;fru;If you hadn't been so nosey, you never would have known a thing about it.;neu
Ses04M_script03_2_M013;ang;That's a nice point of view, I must say.;hap
Ses04M_script03_2_F013;fru;Oh, dear.  I'm bored with this conversation.;sad
Ses04M_script03_2_M014;ang;"So am I; bored stiff.";sad
Ses04M_script03_2_F014;ang;No, thanks.;neu
Ses04M_script03_2_M016;fru;I'll have a little myself, I think.;neu
Ses04M_script03_2_F015;fru;I don't see why you want it.  You've already had two glasses.;sur
Ses04M_script03_2_M017;fru;No particular reason.  Anyhow, they were very small ones.;neu
Ses04M_script03_2_F016;fru;It seems so silly to go on and on and on with such a thing.;dis
Ses04M_script03_2_M018;fru;You can hardly call three liquor glasses in a whole evening going on and on and on.;neu
Ses04M_script03_2_F017;ang;It's become a habit with you.;neu
Ses04M_script03_2_M019;fru;You needn't be so grand just because you don't happen to want any at the moment.;neu
Ses04M_script03_2_F018;fru;Oh, don't be so stupid.;ang
Ses04M_script03_2_M020;ang;Really, Amanda;sur
Ses04M_script03_2_F019;ang;What?;sur
Ses04M_script03_2_M021;ang;Nothing.;neu
Ses04M_script03_2_M022;ang;Going out somewhere, my dear?;sur
Ses04M_script03_2_F020;fru;No, just making myself fascinating for you;neu
Ses04M_script03_2_M023;fru;Oh.  That reply has broken my heart.;sad
Ses04M_script03_2_M024;ang;As a matter of fact, that's perfectly true.;neu
Ses04M_script03_2_F022;ang;Oh, no, it isn't.;dis
Ses04M_script03_2_M025;ang;Yes, it is.;neu
Ses04M_script03_2_F023;ang;Oh, be quiet.;neu
Ses04M_script03_2_M026;neu;Line?;sur
Ses04M_script03_2_F024;neu;It's a pity you didn't- It's a pity you didn't have more brandy.;sad
Ses04M_script03_2_M027;ang;It's a pity you didn't have any more brandy.  It might have made you a little less disagreeable.;neu
Ses04M_script03_2_F025;fru;It doesn't seem to have worked such wonders with you.;neu
Ses04M_script03_2_M028;neu;Line?;sur
Ses04M_script03_2_M029;ang;Snap.  Oh, snap, snap, snap, like a little adder.;ang
Ses04M_script03_2_F026;ang;Adders don't snap, they sting.;ang
Ses04M_script03_2_M030;ang;They -- nonsense, they have a little bag of venom behind their fangs and they snap.;ang
Ses04M_script03_2_F027;fru;They sting.;ang
Ses04M_script03_2_M031;ang;They snap.;ang
Ses04M_script03_2_F028;ang;I don't care.  Do you understand?  I don't care.  I don't mind if they bark and roll about like hoops.;ang
Ses04M_script03_2_F029;ang;Yes, I did, quite a lot.;neu
Ses04M_script03_2_M033;ang;I suppose you let him kiss you a good deal more then, hmm?;neu
Ses04M_script03_2_F030;ang;Mind your own business.;neu
Ses04M_script03_2_M034;ang;You must have had a riotous time.;ang
Ses04M_script03_2_M035;ang;No restraint at all, very enjoyable.  You never had much anyhow.;hap
Ses04M_script03_2_F031;ang;You're quite insufferable.  I expected it's because you're drunk.;ang
Ses04M_script03_2_M036;ang;I'm not in the least drunk.;dis
Ses04M_script03_2_F032;ang;You always had a weak head.;neu
Ses04M_script03_2_M037;fru;I think I mentioned once before that I've only had three minute liquor glasses of brandy this whole evening.  That's hardly enough to get a child of two drunk.;neu
Ses04M_script03_2_F033;ang;On the contrary, a child of two could get violently drunk on only one glass of brandy.;dis
Ses04M_script03_2_M038;ang;Very interesting.  And how about a child of four and a child of six and a child of nine?;neu
Ses04M_script03_2_F034;ang;Oh, shut up.;ang
Ses04M_script03_2_F035;ang;Not very funny, dear.  You'd better have some more brandy.;sur
Ses04M_script03_2_M040;ang;Very good idea.  I will;hap
Ses04M_script03_2_M041;ang;You better turn that off I think.;neu
Ses04M_script03_2_F036;ang;Why?;sur
Ses04M_script03_2_F037;ang;There aren't any people upstairs.  It's a photographer's studio.;neu
Ses04M_script03_2_M043;ang;There are people downstairs, I suppose;neu
Ses04M_script03_2_F039;ang;Turn it on again, please.;neu
Ses04M_script03_2_F040;ang;Very well, if you insist on being boorish and idiotic.;neu
Ses04M_script03_2_M046;ang;Turn it off.  It's driving me mad.;ang
Ses04M_script03_2_F041;ang;Go away.  Go away.  I hate you.;ang
Ses04M_script03_2_M047;ang;Turn it off.;neu
Ses04M_script03_2_F042;ang;You are far too temperamental.  Try to control yourself.;ang
Ses04M_script03_2_F043;neu;We swapped. Listen.;neu
Ses04M_script03_2_M048;ang;Listen--;neu
Ses04M_script03_2_F044;ang;Listen, indeed.  I am sick and tired of listening to you, you damn sadistic bully.;fea
Ses04M_script03_2_M049;ang;You're a vile tempered, loosed living;dis
Ses04M_script03_2_F045;ang;Stop.;ang
Ses04M_script03_2_M050;ang;wicked little beast. And I- I hope I never see you again as long as live.;ang
Ses04M_script03_2_F046;ang;Stop.  I hate you.  Do you hear me? You're conceited and overbearing and utterly impossible.;ang
Ses04M_script03_2_F047;ang;This is the end.  Do you understand, the end?  Finally and forever.;neu
Ses04M_script03_2_M051;ang;You're not going like this.;dis
Ses04M_script03_2_F048;ang;Oh, yes, I am.;neu
Ses04M_script03_2_M052;ang;No, you're not.;neu
Ses04M_script03_2_F049;ang;Let go of me.  You're a cruel fiend and I hate and loath you.  Thank God, I discovered in time what you're really like.;ang
Ses04M_script03_2_M053;ang;Shut up. Shut up.;ang
Ses04M_script03_2_M054;ang;You're a mean, evil minded;dis
Ses04M_script03_2_F050;ang;Marry you again? Huh.;sur
Ses04M_script03_2_M055;ang;little vampire And I hope to God I never set eyes on you as long as I live.;neu
Ses04M_script03_2_F051;ang;Never, never, never.  I'd rather die in torment. Beast brute.;sad
Ses04M_script03_2_M056;ang;Whore.;dis
Ses04M_script03_2_F052;ang;Swine.;neu
Ses05F_impro01_F000;neu;Hi, I need an ID.;neu
Ses05F_impro01_M000;neu;ahh Yeah, this is the wrong line.  I'm sorry.  You need to go back over to line two B.  That's where you should have started from.;sad
Ses05F_impro01_F001;fru;Okay, I'm sorry, but I just stood in this line for an hour.  can I Is there any way I can-;sad
Ses05F_impro01_F002;fru;No, they told me-I'm sorry, but they told me to be in this line.;sad
Ses05F_impro01_F003;fru;What, I mean what... what's the difference?  What do I need to do there that I can't do here?;sur
Ses05F_impro01_M003;neu;Well, I have no camera here.  I can't help you at all here, ma'am.  I have forms for something completely different.  You need to go to a different place.;neu
Ses05F_impro01_F004;fru;Can you just-can I just get the right-;neu
Ses05F_impro01_M004;fru;Simply step to line two A, ma'am, I'm sorry.;sad
Ses05F_impro01_F005;fru;Would you be able to put me at the front of that line?;neu
Ses05F_impro01_M005;fru;There is a large line of people behind you waiting to be--;fea
Ses05F_impro01_F006;fru;I know.  I've been in line with these people.  I understand.  I understand what it's like.  Could you please like call over and-;neu
Ses05F_impro01_M006;fru;I don't want to be rude here, ma'am, but line two B is where you need to be.  This is the line for registration.;neu
Ses05F_impro01_F007;fru;I hear that.  I hear that.  Thank you, but I've waited in line for so long, and I don't want to have to be here all day.;sad
Ses05F_impro01_M007;fru;I don't have those-;neu
Ses05F_impro01_F008;neu;So could I maybe get the form from you, fill it out here- and maybe you could-;neu
Ses05F_impro01_M008;fru;I don't have those forms, ma'am.  I can't help you.  That's why you need to go to line two A.;sad
Ses05F_impro01_F009;fru;And how long is that going to take?;neu
Ses05F_impro01_M009;fru;Ma'am, obviously I have no idea how long it's taking.  There seems to be a bit of a line there.  It looks like thirty forty people.  It could take four to five hours.  I'm sorry.;neu
Ses05F_impro01_F010;fru;I don't-;neu
Ses05F_impro01_M010;fru;There's nothing I can do for you, ma'am.;sad
Ses05F_impro01_F011;fru;I don't have time for this today, and-;sad
Ses05F_impro01_M011;fru;But, obviously I don't have time for you to stand here and waste my time in this line.  There are other people who need service behind you who are waiting for the right things.;neu
Ses05F_impro01_F012;fru;Is there anything you can do?  Please, have some compassion.  Is there something you can do?;neu
Ses05F_impro01_M012;fru;I am a very compassionate person, and I'm offended that you imply that I'm not.  Of course, I'm compassionate.  Look, I work in the D.M.V..  What do you think I am?  Go wait in line two A.;neu
Ses05F_impro01_M013;fru;Don't ask me to have somebody else come over here and move you myself.  I can't come back over there.  I'll get security if you need me to.;neu
Ses05F_impro01_F013;fru;Please, I don't think that's necessary.  I'm just asking, maybe you could call over and say that somebody miss informed her because I didn't pick to stand in this line.  I asked them where to stand, and they told me here.;neu
Ses05F_impro01_M014;fru;what, no, I'm sure they did not tell you here.;sur
Ses05F_impro01_F014;fru;No, they did.  The lady over there told me to stand in this line and I've been here for an hour.;neu
Ses05F_impro01_M015;fru;what The lady, what? the janitor?;sur
Ses05F_impro01_F015;fru;No.;neu
Ses05F_impro01_F016;fru;No, I'm not, I'm sorry.I'm not stupid.;sad
Ses05F_impro01_M017;fru;I'm not saying that you're stupid, ma'am.  I think you just said that you were stupid.;ang
Ses05F_impro01_F017;ang;Isn't there anything you can do?  Just call over and ask them if I can go to the front of the line in the other line.;neu
Ses05F_impro01_M018;fru;It doesn't work that way here, ma'am.;dis
Ses05F_impro01_F018;ang;Why not?;neu
Ses05F_impro01_M019;fru;There is a strict system here.  You need to wait in the right line for the right thing.  This is the line for registration.;neu
Ses05F_impro01_F019;fru;Except they're going tell, are you going to tell me the right line to stand in this time at least?;neu
Ses05F_impro01_M020;fru;I told you it was line two A.;neu
Ses05F_impro01_F020;ang;Right, well, last time they told me, it was this line, and obviously, it's not true.;neu
Ses05F_impro01_M021;fru;I don't know who told you that but they were wrong.  I'm sorry.;sad
Ses05F_impro01_F021;fru;Do you have a manager I could speak with?;neu
Ses05F_impro01_F022;fru;Are you being straight with me?;ang
Ses05F_impro01_M023;fru;I'm being very straight with you, ma'am.  There is nothing I can do for you.  You need to stand in line two A.;neu
Ses05F_impro01_F023;fru;Fine.;ang
Ses05F_impro02_M000;neu;What is it?;sur
Ses05F_impro02_F001;sad;um.;neu
Ses05F_impro02_F002;sad;I'm sorry.  It's just a lot ahh to explain. ahh I got a call--;sur
Ses05F_impro02_F004;sad;I got a call today,;sur
Ses05F_impro02_F005;sad;I'm going to need to go overseas for a while.;sad
Ses05F_impro02_M004;ang;You got called up.;neu
Ses05F_impro02_F006;fea;Iraq.;dis
Ses05F_impro02_M005;ang;I thought you said this wasn't going to happen for at least a year.;sur
Ses05F_impro02_M006;fru;What am I going to do?;sur
Ses05F_impro02_F008;sad;"I don't know ""sigh"".";dis
Ses05F_impro02_M008;fru;The kids-;neu
Ses05F_impro02_F009;sad;I know.  I know.;neu
Ses05F_impro02_F010;sad;I know.  Well, we'll have to figure all that out.  I mean, I think the Army's going to provide childcare and help us out with that. um.;neu
Ses05F_impro02_M010;ang;Where do you have to go?  Where are you going?;sur
Ses05F_impro02_F011;sad;Iraq.;dis
Ses05F_impro02_F012;sad;I think infantry.  I'm not sure.;neu
Ses05F_impro02_F013;fru;It's going to be at least six months, probably a year. I tried.;neu
Ses05F_impro02_M014;ang;I don't understand why they would just do something like this?;sur
Ses05F_impro02_F014;fru;I know, I know.  It's really, really messed up.;dis
Ses05F_impro02_M015;ang;It doesn't make any sense.  It's stupid.  I told you you shouldn't go in the Army.;dis
Ses05F_impro02_M016;fru;I don't know I don't know what I'm going to do.  I don't know how to-;sur
Ses05F_impro02_F017;fru;Well, maybe you should move in with my mom and she can help.;neu
Ses05F_impro02_M019;sur;Your Your mom, you want me to move in with your mom?;sur
Ses05F_impro02_F018;fru;I don't know, I'm just--I'm trying to think of something.;neu
Ses05F_impro02_F020;fru;You can't what?;sur
Ses05F_impro02_F021;sad;I don't think there's anything we can do.;neu
Ses05F_impro02_M024;sad;I'll tell them I'm sick and that you can't leave something.;neu
Ses05F_impro02_M025;sad;It's not fair.;ang
Ses05F_impro02_F023;sad;I know.  I know it's not fair.;sad
Ses05F_impro02_M026;sad;Why has to be you?  There's all those other people.  Somebody else can go instead.  It's not right.;neu
Ses05F_impro02_F024;sad;Well, apparently nobody else can go.;neu
Ses05F_impro02_F025;fru;I don't know.  Baby, why are you asking me this?  It's just as hard for me.  Please, try to understand that.;sur
Ses05F_impro02_F026;fru;I understand, baby.  I'm sorry. I mean try to understand I'm I'm scared myself.;fea
Ses05F_impro02_M029;sad;I understand.  I'm worried about you.  I don't know what's going to happen to you.;fea
Ses05F_impro02_F027;sad;I know.;neu
Ses05F_impro02_F028;sad;I know.;neu
Ses05F_impro02_M031;sad;I jus-;neu
Ses05F_impro02_F029;sad;We'll figure something out.  We just have to ... we just have to think about this.  Could any of your family help us?;neu
Ses05F_impro02_M032;sad;I don't know.;sur
Ses05F_impro02_M033;sad;Yeah.  I guess.  I don't know what they're going to say.;neu
Ses05F_impro02_M034;sad;Yeah, we'll call them.  We'll figure something out.  I'm sorry, I'm sorry, I'm sorry.  You're right.;neu
Ses05F_impro02_F031;sad;I'm going to miss their first words.;sad
Ses05F_impro02_M035;sad;I know.;neu
Ses05F_impro02_F032;sad;You'll have to send me pictures and letters everyday.;neu
Ses05F_impro02_M036;sad;All the time, every day, every day.  They have e-mail over there and stuff like that, right? I can send you pictures.;neu
Ses05F_impro02_F034;sad;Yeah, as much as I can.;neu
Ses05F_impro02_F035;sad;"""sigh"" Three weeks.";sad
Ses05F_impro02_M039;sur;Three weeks?;sur
Ses05F_impro02_F036;sad;Yeah.;neu
Ses05F_impro02_F037;sad;Yeah.;neu
Ses05F_impro02_M041;sad;I love you.;hap
Ses05F_impro02_F038;sad;"I love you.  I'm going to miss you so much. ""sigh""";sad
Ses05F_impro03_F000;exc;Okay, so big news.;neu
Ses05F_impro03_M000;exc;What?;sur
Ses05F_impro03_M001;exc;Come on, what?;ang
Ses05F_impro03_F001;exc;I'm getting married.;hap
Ses05F_impro03_M002;sur;Shut up.;ang
Ses05F_impro03_F002;exc;Yeah.;neu
Ses05F_impro03_M003;exc;No way.;dis
Ses05F_impro03_F003;exc;Yeah.;neu
Ses05F_impro03_F004;exc;Uh-huh.;fea
Ses05F_impro03_M005;exc;No way, when? when,when, When did it happen?;sur
Ses05F_impro03_F005;exc;Just a couple days ago.;neu
Ses05F_impro03_M006;exc;Oh my gosh.;sur
Ses05F_impro03_M007;exc;And you actually said yes.  I can't believe it.  I never thought you would get married.;sur
Ses05F_impro03_F007;exc;I know me neither.;neu
Ses05F_impro03_M008;exc;Oh my gosh.;sur
Ses05F_impro03_F008;exc;Right, I thought I would be way older too. I thought I would be I be at least thirty something.;neu
Ses05F_impro03_M009;exc;Oh absolutely.;neu
Ses05F_impro03_M010;exc;Well, we always said we'd be in our thirtieth when we got married. And we were going to get married to each other if we didn't by then;neu
Ses05F_impro03_F009;exc;Yeah.;neu
Ses05F_impro03_M011;exc;Thirty nine, yeah.  I can't believe it.  So you broke our pact. Thanks a lot.;sur
Ses05F_impro03_F011;exc;Sorry.;sad
Ses05F_impro03_M012;exc;Thanks a lot.  Well, okay, you've got to tell me the details.  What did he say?  Where was it?  What happened?;neu
Ses05F_impro03_M013;exc;Okay.  That's okay, spontaneous is great.  Spontaneous is awesome.;hap
Ses05F_impro03_M020;exc;Am I in it?;sur
Ses05F_impro03_F020;exc;Yeah.  Yeah, of course.;neu
Ses05F_impro03_M027;exc;Cool, perfect.  Another Chicagoite, got to love it.;hap
Ses05F_impro03_F027;hap;It's so weird too, right, that like you can grow up so near somebody and never know them until you travel hundreds of miles away.;dis
Ses05F_impro03_F028;hap;I know;neu
Ses05F_impro03_F029;hap;Right, being like oh, where are you from?  The U.S.  Where in the U.S.?  Chicago.  Where in Chicago?;sur
Ses05F_impro03_M030;hap;[LAUGHTER] I am sil;fea
Ses05F_impro03_F030;hap;Knowing the neighborhood.  Yeah, it's pretty bizarre.;dis
Ses05F_impro03_M031;exc;And now you're getting married.;sur
Ses05F_impro03_F031;hap;Yeah.;neu
Ses05F_impro03_M032;exc;That is amazing.  You must be so excited.  Did you tell your mom?;sur
Ses05F_impro03_F032;hap;Mm-hmm.;neu
Ses05F_impro03_M033;exc;Oh, did she cry?;sur
Ses05F_impro03_F033;hap;Yeah, she loves him.;hap
Ses05F_impro03_F034;hap;Yeah, she-yeah, that's my type.;neu
Ses05F_impro03_M035;exc;[BREATHING];dis
Ses05F_impro03_M036;exc;you.. I can't believe it.  I'm so happy for you.  This is exactly what you wanted.  It's your dream come true.;hap
Ses05F_impro03_F035;hap;Thank you.;neu
Ses05F_impro03_M037;exc;The exact right guy, I fully approve.  He's a wonderful guy.  We have a great time.  He can drink.  That's awesome.;hap
Ses05F_impro03_F036;hap;[LAUGHTER];neu
Ses05F_impro03_M038;hap;[LAUGHTER];neu
Ses05F_impro03_F037;exc;Yeah, we all have to hang out now.;neu
Ses05F_impro03_M039;exc;Of course, of course she will ... of course she will.  Yeah, don't go and disappear like everyone else after they get married and I never see them again.  That'll make me mad.  You don't want to make me mad.  You know how I get when I get mad.;ang
Ses05F_impro03_M040;hap;Exactly.;neu
Ses05F_impro03_M041;hap;"Exactly, ""laugh"".";neu
Ses05F_impro03_F039;hap;Sorry.;sad
Ses05F_impro03_F040;hap;There's still time for that.;neu
Ses05F_impro03_M043;exc;Oh, thanks. move here before you get married [LAUGHTER];neu
Ses05F_impro03_F041;hap;[BREATHING];dis
Ses05F_impro03_M044;exc;"Perfect, okay, good. ""sigh""";dis
Ses05F_impro03_M045;exc;I don't feel so bad then.  Well, I'm excited for you.;sad
Ses05F_impro03_F042;exc;I know. I can't believe it.;sur
Ses05F_impro03_M046;exc;I can't believe it.;sur
Ses05F_impro03_F043;exc;I am very excited;hap
Ses05F_impro03_M049;hap;So I was one of the first ones? That makes me feel so important.;hap
Ses05F_impro03_F046;hap;I have to think about moving now.  We're going to move in together;neu
Ses05F_impro03_M050;exc;Oh yeah, of course.;neu
Ses05F_impro03_F047;hap;I think it's a good idea to live together before you get married.;hap
Ses05F_impro03_M051;exc;I think so, too.  Are you going to get a house or-;neu
Ses05F_impro03_F048;hap;I don't want a house, I mean just-;ang
Ses05F_impro03_F049;hap;L.A. apartment is fine.;neu
Ses05F_impro03_F051;hap;Two artists, though.  We're bound to be poor forever.;sad
Ses05F_impro03_M057;hap;yeah.;neu
Ses05F_impro03_M058;hap;yeah.;neu
Ses05F_impro03_F053;hap;Definitely not for a while;neu
Ses05F_impro03_F054;hap;yeah.;neu
Ses05F_impro03_F055;hap;[LAUGHTER] Good luck.;neu
Ses05F_impro03_M060;hap;[LAUGHTER];neu
Ses05F_impro03_M061;hap;Oh, thanks.  I'll need it.;neu
Ses05F_impro03_F056;hap;You won't have trouble, You won't have trouble.;neu
Ses05F_impro03_M062;hap;Oh thanks, you're too nice;hap
Ses05F_impro03_M063;hap;just being polite now;neu
Ses05F_impro03_F057;hap;You should just approach her like that.  Hey, will you bear my children?;neu
Ses05F_impro03_M064;hap;because I am not getting married.;sad
Ses05F_impro03_M065;hap;Exactly, [LAUGHTER] I think that'll go over great, don't you?;neu
Ses05F_impro03_F058;hap;Yeah, totally.;neu
Ses05F_impro03_M066;hap;That's what girls like, right?;neu
Ses05F_impro03_F059;hap;Total turn on.;neu
Ses05F_impro03_M067;hap;Would you mind popping out a few for me?;neu
Ses05F_impro03_F060;hap;[LAUGHTER];neu
Ses05F_impro03_M068;hap;That'd be great, thanks.;hap
Ses05F_impro04_F000;sad;Brian, I need help.;sad
Ses05F_impro04_M000;neu;Babe, I don't know what to tell you.  Don't give up.;sad
Ses05F_impro04_M001;neu;Well, of course not, but what are you going to do if you move back home?  Are you going to be able to find a job there?;neu
Ses05F_impro04_F002;fru;I don't know.  I mean, what am I supposed to do? I've It's not for lack of effort.  I've been trying.;sur
Ses05F_impro04_M002;fru;I wish I had some answers for you, babe.  I mean-I don't know what to tell you.;sad
Ses05F_impro04_F003;fru;How did you get a job?  What am I - What am I supposed to do?;sur
Ses05F_impro04_M003;neu;I went to school and I got my degree.  And I got a job.;hap
Ses05F_impro04_F004;fru;I mean, I just don't--I don't know.  If you don't have a lot of qualification, where do you - where do you find work?  It's like L.A. is so frustrating because if you don't know somebody, you can't -you can't get a job.  It's impossible.  It's totally discriminatory.  You have to know somebody.;dis
Ses05F_impro04_M004;neu;Nothing's impossible.;neu
Ses05F_impro04_F005;fru;It's not fair.;ang
Ses05F_impro04_M005;neu;You have to be willing - You have to be willing to start you know at the bottom and work your way up. and;neu
Ses05F_impro04_F006;fru;That's fine.  I'd be willing to start anywhere.  I can't get a job.;sad
Ses05F_impro04_M006;fru;I;fea
Ses05F_impro04_F007;fru;I mean, on six seven and five an hour does not - does not pay the bills I mean.;dis
Ses05F_impro04_M007;neu;No, it doesn't pay the bills, but it would pay something.  And it would help you get somewhere else.;neu
Ses05F_impro04_F008;ang;I still can't live on in six seven and five.  It's not possible in Los Angeles.  Housing is too expensive.;sad
Ses05F_impro04_M008;neu;and No, I understand, but you've got to start somewhere.  It's better than nothing and that's all you have.  You have nothing right now.;neu
Ses05F_impro04_F009;fru;I mean I can do the McDonald's thing for a while as humiliating as that is, but I mean then what?  I mean You can't exactly move up in that kind of industry.;dis
Ses05F_impro04_M009;neu;Wait, You can move up.  There's management programs in McDonalds and things like that.;neu
Ses05F_impro04_F010;fru;Oh come on, that's not what I envisioned for myself. Honestly, would you settle for being a manager at McDonalds?;neu
Ses05F_impro04_M010;neu;[GARBAGE] No, I wouldn't, but I--;neu
Ses05F_impro04_F011;fru;This is humiliating.;dis
Ses05F_impro04_M011;neu;Well, you know what?  Life gets humili... humiliating at times.;dis
Ses05F_impro04_F012;fru;No, I don't I don't want to accept that.  I think that's bullshit.;dis
Ses05F_impro04_M012;neu;Well, what are you going to do about it to make it different?;neu
Ses05F_impro04_F013;fru;I don't know.  I feel like I've tried everything.;neu
Ses05F_impro04_M013;neu;Have you?  There's got to be something else.;sur
Ses05F_impro04_F014;fru;Three years of going out every day--every day--and looking for a job and being constantly denied everywhere I go.;sad
Ses05F_impro04_M014;fru;I don't know what to tell you, babe. Maybe- Maybe you're right.  Maybe you do have to go someplace else.  I don't know, maybe it's just not meant to be here.  I mean I want you to-I don't want you to give up, but I mean I don't want you to move away, but at the same time, I don't like seeing you like this.;sad
Ses05F_impro04_F015;sad;I'm just so scared to start over I mean.  I put so much time and energy into being here.;fea
Ses05F_impro04_F016;sad;Where am I supposed to go?  I mean, like what?;sur
Ses05F_impro04_M015;neu;If it's rent or something like that, I mean I can help you out a little bit, if- if that will help you you know stick with it.;neu
Ses05F_impro04_F017;sad;I don't know. Maybe I can take out a loan. I just- I need prospects and I don't feel like I have any.;sad
Ses05F_impro04_M016;neu;Well, just don't give up. And there's- you know, You never know, something might be around the corner tomorrow.;fea
Ses05F_impro04_M017;neu;Well, you know I'm not going to let you starve.;neu
Ses05F_impro04_F019;sad;I'm just worried.;fea
Ses05F_impro04_F020;fru;It's three years.;neu
Ses05F_impro04_M019;fru;I understand, but you know what, you've been negative for three years.;neu
Ses05F_impro04_M020;neu;It's the way it seems to me.  You started complaining about not being able to find a job the first day you went out and didn't find a job.  And I'm not saying like and not trying to you know put you down or anything, it's just that-;ang
Ses05F_impro04_F022;sad;That's really hard to hear.;dis
Ses05F_impro04_M021;fru;But it's true, babe.  You've got to be more positive about things.  Like- Have some faith in yourself.;neu
Ses05F_impro04_F023;sad;I feel like I have faith and now faith is running thin because there is no money.;neu
Ses05F_impro04_M022;neu;Well, exactly.  Money is not everything.;neu
Ses05F_impro04_F024;fru;Brian, I don't think you have a concept of what I mean by- by money.  I don't mean money like oh, I can't go get my hair and my nails done today, I mean like I can't eat.;sad
Ses05F_impro04_M023;fru;You can.;neu
Ses05F_impro04_M024;neu;You know I would never let that happen.  I wouldn't let that happen.;ang
Ses05F_impro04_F026;fru;I just-- I;neu
Ses05F_impro04_M025;neu;You can always stay with me if you- if you have to stay with me for a while and get yourself back up on your feet again.  You know I'm not just going to you know just throw you to the wolves or something like that.  If there's any way I can help you, I will.;neu
Ses05F_impro04_M026;neu;But you have to keep trying.  You can't give up.;neu
Ses05F_impro04_F028;fru;Yeah, I don't intend to stop trying.  I just--I don't when is when enough is enough.;neu
Ses05F_impro04_M027;neu;And you've got to think--well, ask yourself why are they not hiring you?;ang
Ses05F_impro04_F029;fru;I don't know.;sur
Ses05F_impro04_M028;neu;I mean are you going in for interviews?;sur
Ses05F_impro04_F030;fru;Yeah, and I look nice and I'm you know--;hap
Ses05F_impro04_M029;neu;Are you presenting-;neu
Ses05F_impro04_F031;fru;charismatic.;hap
Ses05F_impro04_M030;neu;putting your best foot forward? or you;neu
Ses05F_impro04_F032;fru;yah, to-totally, and I'm not--;neu
Ses05F_impro04_M031;neu;Do they seem to like you? I mean, Can you get any read from them?;neu
Ses05F_impro04_F033;fru;Yeah, I always think so, but I- I just feel like it's a lot of lip service everywhere I go.;neu
Ses05F_impro04_M032;neu;Have you ever called them back and asked why you didn't get the job?;neu
Ses05F_impro04_F034;fru;Yeah, I follow up.;neu
Ses05F_impro04_M033;neu;Do they give you any specifics as to why they didn't go with you?;neu
Ses05F_impro04_F035;fru;It's just like- it's a matter of-;neu
Ses05F_impro04_F036;fru;not tall enough, not pretty enough, not--you know how this place is.;sad
Ses05F_impro04_M034;neu;Yeah, I understand. maybe What jobs are we talking about?;neu
Ses05F_impro04_F037;fru;I mean, anything.;dis
Ses05F_impro04_M035;neu;Like- What's your ideal job?  What do you want to do?;fea
Ses05F_impro04_F038;neu;Well, I'd like to be a working actor.;hap
Ses05F_impro04_M036;neu;Of course.;neu
Ses05F_impro04_F039;neu;But um--;neu
Ses05F_impro04_M037;neu;Everyone wants to be a working actor, but they all work at something else.;neu
Ses05F_impro04_F040;neu;Yeah.;neu
Ses05F_impro04_M038;neu;So what's the something else?;neu
Ses05F_impro04_F041;neu;Bartending, catering.;neu
Ses05F_impro04_M039;neu;You can't get a catering gig?  Well, I can call some friends.  I- Well, I did call some friends before, but you went in once and then never went back.;sur
Ses05F_impro04_F042;sad;Would you be willing to make some more calls on my behalf? I won't--I won't make you look bad.;ang
Ses05F_impro04_M040;neu;If I- If you- Will you stick with it?;fea
Ses05F_impro04_F043;neu;yeah.;neu
Ses05F_impro04_M041;neu;Okay.  Okay, I'll call some people.;neu
Ses05F_impro04_F044;neu;Thank you.;neu
Ses05F_impro04_M042;neu;But you've got to keep looking for other stuff. You've got to do it on your own, too.  Okay?;neu
Ses05F_impro04_F045;neu;I will, I will.;neu
Ses05F_impro04_M043;neu;You know I'll always help you.;neu
Ses05F_impro05_F000;neu;Hi,um- I think my baggage was lost, and I need to I guess file a claim or I don't know what.;neu
Ses05F_impro05_M000;neu;Okay, what flight were you on?;ang
Ses05F_impro05_F001;neu;Um-Seventeen. Coming from --;neu
Ses05F_impro05_M001;neu;On what airline?;neu
Ses05F_impro05_F002;neu;It was Virgin Atlantic coming from London.;neu
Ses05F_impro05_M002;neu;From London, okay. Um- And you went through all your proper checkpoints?;neu
Ses05F_impro05_F003;fru;Yeah, I don't know where it was lost.  I was coming from Africa, so.;neu
Ses05F_impro05_M003;neu;So you haven't seen your bags since Africa. You flew threw Heath Row to here.;neu
Ses05F_impro05_F004;neu;Right.;neu
Ses05F_impro05_F005;neu;Yeah.;neu
Ses05F_impro05_M004;neu;Okay.  Well, let me see here. I-;neu
Ses05F_impro05_M005;neu;It seems like it went through Heath Row.  I see it here. uh-;sur
Ses05F_impro05_F006;neu;That's good.;hap
Ses05F_impro05_M006;neu;But uh- I don't see it here in the airport yet. uh;neu
Ses05F_impro05_M007;neu;I'm not sure where it is.  We can absolutely keep an eye out for for it for you.;neu
Ses05F_impro05_F007;neu;Well, I can't leave without it. I mean, Could you find out?;neu
Ses05F_impro05_M008;neu;Well, I'm not a miracle worker.  I don't know what I can do for you.  I don't have the bag right here.;sur
Ses05F_impro05_F008;fru;Right, well can you get on the computer maybe and like track it down and see when it's going to get here?;neu
Ses05F_impro05_M009;neu;Well, as I told you, it left Heath Row and it seems to have arrived here.  But if you can't find it, then-are you sure you know what your bag looks like?;neu
Ses05F_impro05_F009;fru;Yes, sir, I know what my bag looks like.;neu
Ses05F_impro05_M010;neu;Okay, and what is that?  What kind of bag is it?;neu
Ses05F_impro05_F010;neu;Um- It's a travel backpack.  It's green and gray.  It's got my name on it and my information.;neu
Ses05F_impro05_M011;fru;And you couldn't find it?;sur
Ses05F_impro05_F011;fru;No, it didn't turn up at the baggage claim.;neu
Ses05F_impro05_M012;neu;Are you sure?;sur
Ses05F_impro05_F012;fru;I mean we've gone through all of this.  I've been to five people already who--;neu
Ses05F_impro05_M013;fru;Well, obviously, that wasn't me, so I'm going to have to ask you the same questions they asked you just so we can get to the same point.;neu
Ses05F_impro05_F013;fru;Okay.;neu
Ses05F_impro05_M014;neu;All right?  Now, um- it's green, travel bag, you couldn't find it.  And was there something important in it that you need it?;neu
Ses05F_impro05_F014;fru;Yes, lots of really like -- sentimental value only, but--;neu
Ses05F_impro05_M015;neu;Sentimental value.;neu
Ses05F_impro05_M016;neu;Right.  Well, I don't know what to tell you. Um- What I can offer you is a fifty dollar voucher on your next flight.;neu
Ses05F_impro05_M017;neu;No, I understand. I mean. It's got to be tough all those sentimental things, but um- this is all I can do for you.;neu
Ses05F_impro05_F017;fru;Does this happen often?  Do they--you just lose baggage and you just offer people money for it?;sur
Ses05F_impro05_M018;neu;Well, you know, sometimes that's--really, I mean what else could we do?;sur
Ses05F_impro05_F018;ang;Uh- Not lose the baggage in the first place. I mean You're offering a service here. I paid so much money for that ticket.;sur
Ses05F_impro05_M019;neu;Well,;neu
Ses05F_impro05_M020;fru;Obviously ma'am.;neu
Ses05F_impro05_M021;fru;I am sorry, ma'am.;sad
Ses05F_impro05_M022;neu;Let's- Let's just relax for a moment, ma'am.  You understand, obviously, we're going to do everything we can to keep all of your luggage here.;neu
Ses05F_impro05_M023;neu;Obviously, we're not trying to lose your luggage.  Do you really believe that we're trying to lose your luggage ma'am?;sur
Ses05F_impro05_F019;ang;No, but I mean like why can't- why can't you find it?  Where did it go?  Who lost it?;sur
Ses05F_impro05_F020;ang;Well, I just-I paid so much money for this ticket.  I feel like you guys should be able to get-to offer me more than a fifty dollar voucher.;hap
Ses05F_impro05_M025;neu;Well, we're talking about one bag.  You personally made it here, didn't you?;neu
Ses05F_impro05_F021;ang;Yeah, meaning I didn't die in a fiery plane crash.  How convenient, but um- I paid two thousand dollar to ride your airline, and I would really appreciate getting my bags there to my destination in one place.;hap
Ses05F_impro05_M026;fru;That's what the cost of the ticket was for.;neu
Ses05F_impro05_M027;fru;Ma'am, international flights are not cheap and there's many reasons for that.  It does not have solely to do with your baggage or-;neu
Ses05F_impro05_F022;ang;Right, but part of the agreement is that I'm paying so that I can take myself and my belongings with me.;neu
Ses05F_impro05_M028;fru;Right. Yes, ma'am.;neu
Ses05F_impro05_F023;ang;And that you're going to transport them safely from one place to another.;neu
Ses05F_impro05_M029;fru;Right, and also if you'll read the fine print of your agreement you'll see that while we do bear some responsibility for lost luggage, it is a fifty dollar voucher.;neu
Ses05F_impro05_F024;ang;That's all you can offer me? I mean, my the stuff in there is worth way more than fifty dollar.;sur
Ses05F_impro05_M030;neu;Well, I understand that.  Did you buy flight insurance?;sur
Ses05F_impro05_M031;neu;Well, my hands are really tied then.;neu
Ses05F_impro05_F026;fru;Why do I need flight insurance?  Why don't you guys just guarantee that you're going to get the stuff that I leave with to my destination?;sur
Ses05F_impro05_M032;neu;Well, it's like any kind of insurance.  You don't-when you get it, then you get more. You know, Like if you--;neu
Ses05F_impro05_F027;fru;Right, but if I'm riding a bus, I don't need to buy luggage insurance that the backpack I take on is going to get to my destination with me.;neu
Ses05F_impro05_M033;neu;Well, of course not because you've got your backpack with you the whole time.  Now, if you--you said this was a travel bag.  Why weren't you carrying it on if it was so important?;neu
Ses05F_impro05_F028;fru;Because they made me check it.  It's too heavy.;sad
Ses05F_impro05_M034;neu;Uh, so it was really heavy.;dis
Ses05F_impro05_M035;fru;Well, you know what, it could still turn up, but until then I can offer you this fifty dollar voucher.;neu
Ses05F_impro05_F030;fru;There's nothing else you can do?;neu
Ses05F_impro05_M036;neu;I'm sorry, ma'am, there's nothing else I can do.  My hands are really tied here.  I really wish there was something else I could do for you.;sad
Ses05F_impro05_F031;ang;I don't believe that for a second.;sur
Ses05F_impro05_M037;neu;Well I don't know why you wouldn't believe that.;sur
Ses05F_impro05_M038;fru;Obviously, I'm doing everything that I can here.;neu
Ses05F_impro05_M039;neu;Well, I have no way to give you more money.  I'm giving you as much money as I can, and figuring- as far as figuring out where you bag is-;neu
Ses05F_impro05_F033;ang;What do you mean as you can?  Who makes up these rules?;sur
Ses05F_impro05_M040;neu;makes up?;sur
Ses05F_impro05_F034;ang;You're an autono- autonomous human being.  You could- You could go into the com-;neu
Ses05F_impro05_M041;neu;The airline makes these rules, mom ma'am.;neu
Ses05F_impro05_F036;fru;So I'm just supposed to oh, well, oops, my luggage is gone and be fine with that and take your stinking fifty dollar voucher?;neu
Ses05F_impro05_M043;fru;Well, you can take my stinking fifty dollar voucher and go home and wait and see if your luggage turns up. And if it does, then we'll deliver it to you.;neu
Ses05F_impro05_F037;fru;And you have no guarantee.;neu
Ses05F_impro05_M044;fru;I have no guarantee, absolutely not.;neu
Ses05F_impro05_F038;fru;This is ridiculous.;dis
Ses05F_impro05_M045;fru;How can I guarantee finding your luggage when it's lost?;ang
Ses05F_impro05_F039;fru;Uh- Because you guys lost it, so it should be your responsibility to find it, too.;neu
Ses05F_impro05_M046;fru;Right, well, when you're at home and you lose something, do you guarantee that you're going to find it later on?;neu
Ses05F_impro05_F040;fru;Oh, come on.  Would you cut it out?  This is ridiculous.;ang
Ses05F_impro05_M047;fru;Well, it sounds to me like you're being ridiculous;dis
Ses05F_impro05_F041;ang;No, I don't think I am.  I like have a whole bunch of stuff that means a lot to me, and I brought it you know from Africa.  It's not like I can just go back and get it whenever I want.;neu
Ses05F_impro05_M048;neu;Right.;neu
Ses05F_impro05_F042;ang;It's not like I can go to Kmart and buy another.;neu
Ses05F_impro05_M049;fru;I understand that, ma'am, but things get lost.  There's nothing I can do about that.  Things happen.  Accidents happen.;sad
Ses05F_impro05_M050;neu;And while I really would love to be able to hand you your bag right now, obviously I can't do that.;sad
Ses05F_impro05_M051;neu;So you'd like the fifty dollar voucher?;neu
Ses05F_impro05_F044;fru;Yeah, I'll take your fifty dollar voucher.;neu
Ses05F_impro05_M052;neu;Okay, just fill out these three forms, and um- you'll- we'll have that sent to you within the next three weeks and, of course, we'll definitely keep an eye out for your bag.;neu
Ses05F_impro05_F045;fru;Thanks.;neu
Ses05F_impro05_M053;neu;You have a wonderful day.;hap
Ses05F_impro06_F000;sad;A good friend of mine passed away the other day.;sad
Ses05F_impro06_M001;sad;Oh no, I'm so sorry. What happened?;sad
Ses05F_impro06_F001;sad;Oh they had some pretty progressive cancer,;neu
Ses05F_impro06_F002;sad;metastasized and it was old and they knew that it wasn't looking good, but-;neu
Ses05F_impro06_M002;sad;That's the worst.  I'm so sorry.  Did you know him well?;dis
Ses05F_impro06_F003;sad;Yeah.  We were.  Pretty close.;sur
Ses05F_impro06_F004;sad;[BREATHING];dis
Ses05F_impro06_M003;sad;I am so sorry,  It's-;sad
Ses05F_impro06_M004;sad;It's the worst when they go like that. [GARBAGE] Was he young?;dis
Ses05F_impro06_F005;sad;Kind of.;dis
Ses05F_impro06_F006;sad;It's hard to watch when it's painful for them, you know.;sad
Ses05F_impro06_M005;sad;Absolutely, absolutely.;neu
Ses05F_impro06_M006;sad;It's the think;neu
Ses05F_impro06_F007;sad;I just, I don't know.;sur
Ses05F_impro06_M007;sad;There's no reason for it.;ang
Ses05F_impro06_F008;sad;I know.;neu
Ses05F_impro06_F009;sad;And he could of...  He was pretty awesome;sur
Ses05F_impro06_M008;sad;Yeah?  What'd he do?  What did they do?  How'd you know him?;sur
Ses05F_impro06_F010;sad;Uh,  We grew up together.;neu
Ses05F_impro06_M009;sad;yeah.;neu
Ses05F_impro06_M010;neu;Is he an actor too, or-?;neu
Ses05F_impro06_F011;sad;Yeah, he kind of did a lot of things, but we acted together, sometimes.;neu
Ses05F_impro06_F012;sad;I feel really bad for his family, you know.;sad
Ses05F_impro06_M011;sad;Yes of course, of course.;neu
Ses05F_impro06_F013;sad;It must be really, really hard to lose a child.;sad
Ses05F_impro06_M012;neu;Was he very close to his family?;neu
Ses05F_impro06_F014;sad;Yeah.  And they were really supportive, like through the whole process, but-;hap
Ses05F_impro06_M013;neu;yeah.;neu
Ses05F_impro06_F015;sad;[BREATHING];dis
Ses05F_impro06_F016;sad;I can't imagine what his- what his parents are going through.;sur
Ses05F_impro06_M014;sad;Of course not.  You have no idea what it's like to lose a kid.;neu
Ses05F_impro06_F017;sad;Yeah, I'm just going to miss him.;sad
Ses05F_impro06_F018;sad;Thank you.;neu
Ses05F_impro06_M017;neu;Is there a funeral planned? or-;neu
Ses05F_impro06_F019;sad;Yeah, they're going to do some sort of memorial service or something.;neu
Ses05F_impro06_M018;neu;Cool, Well, If you want me to go with you, I will.;neu
Ses05F_impro06_F020;sad;Thanks.;neu
Ses05F_impro06_M019;neu;No problem.;neu
Ses05F_impro06_F021;sad;It's really bizarre, you know, when you know somebody really well, and then...;sur
Ses05F_impro06_F022;sad;something happens and they die and it's like-;neu
Ses05F_impro06_F023;sad;really hard to imagine that like you're going to continue to live, and that person's just going to have stopped.;sur
Ses05F_impro06_M020;sad;Right, it just doesn't make any sense, it's not real.  It doesn't feel real.;dis
Ses05F_impro06_M021;neu;yeah.;neu
Ses05F_impro06_F024;sad;[BREATHING];dis
Ses05F_impro06_M022;neu;Do you know what, it's going to pass,eventually, I mean it'll never pass, it'll always be there, and you'll always remember and everything like that, but you know.  It'll get easier I guess.;neu
Ses05F_impro06_F025;sad;yeah.;neu
Ses05F_impro06_M023;neu;That's the best way to put it.;neu
Ses05F_impro06_F026;sad;It's hard to say good-bye.;sad
Ses05F_impro06_M024;neu;Absolutely.;neu
Ses05F_impro06_F027;sad;[BREATHING];dis
Ses05F_impro06_M025;neu;Do you know what, if it was me that died, I'd really want you to be crying and being really upset too any way. So, I think you should definitely do this, because it's trying what it's supposed to be.;sad
Ses05F_impro06_F029;sad;yeah yeah.;neu
Ses05F_impro07_F000;exc;So guess what.;neu
Ses05F_impro07_M000;exc;what;neu
Ses05F_impro07_F001;exc;I got into college.;hap
Ses05F_impro07_M001;exc;Shut up.  What'd you get, where'd you get accepted to? please;ang
Ses05F_impro07_F002;exc;U.S.C..;neu
Ses05F_impro07_M002;exc;Oh, sweet.;hap
Ses05F_impro07_F003;exc;yeah.;neu
Ses05F_impro07_M003;exc;So you're not going to leave me.;ang
Ses05F_impro07_F004;exc;No.;neu
Ses05F_impro07_M004;exc;oh, good good good good good good.;hap
Ses05F_impro07_F005;exc;I'll stay in town.;hap
Ses05F_impro07_M005;exc;Are you going to live on campus?  Where are you going to live?;sur
Ses05F_impro07_F006;hap;Uh- I don't know.;sur
Ses05F_impro07_M006;exc;Uh! stay over here.  Like travel to school. because you are so close to me;hap
Ses05F_impro07_F007;neu;Well, I don't want to, I don't want to live with my mom.;sad
Ses05F_impro07_M007;hap;Okay, you're right, you're right, you're right,  right.  Maybe we should get a place together.;neu
Ses05F_impro07_F008;exc;Whoa.  What an idea.  Where would you want to live?;sur
Ses05F_impro07_M008;exc;That'll be awesome.;hap
Ses05F_impro07_M009;exc;I don't know.  Well.  I wouldn't mind living by the U.S.C. campus, you know, but I'm not going to go to school right now, so.;sad
Ses05F_impro07_M011;exc;But I'd love to go all the US- all the U.S.C. parties and do all that crazy stuff with you.;hap
Ses05F_impro07_F011;exc;Whoa, this is going to be so much fun.;hap
Ses05F_impro07_M012;exc;it is going to be so much fun. Yes.;hap
Ses05F_impro07_M013;exc;Uh! I'm so happy that you're not going to go away.;hap
Ses05F_impro07_F012;exc;Thank you. I know, I'm really, really, really excited.;hap
Ses05F_impro07_M014;exc;Oh, I bet you're going to love it too.  You always wanted to go to U.S.C..;hap
Ses05F_impro07_F013;exc;I know they have a really, really great program for what I want to do.;hap
Ses05F_impro07_M015;exc;You're going to have so much fun.  And there's lo- tons of people, you're going to meet so many people, I'm going to meet so many people too, because we're going to be there together.;hap
Ses05F_impro07_F014;exc;Can we for real live together?;neu
Ses05F_impro07_M016;exc;Sure, why not.  I don't know why not, I'm not doing anything I have no plans, I could live anywhere I want.;neu
Ses05F_impro07_F015;exc;awesome.;hap
Ses05F_impro07_F016;exc;So should we get a place near campus? or-;neu
Ses05F_impro07_M017;exc;That'll be great. That'll be great.;hap
Ses05F_impro07_M018;exc;We should try to find, like, a party spot though, like you know where there's going to be a lot of parties, where there are cool people, though.  Do you know any people that might be out there?;neu
Ses05F_impro07_F017;exc;okay.;sur
Ses05F_impro07_M019;exc;Yeah, me either.;neu
Ses05F_impro07_M020;exc;[garbage] I know, I know, I know, we'll figure it out.  Right?  [garbage] it is going to be so much fun.;hap
Ses05F_impro07_F021;exc;It's going to be ridiculous.  It's going to be so cool.;dis
Ses05F_impro07_M021;exc;You can't make fun of me because I'm not going to school, though, because I'm going to be working though.;ang
Ses05F_impro07_F023;exc;[LAUGHTER] Oh, I'm going to be working too, I mean.;neu
Ses05F_impro07_F024;exc;I- I hear the same.;neu
Ses05F_impro07_M024;exc;Woo- I I do.;sur
Ses05F_impro07_F025;exc;I don't know how I feel about that, but-;sad
Ses05F_impro07_M025;exc;I know exactly how you feel about that. I think you feel really excited about it.  I know you are. I can tell. I know you.;hap
Ses05F_impro07_F026;exc;oh yeah.;neu
Ses05F_impro07_F027;exc;oh yeah.;neu
Ses05F_impro07_M026;exc;You're a wild and crazy woman.;ang
Ses05F_impro07_F028;exc;[LAUGHTER] Oh, it'll be awesome, that's for sure.;hap
Ses05F_impro07_M027;exc;Uh huh, it will be awesome.;hap
Ses05F_impro07_F029;exc;Better than if I'd picked up and moved to Boston.;hap
Ses05F_impro07_M029;exc;living near the U.S.C. campus by myself, not going to school there. just really pathetic and sad.;sad
Ses05F_impro07_F030;exc;[LAUGHTER] by yourself.;neu
Ses05F_impro07_F031;exc;you'd be that kid;neu
Ses05F_impro07_F032;exc;living near campus, and not going to school.;sad
Ses05F_impro07_M030;exc;Exactly.  Mooching off of all like the college experiences, that would've been me but you have saved me from that disaster. Thank you. Thank you very much.;hap
Ses05F_impro07_F033;exc;[LAUGHTER];neu
Ses05F_impro07_M031;exc;Oh, it's going to be so much fun.;hap
Ses05F_impro07_F034;exc;yeah.;neu
Ses05F_impro07_M032;exc;Well, congratulations. and to me too, because now I get to-have-;hap
Ses05F_impro07_F035;exc;We should go apartment shop-er-hunting.;neu
Ses05F_impro07_M033;exc;That's a good idea.;hap
Ses05F_impro07_F036;exc;Let's go tomorrow.;neu
Ses05F_impro07_M034;exc;Tomorrow, tomorrow, tomorrow-;neu
Ses05F_impro07_F037;exc;yeah.;neu
Ses05F_impro07_M035;exc;Good.  We'll have to have one soon, you're going to have to go to school in a couple of months.;neu
Ses05F_impro07_F038;exc;Woo-;sur
Ses05F_impro07_M036;exc;Oh God, it's awesome... There's going to be tons of places. [garbage];dis
Ses05F_impro07_F039;exc;exciting.;hap
Ses05F_impro08_F000;neu;Hi, sir.  How can I help you?;sad
Ses05F_impro08_M000;fru;Oh, thank God.  Do you know how long I've been on the phone for half an hour trying to talk to a freaking human being.;sur
Ses05F_impro08_M001;fru;All I want to do is put my, pay for my freaking credit card, and there's something wrong in my bill, Like I swear, it says I didn't paid last month, but I know I paid last month.;ang
Ses05F_impro08_F001;neu;Okay.;neu
Ses05F_impro08_M002;fru;I put- I've been typing my number in millions of times, it won't listen to me, it's not working, and I can't get a single human being, and finally-;sad
Ses05F_impro08_F002;neu;[LAUGHTER] All right.  I'm sorry, sir that you've been having a hard time.;neu
Ses05F_impro08_M004;ang;This is ridiculous.  I- I seriously, I don't understand why you think these automated systems are supposed to like work for anybody.  They have never, ever work for me.;sur
Ses05F_impro08_F003;neu;I kwon, it is ridiculous;ang
Ses05F_impro08_F004;neu;yeah, I understand.;neu
Ses05F_impro08_M005;ang;Can you like talk to somebody about this, can you like can you tell them that this is ridiculous and can they change it from now on, is there a phone number you have that I can call that will like automatically be talking to somebody a human being.;ang
Ses05F_impro08_F005;neu;Uh- when's when's-;neu
Ses05F_impro08_F006;fru;Sir-;neu
Ses05F_impro08_F007;neu;If yeah, well if you just slow down we'll um, we'll definitely have your problem solved and after we have your problem solved, then I can transfer you to a manager, someone who can you know, you can voice your complaint to, who will be able to something about it.;neu
Ses05F_impro08_M006;fru;Well, okay ,well First off, fine, fine, fine.  Let's see, first off, um- yeah my bill's wrong.;fea
Ses05F_impro08_M007;ang;Like I know I paid last month, but it hasn't been paid and you charged me a late fee.;sad
Ses05F_impro08_F008;neu;Okay, so where?, okay, all right, so where did you uh- locate your your bill?;ang
Ses05F_impro08_M008;fru;I got it in the mail.;neu
Ses05F_impro08_F009;neu;In the mail?;sur
Ses05F_impro08_M009;fru;yeah;neu
Ses05F_impro08_F010;neu;So is it, is- is it at all possible that maybe this statement is just old and that the transaction hadn't been processed yet?;neu
Ses05F_impro08_M010;fru;Well, when I look online, it says, it says that I was charged a late fee so I'm assuming that I paid on your web site-;neu
Ses05F_impro08_F011;neu;Okay.;neu
Ses05F_impro08_M011;fru;like I paid right through your own company before my due date but it's still and it even shows my payment there, and then it charged me the late fee afterwards.;neu
Ses05F_impro08_F012;neu;Okay.;neu
Ses05F_impro08_F014;neu;Okay so, I'll just look it up and you know see what's going on, maybe we can...;neu
Ses05F_impro08_M012;fru;Okay.;neu
Ses05F_impro08_F015;neu;if I call it up on the screen.;neu
Ses05F_impro08_M013;neu;Okay, great, go ahead.;neu
Ses05F_impro08_F016;neu;So in the database, it looks as though um, there is a there is like a glitch in the transaction where it hadn't gone through before, but I do see that you paid the, what can you tell me the amount, what was the amount?;neu
Ses05F_impro08_M014;fru;It was one ninety eight sixty three. I paid the minimum.;neu
Ses05F_impro08_F017;neu;Okay, I do see that on here, and it says that um, it had some trouble clearing for some reason.  And I think that was the problem on our end.  So um-;neu
Ses05F_impro08_F018;neu;Well you know sometimes-- just with online transactions, things happens. so um-;neu
Ses05F_impro08_M016;neu;No, No, No, I am grateful.;hap
Ses05F_impro08_F019;neu;Yeah, we- Somebody went in and- and cleared the problem and it looks like you're all paid.;neu
Ses05F_impro08_M018;neu;Did they take-;neu
Ses05F_impro08_F020;neu;You do the direct the direct it um- it's taking right out of your bank account, correct?;neu
Ses05F_impro08_M019;neu;Yes, yes, exactly.;neu
Ses05F_impro08_F021;neu;Yeah so- That --that did go through.;neu
Ses05F_impro08_M020;neu;Are you taking the late fee off of my account then?;neu
Ses05F_impro08_F022;neu;Um- I can try to do that for you, certainly.;neu
Ses05F_impro08_M021;fru;Because I paid it on time.;neu
Ses05F_impro08_F023;neu;Right, right, and since--yeah, since it was just a computer glitch, then that's that should be cleared up as well.  So I'm going to go ahead and try and put that into the computer.  And if for some reason you notice on your statement in a few days that you've been charged and an overdue fee, then you should just call back and we'll have that.;neu
Ses05F_impro08_M022;neu;Right.;neu
Ses05F_impro08_M023;fru;Yeah, but if I call back, I'll have to go through this whole rigmarole again. and try to get a hole or someone.;neu
Ses05F_impro08_F024;neu;Well I'll give you my direct line and my number so you can- you can  get directly to me.;neu
Ses05F_impro08_M024;sur;Really?;sur
Ses05F_impro08_F025;neu;yeah.;neu
Ses05F_impro08_M025;hap;That would be wonderful, that would be great seriously.;neu
Ses05F_impro08_F026;neu;No problem.;neu
Ses05F_impro08_M026;hap;thank you, what's the number?;sur
Ses05F_impro08_F027;neu;ahh one eight hundred three two three;neu
Ses05F_impro08_M027;neu;three two three;neu
Ses05F_impro08_F028;neu;six four nine four;neu
Ses05F_impro08_M028;hap;six four nine four. That would be so great, thank you so much.;hap
Ses05F_impro08_F029;neu;You're welcome;neu
Ses05F_impro08_F030;neu;I'm sorry that it was an inconvenience.;sad
Ses05F_impro08_M030;hap;It was horrible, but you've made it much better, thank you very much. Absolutely;fea
Ses05F_impro08_F032;neu;Have a good day.;neu
Ses05F_impro08_M031;hap;You too, thank you so much, have a wonderful day.;hap
Ses05F_impro08_F033;neu;bye bye;sad
Ses05F_script01_1_F000;sad;What's he going to say? Maybe we should tell him before he sees it.;neu
Ses05F_script01_1_M000;sad;He saw it.;neu
Ses05F_script01_1_M001;sad;He was out here when it broke.;fea
Ses05F_script01_1_M002;sad;Around Four this morning, and there was a crack and I looked out.  We're standing right there when I cracked.;sur
Ses05F_script01_1_M003;sad;I don't know.  but When it cracked he ran back into the house and start to cry in the kitchen.;sur
Ses05F_script01_1_F004;sad;Did you talk to him?;sur
Ses05F_script01_1_M004;sad;No.  I figured it was best to leave him alone.;neu
Ses05F_script01_1_F005;sad;He cried hard.;sad
Ses05F_script01_1_M005;sad;I could hear him right through the floor of my room.;fea
Ses05F_script01_1_F006;sad;He is thinking about him again.;neu
Ses05F_script01_1_F007;sad;It's getting just like after Larry died, he's having dreams, he's walking around at night.;neu
Ses05F_script01_1_M006;sad;I guess, he is.;neu
Ses05F_script01_1_F008;sad;What's the meaning of that?;neu
Ses05F_script01_1_M007;sad;I don't know the meaning of it.  But I know one thing mom did.  We made a terrible mistake with dad.;fea
Ses05F_script01_1_M008;sad;Being dishonest with him.  It's the kind of thing that pays off and now it's paying off.;neu
Ses05F_script01_1_M009;sad;You know that Larry's not coming back, and I know it.  So why do we go on letting him think that we believe with him?;neu
Ses05F_script01_1_M010;fru;No um, I don't want to argue with him, but it's time we realized that nobody else believes that Larry is alive.;neu
Ses05F_script01_1_M011;fru;Why shouldn't he dream about him, walk around during the night, looking for him um.  Do we contradict him?  Do we say outright that we don't have any hope anymore, that we haven't had any for years now?;fea
Ses05F_script01_1_M012;fru;We have to say it to him!;ang
Ses05F_script01_1_M013;ang;For God's sake, mom, three years.  Nobody comes back after three years!  It's insane!;sur
Ses05F_script01_1_F014;fru;To you it is, and to me, but not to your father.  Now look, you can talk yourself  blue in the face, but there's no body, and there's no grave, so where are you?;neu
Ses05F_script01_1_M014;fru;Sit down, mom.  I want to talk to you.;sad
Ses05F_script01_1_M015;fru;All right, All right mom.  Listen!;neu
Ses05F_script01_1_M016;sad;You know why I asked Annie here, don't you?;sur
Ses05F_script01_1_M017;fru;You know.;neu
Ses05F_script01_1_F017;neu;Well I got an idea.  But what's the story?;neu
Ses05F_script01_1_M018;neu;I'm going to ask her to marry me.;hap
Ses05F_script01_1_M019;fru;You know that's not just my business.;neu
Ses05F_script01_1_M020;fru;So it's all right.  I can go ahead with it then?;neu
Ses05F_script01_1_F021;fru;I ignore what I got to ignore.  The girl is Larry's girl.;neu
Ses05F_script01_1_F023;fru;Now Chris you can go on from there, but I don't know what to do.  I mean do you know what to do, because I don't.;neu
Ses05F_script01_1_M024;fru;I don't know why it is.  But every time I reach out for something I want, I have to pull back because other people will suffer.  My whole bloody life, time after time, after time.;ang
Ses05F_script01_1_F024;neu;Well you're a considerate fellow, there's nothing wrong with that.;neu
Ses05F_script01_1_M025;ang;To hell with that!;ang
Ses05F_script01_1_F025;neu;Have you asked Annie yet to marry you?;neu
Ses05F_script01_1_F026;neu;Well how did you know that she will go along with it, I mean maybe she feels the same way as your father?;neu
Ses05F_script01_1_F027;neu;The trouble is you don't see enough women, you never have;neu
Ses05F_script01_1_M028;fru;So what, I'm not fast with women.;neu
Ses05F_script01_1_F028;neu;Well I just don't see why it has to be Annie.;sur
Ses05F_script01_1_M029;fru;Because it is.;neu
Ses05F_script01_1_M030;fru;I can't help it.  I know her best.  I was brought up next door to here, the easiest, when I think of somebody for my wife, I think of Annie.  Do you want a diagram?;sur
Ses05F_script01_1_F030;fru;No, I don't want a diagram, but, Chris, your father thinks Larry's coming back.;neu
Ses05F_script01_1_F031;sad;You marry his girl, and you're pronouncing him dead.  Now what's going to happen to your father, do you know?  I don't.;ang
Ses05F_script01_1_M031;fru;All right, then, Mom.;neu
Ses05F_script01_1_M032;fru;I've given it three years of thought.  And hope by now that he wouldn't.  Can you forget about Larry an-- and we can have a regular wedding and have everybody be happy.  But that can't happen here, I'm set to get out.;neu
Ses05F_script01_1_F033;ang;What the hell is this?;ang
Ses05F_script01_1_M033;fru;I'll get out. I'll get married and live some place else.  Maybe, maybe New York?;neu
Ses05F_script01_1_F034;ang;Are you crazy?;ang
Ses05F_script01_1_F035;fru;Wait a minute.  Tell me this.  Do you mean to say that you would leave the business?;neu
Ses05F_script01_1_M035;ang;The business?  The business?  It doesn't inspire me?;sur
Ses05F_script01_1_F037;fru;Don't- you, you can't think like that!  Don't think like that!;ang
Ses05F_script01_1_F038;ang;All right!  But don't think like that, because I mean, what the hell did we do all this for, Chris?  The whole business it's all for you!  The whole shooting match is for you!;ang
Ses05F_script01_1_F040;fru;I don't understand you, do I?;sur
Ses05F_script01_2_M000;neu;Why does that bother you?;ang
Ses05F_script01_2_F001;neu;She's been in New York three and a half years.  Why all of the sudden?;sur
Ses05F_script01_2_M001;neu;Well maybe.  Maybe she just wanted to see her again.;neu
Ses05F_script01_2_M002;neu;What did you mean? He lived next door to the girl all of his life, why wouldn't he want to see her again? Don't look at me like that, he didn't tell me any more than he told you.;ang
Ses05F_script01_2_M003;fru;How do you know he is even thinking about it?;sur
Ses05F_script01_2_M004;fru;Well, so what.;neu
Ses05F_script01_2_F005;fru;What's going on here, Joe?;sur
Ses05F_script01_2_M005;fru;Now, listen, Kate, just-;ang
Ses05F_script01_2_F006;ang;She's not his girl.  She knows she's not.;neu
Ses05F_script01_2_F007;fru;She's . . . Then why is she still single.  New York is full of men, why isn't she married?  Probably a hundred people told her she's foolish, but she's waited.;sur
Ses05F_script01_2_M007;fru;How do you know why she's waited?;sur
Ses05F_script01_2_F008;fru;Because she knows what I know - she's faithful as a rock and my worst moments I think of her waiting and I know again that I'm right.;dis
Ses05F_script01_2_M008;fru;Look.  It's a nice day.  Why are we arguing?;hap
Ses05F_script01_2_F009;fru;Nobody in her- this house dares shake her faith.  Strangers might, but not his father, and not his brother.;fea
Ses05F_script01_2_M009;fru;What do you want me to do? What do you want--;ang
Ses05F_script01_2_F010;ang;I want you to pretend like he's coming back!;ang
Ses05F_script01_2_M010;fru;But, Kate...;neu
Ses05F_script01_2_F011;ang;Because if he's not coming back, then I'll kill myself.;fea
Ses05F_script01_2_M011;fru;[LAUGHTER];neu
Ses05F_script01_2_F012;ang;Laugh.  Laugh at me, but what happens the night that she goes to sleep in his bed, and his memorial breaks in pieces?;neu
Ses05F_script01_2_M012;fru;Calm yourself.;neu
Ses05F_script01_2_M013;fru;Calm yourself!;ang
Ses05F_script01_2_F014;ang;Only last week, another boy turned up in Detroit, been missing longer than Larry, you read it yourself.;neu
Ses05F_script01_2_M014;fru;All right, all right.  Calm yourself.;neu
Ses05F_script01_2_F016;sad;You've got to believe. You've got to--;sur
Ses05F_script01_2_M016;ang;What do you mean me above all?  Look at you.  You're shaking!;fea
Ses05F_script01_2_F017;ang;I can't help it!;ang
Ses05F_script01_2_M017;ang;What have I got to hide?  What the hell is the matter with you, Kate?;ang
Ses05F_script01_3_F000;hap;You're the only one I know who loves his parents.;neu
Ses05F_script01_3_M000;hap;I know.  It's going out of style isn't it?;neu
Ses05F_script01_3_F001;hap;No, it's good.;hap
Ses05F_script01_3_F002;hap;It's so lovely here.  The air is sweet.;hap
Ses05F_script01_3_F003;hap;No.  But I'm not going to stay.;sad
Ses05F_script01_3_M002;sur;Why?;sur
Ses05F_script01_3_M004;neu;What?;sur
Ses05F_script01_3_F006;sad;Well sort of embarrassed soon as I came.;dis
Ses05F_script01_3_M005;hap;Well the plan was to kind of sneak up on you over a period of a week or so.  But uh- they take it for granted that we're all set.;neu
Ses05F_script01_3_M006;neu;How did you know?;sur
Ses05F_script01_3_F008;neu;Well, from her point of view why else would I come?;neu
Ses05F_script01_3_F009;hap;I guess this is why I came.;neu
Ses05F_script01_3_M008;hap;Anne, I love you.  I love you a great deal.  I love you!;hap
Ses05F_script01_3_M009;exc;I- I -I have no imagination, that's all I know what to say, I-I'm embarrassing you. I I didn't want to tell you here.  I wanted it to be some place different, some place where we could be new to each other you know.;sur
Ses05F_script01_3_M010;exc;You feel it's wrong here, don't you- this yard, this chair?  I want you to be ready for me Annie.  I don't want to win you away from anything.;sad
Ses05F_script01_3_M016;exc;Oh God- I kissed Annie! I can't believe I kissed Annie!  How long I've wanted to do this.;sur
Ses05F_script01_3_F015;hap;I'll never forgive you.  Why did you wait so long?  All this time I've been wondering if I was a fool for thinking of you!;sur
Ses05F_script01_3_M017;exc;Oh Annie, we're going to live now.  I'm going to make you so happy.;hap
Ses05F_script01_3_F016;hap;Not like that, you're not.;neu
Ses05F_script01_3_F017;hap;Like Larry's brother.  Do it like you, Chris.  Chris, what's the matter?;neu
Ses05F_script01_3_M021;sad;Yeah, I suppose I have been.  But it's going from me.;neu
Ses05F_script01_3_F020;sad;It wouldn't work like this.;neu
Ses05F_script01_3_M023;sad;It's- It's mixed up with so many other things, I-;neu
Ses05F_script01_3_M024;sad;Remember when I was overseas?  I was in command of the company.;sur
Ses05F_script01_3_F021;neu;yeah sure.;neu
Ses05F_script01_3_M025;sad;Yeah.  I lost them.;sad
Ses05F_script01_3_F022;sad;how many?;sur
Ses05F_script01_3_M026;sad;just about all.;neu
Ses05F_script01_3_F023;sad;Oh gee.;sur
Ses05F_script01_3_M027;sad;Takes a little time to toss something like that off you know because they weren't just men-;neu
Ses05F_script01_3_M028;sad;for instance, there's this one time.  It had been raining for several days.  And this kid came up to me and gave me his last pair of dry socks. you know, He just put them in my pocket.;neu
Ses05F_script01_3_M029;sad;I know that- that's not a big thing, but it's just the kind of guys I had. They didn't die. They- They killed themselves for each other.;dis
Ses05F_script01_3_M030;sad;I mean that exactly that-a little more selfish and they would have still been here today.;ang
Ses05F_script01_3_M031;sad;And I got an ideal, watching them all go down.  Everything was being destroyed see and-;ang
Ses05F_script01_3_M032;sad;but it seemed to me that something new was being created at the same time, a kind of responsibility, man for man.  Do you understand me?;sur
Ses05F_script01_3_M033;sad;And to show that-to-to bring that back onto the earth again like a- like a monument.  And everyone would have it standing behind them and- and it would make a difference for them.;neu
Ses05F_script01_3_M034;sad;And then I went home and it was incredible.  It had no meaning here.;sur
Ses05F_script01_3_M035;sad;It was all like some kind of bus accident to them.  I went back to work with my dad, in that whole rat race again.;fea
Ses05F_script01_3_M036;sad;And I felt what you said- ashamed somehow-because nobody had changed at all.  It seemed to make suckers out of a whole lot of guys. and;dis
Ses05F_script01_3_M037;sad;"It felt wrong to be alive-to open that bank-book; to buy that new car; to look at that new refrigerator.  I mean, you can take those things out of the war, but if you drive that car, you have to know that that comes from the love that a man has for a man.  And you've got to be a little bit better than that!";dis
Ses05F_script01_3_F024;neu;Do you still feel like that?;neu
Ses05F_script01_3_M039;exc;I I want you now, Annie.;neu
Ses05F_script01_3_F025;sad;Because you can't feel like that anymore Chris, you hear me?  I mean everything that you have, you deserve.  And that includes me.  And your father?  Your father put hundreds of planes in the air, you should be proud.  A man should be paid for that.;ang
Ses05F_script01_3_M040;hap;Oh Annie.  Annie, I am going to make you a fortune!;hap
Ses05F_script01_3_F026;hap;What would I do with a fortune?;ang
Ses05F_script02_1_M000;exc;What time is it?  Isn't it supposed to start running around midnight?  This is great, isn't it?  Look at this great night we got here.  Couldn't be better--;sur
Ses05F_script02_1_M001;exc;actually I was hoping to go a little bit further up the coast to get away from the lights and the people but I was afraid I will miss it.  How are you doing?;fea
Ses05F_script02_1_F000;neu;Fine.;ang
Ses05F_script02_1_M002;exc;Is that--no, no no is that foam?  I can't even tell, although if I- if I can't tell, it probably isn't it?  Right It'll probably be unmistakable, but don't you think?  How you doing?;sur
Ses05F_script02_1_M003;exc;Oh no, you know what I did.  I forgot my flashlight.  How could I be so stupid?  I can't believe I forgot my flashlight.;sur
Ses05F_script02_1_F001;neu;What flashlight?;sur
Ses05F_script02_1_M004;fru;The flashlight, the silver one, there's only one, isn't there?;sur
Ses05F_script02_1_F002;fru;It's not your flashlight.;neu
Ses05F_script02_1_M005;fru;Whose is it?;sur
Ses05F_script02_1_M006;fru;Well, Sure.;neu
Ses05F_script02_1_F004;fru;I mean you keep saying ,my flashlight, as if it's somehow just yours.  How's that suppose to make me feel?;neu
Ses05F_script02_1_M007;fru;No, Of course, you are right.  Our flashlight.  Me flashlight is you flashlight naturally.  How can we not think to bring it?;sur
Ses05F_script02_1_F005;neu;yes.;neu
Ses05F_script02_1_M009;exc;Are you cold?  You want my jacket?  We should have bought a blanket.  Our blanket-.  This is great, isn't it?;sur
Ses05F_script02_1_M010;exc;I didn't even think to bring a six-pack.  A six-pack would be just the thing right about now. I can't believe I forgot.  And look at kid, I am surprise I make it out of the house about flies it.;sur
Ses05F_script02_1_M011;exc;[LAUGHTER] I wonder if they can hear me talk or if they can feel the vibration in the sand when we are moving around;sur
Ses05F_script02_1_M012;exc;you want my jacket?;sur
Ses05F_script02_1_F007;neu;It's after eleven, let's go home.;neu
Ses05F_script02_1_F008;fru;There is no point in coming out here.;neu
Ses05F_script02_1_M014;exc;Right.;neu
Ses05F_script02_1_F010;fru;So let's go.;neu
Ses05F_script02_1_F011;neu;Not particularly.;neu
Ses05F_script02_1_M017;fru;Why not?;neu
Ses05F_script02_1_F012;neu;I just don't.;neu
Ses05F_script02_1_M018;exc;Honey, this is a natural phenomenon. I mean,  It happens like once a year.  It's a great opportunity.;hap
Ses05F_script02_1_M019;exc;Think about people in Kansas, they have to get a- a plane reservation and a hotel reservation just to see this uh- but we are just forty minutes away.  Too good to pass up.;sur
Ses05F_script02_1_F013;fru;Pass up what?  Its little fish, one month on the beach and they flop around and they swim away and then they die.;sur
Ses05F_script02_1_M020;exc;Yeah but that moment on the beach is the highlight of their little lives, all that flopping around is laying eggs or what you- mating or spawning or something like that.;neu
Ses05F_script02_1_M021;exc;This is a big night for these guys.  Life's last orgy. Yeah;hap
Ses05F_script02_1_F014;fru;What are you so excited about?  I mean it's not--it's not rocket science we are talking about, its fish.  Its fish nobody even eats.;sur
Ses05F_script02_1_M023;exc;Okay, but they are fish that do something that no other fish do.  Like the swallows returning to Capistrano, or the lemmings jumping off a cliff you know like that.;neu
Ses05F_script02_1_M024;exc;There's There's mystery here and magic.  A little bit of the unexplainable.  I can't understand how you could not be interested.;sur
Ses05F_script02_1_F015;neu;I am just not.;neu
Ses05F_script02_1_M025;sur;For real?;sur
Ses05F_script02_1_F016;neu;Yes.;neu
Ses05F_script02_1_F017;fru;Last year you also remember, our shoes got wet and I got sand in my panties and we got into a big fight.  You had a sore throat and we did not see the grunions.;dis
Ses05F_script02_1_M027;fru;We weren't in a good spot.;sad
Ses05F_script02_1_F018;fru;We didn't see them the first time either.;sur
Ses05F_script02_1_M029;exc;Look there, what's that?  Is it?  Is that a--Ah, it's a seaweed isn't it?;sur
Ses05F_script02_1_M030;exc;Oh, this is great.  I wouldn't miss this for the world.  I mean think about this. I know you are not interested but think about this for a second.;hap
Ses05F_script02_1_M031;exc;Somewhere out there, is a giant mass of silver fish all swimming in this direction.  They don't know why and we don't know why. They didn't get an invitation.  And it wasn't a vote- it wasn't a decision.  And nobody sent them a map or anything like that.;sur
Ses05F_script02_1_M032;exc;It's just some little instinctual time-release firecracker that went off inside them and all this one they turn around and form a line as long as the California coast and just started swimming.;neu
Ses05F_script02_1_M033;exc;They are swimming right now as if it's the only thing that matters.  It's- It's single mindedness with no mind, urgency that's pure urge. It's- They don't know what drives them.  They- They don't give any name or ask any question. They just turn as one and started to swim to the very point we are standing right now for a massive celebration of sex and death.  God, it's giving me goose bumps all over my hairs on my arm. popping up.;neu
Ses05F_script02_1_M034;exc;Well, So what do you think?;neu
Ses05F_script02_2_M000;exc;Well, so?  What do you think?;sur
Ses05F_script02_2_M001;fru;What I was just saying.;neu
Ses05F_script02_2_M002;neu;It certainly is not. It's slightly exaggerated scientific fact.;neu
Ses05F_script02_2_M003;neu;I am not the only one, look at all these people.;dis
Ses05F_script02_2_F004;fru;I am sorry.  It's just fish to me.;sad
Ses05F_script02_2_M005;neu;Carla, can I ask you a question?  Now don't be upset, are you having a period?;ang
Ses05F_script02_2_F005;ang;God damn it, Augie.  Why do you always ask things like that?  It's so insulting.;dis
Ses05F_script02_2_M006;fru;What's bugging you?;sur
Ses05F_script02_2_F006;fru;I just had a different idea of what this evening is going to look like.;neu
Ses05F_script02_2_M007;fru;There's nothing to it.  We come down here.  The grunion arrives and they do their little fish thing.  And we say, Oh, wow.  Look at the little fish.  They go home, we go home.;sur
Ses05F_script02_2_F007;fru;For heaven's sake Augie, grow up we are not going to see the grunions.;neu
Ses05F_script02_2_M008;fru;Why not?;neu
Ses05F_script02_2_F008;fru;We never do.  Have we ever?  We never have.;neu
Ses05F_script02_2_M009;fru;We miss them twice, it's not ever.;sad
Ses05F_script02_2_F009;fru;Twice is every time we tried, that's ever.;neu
Ses05F_script02_2_M010;neu;Well We will see them this year.;neu
Ses05F_script02_2_F010;fru;No, we won't.  Augie it's like waiting for Santa Claus to come.  I feel like I am going to spend my entire life standing on the beach with my eyes wide open and my hands clasp expectantly in front of me waiting for the fish to show up and the fish will not show up.;fea
Ses05F_script02_2_M011;fru;I thought you wanted to see it.;neu
Ses05F_script02_2_F011;fru;I did, I do want to see it.  I always want to see it, Augie.;neu
Ses05F_script02_2_M012;fru;It's just fish, it's nothing to get traumatize over.;neu
Ses05F_script02_2_F012;fru;For heaven's sake, this is not about fish.;neu
Ses05F_script02_2_M013;fru;Okay, I been trying to work this backwards but I can't seem to pinpoint a moment when we took a turn for the worst here.;dis
Ses05F_script02_2_F013;sad;Augie, do you remember the first time we came to see it?  It was about four years ago right after we got married and we thought I was pregnant.;sur
Ses05F_script02_2_F014;sad;We had a bottle of champagne but no glasses and you ask me to dance so we took off our shoes and while we were dancing, you said the most intimate things right in my ears so I could feel them as much as hear them.;neu
Ses05F_script02_2_F015;hap;And I remember thinking, Finally, finally.  I am as happy as I am supposed to be.;hap
Ses05F_script02_2_M016;neu;Wait a minute, I got it.;neu
Ses05F_script02_2_F016;sad;Dancing barefoot in the sand, drinking champagne from the bottle.;fea
Ses05F_script02_2_F017;sad;I rather not remember some things.  I rather not hope for some things.;neu
Ses05F_script02_2_M018;exc;Okay, all right I got it.  You wanted it to be like the other time, okay no problem. Listen, You want to dance?;ang
Ses05F_script02_2_F018;sad;No.;neu
Ses05F_script02_2_M019;exc;You want me to go get some champagne?;ang
Ses05F_script02_2_F019;sad;No.;neu
Ses05F_script02_2_M020;exc;Take off our shoes?;sur
Ses05F_script02_2_F020;fru;No.;neu
Ses05F_script02_2_M022;fru;You want to get married again?;sur
Ses05F_script02_2_M023;fru;What? What You want a divorce?;sur
Ses05F_script02_2_F023;fru;No no.;neu
Ses05F_script02_2_M024;fru;A vacation? A new carpet, a poodle?  A bag of ice cream, a suicide pack, what what Carla?  What the hell do you want?;sur
Ses05F_script02_2_F024;fru;I want something to turn out the way it is suppose to turn out.;neu
Ses05F_script02_2_M025;ang;What.  Welcome to the human race.;neu
Ses05F_script02_2_M027;fru;No, no I was just like you, I thought it will be all peaches and roses and- and sand in our toes and wind in our hair and the fish will always come. And the bills will always magically pay themselves and we will have three fat rosy kids and we will be, HAHA baby the joke is on us.;hap
Ses05F_script02_2_F025;sad;This what?  What is this?  This isn't even anything.;sur
Ses05F_script02_2_F026;sad;Sure, this is standing.  This is waiting.  This is fighting.;neu
Ses05F_script02_2_F027;sad;But this isn't anything like I thought it would be.;neu
Ses05F_script02_2_M031;sad;No, I know me either.;neu
Ses05F_script02_2_F028;sad;I mean it is just this , I mean it includes a lot and everything and you know it's the sand and it's the full moon and I just-I am sorry but I couldn't help wishing I was somewhere else.;sad
Ses05F_script02_2_M032;sad;Maybe if you are with somebody else too?;neu
Ses05F_script02_2_F029;sad;I didn't say that.;neu
Ses05F_script02_2_M033;sad;No, I know, but.  I know I don't make you happy.;sad
Ses05F_script02_2_F030;sad;For heaven's sake Augie, wherever I am I always wanted to be with you.;hap
Ses05F_script02_2_F032;sad;Whatever I am doing, I wanted to be with you.  I mean you are probably the one who wishes you were with somebody else, somebody who didn't take everything so hard and who knows how to enjoy herself.;neu
Ses05F_script02_2_M035;hap;Actually, now that you mention it.  No, I don't.;neu
Ses05F_script02_2_F033;hap;Good.  So maybe we are on the wrong spot but we are with the right person.;neu
Ses05F_script02_2_M036;hap;I don't know.  Seems like a pretty good spot to me I mean look at the view of the moon you got from here.;sur
Ses05F_script02_2_F034;hap;Yes, I did notice that.  It does look really beautiful on the water.  The gold white moon.;neu
Ses05F_script02_2_M037;hap;Well, look what we have got here.;dis
Ses05F_script02_2_F037;hap;No, I am beginning to think that maybe this is the spot after all.;neu
Ses05F_script02_2_M040;hap;Shh, If we're very quiet, the fish might come.;fea
Ses05F_script02_2_M041;hap;Or not.;neu
Ses05F_script03_1_M000;exc;Good God.;sur
Ses05F_script03_1_M001;exc;I wonder.;sur
Ses05F_script03_1_M005;exc;Hello?  Hello?  What?  Wrong number.;sur
Ses05F_script03_1_F005;exc;Oh, it sent shivers up my spine.;fea
Ses05F_script03_1_M006;fea;Oh, what shall we do if they suddenly walk in on us?;sur
Ses05F_script03_1_F006;exc;Behave exquisitely.;neu
Ses05F_script03_1_M007;exc;With the most perfect poise.;neu
Ses05F_script03_1_F007;exc;Yes, I shall probably do a Court Curtsey.;neu
Ses05F_script03_1_F010;neu;The whole business is really rather ridiculous.;dis
Ses05F_script03_1_F011;neu;Meaning exactly that.;neu
Ses05F_script03_1_M011;exc;What does it all mean?  That's what I asked myself in my ceaseless quest for ultimate truth.  Dear God, what does it all mean?;sur
Ses05F_script03_1_F013;neu;Who's they?;sur
Ses05F_script03_1_M013;exc;All the futile mortals who try to make life unbearable.  Laugh at them.  Be flippant.  Laugh at everything, all their sacred shibboleths.  Flippancy brings out the acid in their damned sweetness and light.;hap
Ses05F_script03_1_M014;exc;Certainly you must.  We're figures of fun alright [LAUGHTER].;hap
Ses05F_script03_1_F015;neu;Well, what if-what happens when our love-;fea
Ses05F_script03_1_M015;exc;Who knows?;neu
Ses05F_script03_1_M016;exc;No, that fire will fade along with our passion.;neu
Ses05F_script03_1_M017;exc;It all depends on how well we played.;neu
Ses05F_script03_1_F019;neu;Well, what if one of us dies, does the other laugh then?;neu
Ses05F_script03_1_M018;exc;Yes, yes, with all his might.;neu
Ses05F_script03_1_M019;exc;No, no it isn't.  Death is very laughable.  Come such a cunning little mystery all done with mirrors.;neu
Ses05F_script03_1_M020;exc;no, So is everyone else in the long run.  Let's be superficial and pity the poor philosophers.  Let's blow trumpets and squeakers and --;sad
Ses05F_script03_1_M021;exc;enjoy the party as long as we can like very little quite idiotic schoolchildren. [garbage] Let's savor the delight of the moment.;hap
Ses05F_script03_1_M022;exc;Darling, come here and kiss me before your body rots and worms pop in and out of your eye sockets.;dis
Ses05F_script03_1_M024;exc;Do you remember that awful scene we had in Venice?;fea
Ses05F_script03_1_M025;exc;The one where you bought that little painted wooden snake and put it on my bed.;neu
Ses05F_script03_1_F025;exc;Charles.  That was his name.  He did wriggle so beautifully.;neu
Ses05F_script03_1_M026;exc;Horrible thing, I hate it.;dis
Ses05F_script03_1_M027;exc;How long did that row last?;neu
Ses05F_script03_1_M028;exc;The worst one was in Cannes when your curling irons burnt a hole in my new dressing gown.;dis
Ses05F_script03_1_M029;exc;Oh, that was quite a rouser, wasn't it?;dis
Ses05F_script03_1_M030;neu;Oh, I didn't hit you very hard.;neu
Ses05F_script03_1_F030;exc;And then the manager came in and found us rolling around on the floor biting and scratching like panthers.;dis
Ses05F_script03_1_M031;exc;[LAUGHTER] I shall never forget his face.;neu
Ses05F_script03_1_F031;hap;Oh, ridiculous. utterly ridiculous;dis
Ses05F_script03_1_M032;exc;Oh, we were very much younger then.;neu
Ses05F_script03_1_M033;exc;Oh, As a matter of fact, the real cause of that row was Peter Burden.;neu
Ses05F_script03_1_F033;neu;You knew there was nothing.;sur
Ses05F_script03_2_F000;neu;You knew there was nothing in that.;sur
Ses05F_script03_2_F001;neu;Only a trivial little broach.;neu
Ses05F_script03_2_F003;neu;You worked the whole thing up in your jealous imagination.;neu
Ses05F_script03_2_M004;ang;You must admit that he was in love with you, wasn't he?;neu
Ses05F_script03_2_F004;neu;maybe just a little, but--;neu
Ses05F_script03_2_M005;ang;You let him kiss you.  You said you did.;neu
Ses05F_script03_2_F005;neu;And what of it?;sur
Ses05F_script03_2_M006;fru;What of it?;sur
Ses05F_script03_2_F006;neu;Well, I- he got a lot of pleasure out of it and it didn't hurt me.;hap
Ses05F_script03_2_M008;ang;Well, that's a nice point of view I must say.;hap
Ses05F_script03_2_F008;fru;I'm growing quite tired and bored of this conversation.;sad
Ses05F_script03_2_M009;neu;So am I, bored stiff.  Would you like some brandy?;sad
Ses05F_script03_2_M010;neu;I'll have a little I think.;neu
Ses05F_script03_2_F010;neu;I don't see why you want any.  You've already had three glasses.;sur
Ses05F_script03_2_F011;neu;Well, it seems silly to go on and on in such a thing.;dis
Ses05F_script03_2_F012;neu;It's becoming a habit with you.;dis
Ses05F_script03_2_M013;ang;You needn't be so grand simply because you don't happen to want any at the moment.;neu
Ses05F_script03_2_M014;ang;Really, Amanda.;sur
Ses05F_script03_2_F014;neu;Just making myself fascinating for you.;neu
Ses05F_script03_2_M016;ang;Oh, that reply has broken my heart.;sad
Ses05F_script03_2_M018;fru;Oh, yes it is.;neu
Ses05F_script03_2_M019;ang;It's a pity you didn't take a little more brandy.  It might have made you a little less disagreeable.;neu
Ses05F_script03_2_F018;ang;Um, It doesn't seem to have worked such wonders with you.;neu
Ses05F_script03_2_F019;ang;adder don't snap, they sting.;ang
Ses05F_script03_2_F020;ang;They sting.;ang
Ses05F_script03_2_M022;ang;They snap.;ang
Ses05F_script03_2_F021;ang;I don't care if they bark and roll around like hoops, okay.;ang
Ses05F_script03_2_M023;fru;[BREATHING];dis
Ses05F_script03_2_M024;ang;Did you see much of Peter Burden after the divorce?;neu
Ses05F_script03_2_F022;neu;Yes, I did quite a bit.;neu
Ses05F_script03_2_M025;ang;I suppose you let him kiss you a good deal more then.;neu
Ses05F_script03_2_F023;ang;Mind your own business.;neu
Ses05F_script03_2_M026;ang;You must have a riotous time, no restraint at all, very enjoyable.  I mean, you never had much anyway.;hap
Ses05F_script03_2_F024;ang;Oh dear, you really are becoming quite insufferable.  I would imagine it's because you're drunk.;ang
Ses05F_script03_2_F026;fru;Oh, You are so insufferable.  Do you stop.;ang
Ses05F_script03_2_M030;fru;Oh, This is very interesting.  We- we might get a splendid debate going about this intemperate tots.;hap
Ses05F_script03_2_F027;ang;Not very funny, dear, you better have some more brandy.;sur
Ses05F_script03_2_F028;fru;Ugh.;dis
Ses05F_script03_2_M032;fru;You better turn that off I think.;neu
Ses05F_script03_2_F029;ang;Why?;sur
Ses05F_script03_2_F030;ang;"There aren't any people upstairs; it's a photographer's studio.";neu
Ses05F_script03_2_F031;ang;They're away in Tunis.;neu
Ses05F_script03_2_F032;ang;Turn it on again.;neu
Ses05F_script03_2_F033;ang;Fine, if you insist on being completely insolent.;ang
Ses05F_script03_2_M037;ang;Turn it off.  It is driving me mad.;fea
Ses05F_script03_2_F034;ang;Well, do try to control yourself darling.;neu
Ses05F_script03_2_M038;ang;Turn it off.;neu
Ses05F_script03_2_F035;ang;You really do need to develop uh a clearer head.;neu
Ses05F_script03_2_M039;ang;Turn it off.;neu
Ses05F_script03_2_F036;ang;I- I hate you.;ang
Ses05F_script03_2_M040;ang;Amanda-- Listen- Listen-;neu
Ses05F_script03_2_F037;ang;I hate you.;ang
Ses05F_script03_2_F038;ang;No, no.  I'm tired of listening to you.  You're boorish and idiotic and completely overbearing.;dis
Ses05F_script03_2_M041;ang;Very music- amusing indeed.;hap
Ses05F_script03_2_F039;ang;Yeah, very amusing.  Let me go.  I'm getting out of here.  I can't believe I intended to marry you.;hap
Ses05F_script03_2_M042;ang;You are a vile tempered, loose living, wicked little beast, and I never want to set eyes on you again.;dis
Ses05F_script03_2_F040;ang;Oh, marry you again?  I must have been insane.  What was I thinking?  I mean, you're completely outrageous.;sur
Ses05F_script03_2_M043;ang;Shut up, shut up.  I wouldn't marry you again if you came crawling to me on bended knee. You're a mean, evil-minded little vampire and I hope to God I never set eyes on you again.;ang
Ses05F_script03_2_F041;ang;"Beast; brute; cad; whore";dis
Ses05M_impro01_F000;neu;Can I help you?;fea
Ses05M_impro01_F001;neu;Oh, this- this form that you have is the wrong form.  You need to go over to the other line on the other side of the D.M.V..;neu
Ses05M_impro01_F002;neu;Right, but this is the wrong form.  Somebody gave you the wrong form.;neu
Ses05M_impro01_F003;neu;Yeah.  So, I can't -- I can't do anything-;fea
Ses05M_impro01_F004;neu;No, but this is for um- replacements and you need a new -- whole new license as a California --;neu
Ses05M_impro01_M004;fru;What's the difference?  What's the difference between that form and this form?;sur
Ses05M_impro01_F005;fru;Sir, don't get an attitude with me.;ang
Ses05M_impro01_M005;ang;I'm not getting a -- well, you wait in this line and not get an attitude.;neu
Ses05M_impro01_F006;neu;No, I understand and there are a lot of people here.  But what I'm telling you is that it's different for different states and since your getting a new license in the state of California -- You have to fill out a different form than you did.;neu
Ses05M_impro01_M008;fru;Well then, when I showed them my I.D. before and I said I had to get a new I.D, why didn't they tell me to fill out the right form?;sur
Ses05M_impro01_F007;fru;I don't know.  I don't know who told you.  It wasn't me.;sur
Ses05M_impro01_M009;fru;Well, it was this girl standing right next to you.  Can we ask her why she didn't let me fill out the right form?;neu
Ses05M_impro01_F008;fru;You- You can ask her if you want, but she's busy and she probably won't answer you.;sad
Ses05M_impro01_F009;neu;I know.;neu
Ses05M_impro01_F010;fru;Sir, you- I mean;neu
Ses05M_impro01_M011;fru;Do you know how long it's gonna take me to start all over and fill out the new form?;neu
Ses05M_impro01_F011;fru;You can waist as much as you want;neu
Ses05M_impro01_F012;neu;Yeah.  I know it's gonna take a minute.  But you-- so you might as well get started now.;neu
Ses05M_impro01_M012;fru;Might as well get started now? but Just take this one.;neu
Ses05M_impro01_F013;fru;I can't take this one, sir. this is the wrong form.;dis
Ses05M_impro01_M013;fru;Why can't we just -- you know what?  How about if we just pretend that I'm getting a -- renewing my California I.D. and we just don't tell anybody -- That I'm getting a new one from a different state?;neu
Ses05M_impro01_F014;fru;Sir, please don't waste my time.;fea
Ses05M_impro01_F015;fru;There is nothing I can do about it.  You need to take this other form and fill it out and go stand in the other line.;neu
Ses05M_impro01_M014;fru;Come on!  You know -- you can't just take -- make a little exception to the rule?  I know that you guys make exceptions.  I see -- you know, if I was-if I was your friend and you knew me, or something like that, you'd probably make a little exception for me wouldn't you?;ang
Ses05M_impro01_F016;fru;They're different forms, we process them all different-;neu
Ses05M_impro01_M015;ang;Wouldn't you? Oh, come on.  you just tell me.  You would make an exception for me.;ang
Ses05M_impro01_F017;fru;I -- there's no way I'd make an exception.;neu
Ses05M_impro01_F018;fru;Sir, don't patronize me.  I can't make an exception.  I don't- I don't have the power to do that.  It's a different form.;fea
Ses05M_impro01_M016;fru;Shh...I know you've got the power to do that.;dis
Ses05M_impro01_F019;fru;They're processed differently.;neu
Ses05M_impro01_M017;fru;That's crap- You're crap.  I don't buy it.;dis
Ses05M_impro01_F020;fru;Sir, you're gonna have to go stand in the other line.;dis
Ses05M_impro01_M018;fru;I'm not leaving this line until I get my new I.D.  That's as simple as it is.  I'm not leaving this line until I get my new I.D.;neu
Ses05M_impro01_F021;ang;I'm gonna- I'm gonna bring security over and have them escort you out.;fea
Ses05M_impro01_M019;fru;Well, then you're just gonna look stupid because I'm just waiting for an I.D. and you're gonna make security take me out because I want my I.D.;ang
Ses05M_impro01_M020;fru;That's just dumb.;dis
Ses05M_impro01_F022;fru;But you filled out the wrong form and you're in the wrong line and you're wasting both of our times.;ang
Ses05M_impro01_M021;fru;I filled out the wrong form because they made me fill out the wrong form!;ang
Ses05M_impro01_F023;ang;Well, that's unfortunate, sir.  You're gonna have to go stand in the other line now.;sad
Ses05M_impro01_M022;fru;This is crap.  You know, I don't even know why I'm in this state.  Screw California.  I'm out of here.;ang
Ses05M_impro02_M000;sad;Sweetheart, I've got to tell you something.  I just got a call.  I'm going to Iraq.;neu
Ses05M_impro02_F001;sur;What?;sur
Ses05M_impro02_M001;sad;I know it's really crappy timing, but I don't have a choice.;dis
Ses05M_impro02_F002;fea;What?  No, you can't!;sur
Ses05M_impro02_F003;fea;You didn't- Did you tell them you have two young children at home?;sur
Ses05M_impro02_M007;sad;I don't have a choice.  I have to go.  If I don't go, they'll come and take me.;fea
Ses05M_impro02_F006;fru;No, we have- There's got to be something you can do.  You can't go.;neu
Ses05M_impro02_M008;fru;I've tried everything.  I've called everyone I know.  I've tried everything. No one can do anything for me or they won't do anything for me.;neu
Ses05M_impro02_F008;sur;What?;sur
Ses05M_impro02_M010;sad;I know.;neu
Ses05M_impro02_M011;sad;I don't want to -- the kids.  You've got to take care of them.  You've got- you've got to-;neu
Ses05M_impro02_M012;sad;tell them about me and show them pictures of me and everything like that, because they are not going to see me for such a long time.  And it's such an important time and I just don't want to miss it.;sad
Ses05M_impro02_F009;fru;There's got to be something we can do.  You can't just go.;neu
Ses05M_impro02_M013;sad;I don't have -- I know.  What are we gonna- What are we- just run away?  What can I do?  Where can we go?;fea
Ses05M_impro02_F010;fru;Why don't we do that- Can we- Can we just leave the country?;sur
Ses05M_impro02_F012;neu;What would be the worst that would happen if they found you somewhere else?;dis
Ses05M_impro02_M017;fru;They'd put me in jail and then how long- when will I get to see the kids?  What, ten years?  I don't know.;neu
Ses05M_impro02_F013;sad;Well, they're so young.;neu
Ses05M_impro02_M018;sad;I know.  But I'll-I'll send the pictures all the time and I'll write them emails and you can read them the emails that I send them.;neu
Ses05M_impro02_M019;sad;I'm gonna be in Bagdad, just doing security.;neu
Ses05M_impro02_F015;fea;Are you gonna be like in tanks running around?  What- I mean, what does that mean?;sur
Ses05M_impro02_F016;fea;Oh, my God.;sur
Ses05M_impro02_M021;sad;I just want to be honest with you.  I don't want you to .;sad
Ses05M_impro02_M022;sad;but, it's gonna be fine.  I'm gonna be fine.  You know I'm good at this.  I can do this.  That's why I trained all this time.  I'm good at this.  Okay?;neu
Ses05M_impro02_F017;fea;But so many people have died.;sad
Ses05M_impro02_M023;sad;"I know.  I know.  I know.  But, you know what?  That doesn't mean it's gonna be me; does it?";fea
Ses05M_impro02_M024;sad;No.  It doesn't.  And you can't think like that.;neu
Ses05M_impro02_F019;fea;I mean, I-I know that you're a good soldier, but not everybody else is. and what if;fea
Ses05M_impro02_M025;sad;"I don't want you to -- I know.  I know. You can't worry about me.  You've got to worry about the kids.  And you've got to take care of the kids for me.  Okay?  Take care of the kids for me; all right?";fea
Ses05M_impro02_F020;sad;It's just so much.;neu
Ses05M_impro02_M027;sad;I'll miss you, baby.;sad
Ses05M_impro02_F021;sad;[GARBAGE] You have to write me everyday.;neu
Ses05M_impro02_M028;sad;All- I'll write you everyday, all the time.  And I'll send you pictures and you send me pictures. I know We've got email out there.  We've got email and I can see stuff and you can send me stuff all the time.  Okay?;neu
Ses05M_impro02_M029;sad;yeah yeah yeah.;neu
Ses05M_impro02_M030;exc;You you record every second.  You record every second because I want to see it all.  Okay?;neu
Ses05M_impro02_F023;sad;okay.;sur
Ses05M_impro02_F024;sad;[GARBAGE];neu
Ses05M_impro03_M000;exc;Guess what?;ang
Ses05M_impro03_F000;neu;what?;sur
Ses05M_impro03_M001;exc;I did it, I asked her to marry me.;ang
Ses05M_impro03_F001;sur;What? you did?;sur
Ses05M_impro03_M002;exc;Yes, I did it.;neu
Ses05M_impro03_F002;exc;When?;sur
Ses05M_impro03_M003;exc;Oh my god, it was just last weekend.;sur
Ses05M_impro03_F003;exc;Oh, what, how- where how did you do it?;sur
Ses05M_impro03_M004;hap;She--,well, she said yes, first of all, let me say that right off the bat. Well, I would like to assume, too.  But you never know these things, right?;neu
Ses05M_impro03_F004;exc;Okay good. I I assumed.;neu
Ses05M_impro03_F005;hap;oh-;sur
Ses05M_impro03_M006;hap;I did it up at Yosemite.  We went camping right like we usually do.  You know we go camping up there all the time.  But, um- the waterfalls had died down a little bit, you know. And so uh- we-I had her climb up.;neu
Ses05M_impro03_M007;hap;You know- we did some- you know some rock climbing up the waterfalls and went up to this little pool that was up there.  And then, I- it's great. Um- You have to climb this little rock-;neu
Ses05M_impro03_F006;neu;uh-huh;neu
Ses05M_impro03_M008;hap;and you can climb it and it's covered in algae you know. So, I wanted her to climb it to go take a picture, like, back in this little waterfall area, and she got back there and she took her picture. And then, I had her come back.  And I was going to do the same thing.;neu
Ses05M_impro03_M009;hap;Well, instead I climb up on the rock and like I- I didn't do it -- well, I did it on purpose. I made it look like I accidentally did it.  I slipped down into this pool of water, right?  And she freaks out because I slide all the way down this rock.  And um-;fea
Ses05M_impro03_M010;hap;And I pop up out of the water -- and I had planned it already, you know? I pop up out of the water and I [BREATHING] and I like, grab her hand, you know.  and that In my hand, I've got the ring.;fea
Ses05M_impro03_M011;hap;And she's like- she feels it you know and she doesn't know what it is.  And she you know helps me get out and I won't let go of her hand.  And she's like, what are you doing?  I and said, You saved my life, now will you marry me?;ang
Ses05M_impro03_F007;exc;Oh, my God.  That's so dramatic.;sur
Ses05M_impro03_M012;hap;Wasn't that great? I didn't want it to be too hokey.but- but- She liked it.She liked it.;hap
Ses05M_impro03_F008;hap;so cute.;hap
Ses05M_impro03_F009;hap;No, it's totally original, though.;neu
Ses05M_impro03_F010;hap;oh.;neu
Ses05M_impro03_M013;hap;Yeah.  And she said yes.  And she cried, of course.;sad
Ses05M_impro03_F011;hap;Oh, Then you had a whole weekend of camping?;sur
Ses05M_impro03_M014;hap;Yes.  We did that in the beginning, exactly.  So we had, so we just had, you know, good times the rest of the weekend, yeah.;neu
Ses05M_impro03_F012;hap;Oh, right. sure [LAUGHTER];neu
Ses05M_impro03_M015;hap;It was a lot of fun- It was a lot of fun.  She's great.  And I'm so happy.;hap
Ses05M_impro03_F013;hap;So where are you going to have your wedding?;neu
Ses05M_impro03_M016;hap;We're going to do it back in the Midwest where her family all is.  They're all out there. you know so, Um  And so, just gonna have a small, small wedding. But, um- you know, of course, you're going to come, right?;neu
Ses05M_impro03_F014;exc;Yeah. of course.;neu
Ses05M_impro03_F015;exc;Okay Okay.;neu
Ses05M_impro03_M018;hap;Um- And she wants you to be in it, too.  She loves you so much. She thinks you're the sweetest.  Of course, you are.  You're You're my best friend so-;hap
Ses05M_impro03_F016;hap;Where is she right now?;neu
Ses05M_impro03_M019;neu;oh, She's back at work. yeah.;neu
Ses05M_impro03_F017;hap;Yeah,I'll hang out with the both of you.;hap
Ses05M_impro03_M020;exc;Of course.  We'll go out to dinner later this week.;neu
Ses05M_impro03_F018;exc;yes.;neu
Ses05M_impro03_M021;exc;It will be perfect.;neu
Ses05M_impro03_F019;exc;Oh I'm so excited for you.;hap
Ses05M_impro03_F020;hap;oh.;neu
Ses05M_impro03_M023;hap;She's the one.;neu
Ses05M_impro03_F021;hap;Oh, my gosh.  You told your parents already? and everything;sur
Ses05M_impro03_M024;hap;Of course.  I told them right away.  We called them all right them.;neu
Ses05M_impro03_F022;hap;Are they so excited?;sur
Ses05M_impro03_M025;hap;Oh, yeah.  My mom's freaking out. Oh yeah, She's so happy. this is you know  It's her dream come true.  She always wanted her little boy -- she wants kids, you know.;hap
Ses05M_impro03_M026;hap;She wants grandkids. So we'll be working on that right away.;neu
Ses05M_impro03_F023;exc;Are you guys gonna have kids?;sur
Ses05M_impro03_M027;hap;Of course, we're gonna have kids, like three at least.;neu
Ses05M_impro03_M028;hap;She wants like eight- She wants like eight kids and I'm like, no, no, no, no, no.  I am like what Let's do maybe three and we'll go with that.;neu
Ses05M_impro03_F026;neu;Are you going to start right away?;fea
Ses05M_impro03_M029;exc;Well, we're going to take a little bit of time, you know, we need to get acclimated and you know start our lives, make money, you know be comfortable.;neu
Ses05M_impro03_F027;neu;Yeah, have you ever like lived with someone else before?;neu
Ses05M_impro03_M030;hap;Oh, yeah, yeah, yeah, yeah I mean, actually we lived together awhile back when we -- Yeah, back in college for a little while. yeah.;neu
Ses05M_impro03_M031;hap;But that- so we are really used to each other. We took the time apart and now we're going to get back together.  We're going to move in soon.;neu
Ses05M_impro03_F030;neu;Oooh;sur
Ses05M_impro03_M032;hap;it's great. I'm a lucky man.;hap
Ses05M_impro03_F031;hap;That's incredible yeah ,Congratulations.;hap
Ses05M_impro03_M033;hap;Thank you.;neu
Ses05M_impro04_M000;fru;Uh, God.  I don't know what to do anymore.  Like I said --;sur
Ses05M_impro04_M001;fru;"I don't know.  There's nothing for me out there.  I can't get a job.  I haven't gotten a job in a year, three years.  What is it, three years now; right? That I haven't been able to have a job.";sad
Ses05M_impro04_F001;neu;Really? It's been that long?;sur
Ses05M_impro04_M002;fru;Something like that.  I can't even remember anymore. I don't know what to do anymore.  I just get out there everyday -- well, not everyday, almost everyday.;sur
Ses05M_impro04_F002;neu;Wow.;sur
Ses05M_impro04_M003;fru;And try to do something. I mean-;ang
Ses05M_impro04_F003;neu;What have you been trying?;sur
Ses05M_impro04_M004;fru;Well, everything.  I'll do temping, you know, office work.  You know, whatever to pay the bills.  You know, I'll do anything.;neu
Ses05M_impro04_M005;fru;But, I mean, I don't want to keep those jobs.  I don't want those jobs.It's not what I want to do.;sad
Ses05M_impro04_F004;neu;Right.;neu
Ses05M_impro04_M006;fru;But, I don't know.  God, what am I going to do?  Should I go back to school?  I can't- I can't afford to go back to school.;sad
Ses05M_impro04_M007;fru;What do you do?;sur
Ses05M_impro04_F005;neu;Well, I mean, right now I'm just doing a little bit of everything.  And I don't- I don't think that I'm in like a profession, like career oriented place.;neu
Ses05M_impro04_M008;neu;You plan on being there forever? I mean, Like, what do you --;neu
Ses05M_impro04_F006;neu;No.  I'm just working in restaurants and stuff. But, I'm also trying to audition and what not.  So, it's --;neu
Ses05M_impro04_M009;neu;yeah.;neu
Ses05M_impro04_M010;neu;right.;neu
Ses05M_impro04_M011;fru;Yeah, yeah.  Well, hello.  That's what I'm doing too.  But I can't get the restaurant job.  I can't get -- -- the restaurant gig.  No one will give me anything.;sad
Ses05M_impro04_F007;neu;Really?;sur
Ses05M_impro04_M012;fru;I go in for these interviews, and they're all cool and everything, you know.  Their nice and I'm nice to them, you know, give and take, back and forth, and whatever.;neu
Ses05M_impro04_M013;fru;But they always go with somebody else.;neu
Ses05M_impro04_F008;neu;L.A. is really hard.  I mean, have you tried like just going into a bar a couple of times to make friends with people who work there? and;neu
Ses05M_impro04_M014;fru;Yeah, absolutely.  Hello?  You know me.  I go to bars all the time.  Like, they all know me, you know.  But no one wants to hire me.;neu
Ses05M_impro04_M015;fru;but Maybe they don't want to hire me because they know me. I don't know, what's wrong with me, Is there something wrong with me?;neu
Ses05M_impro04_F009;neu;I was just going to say that's your issue. Maybe you are going in too much. No, I mean, just;neu
Ses05M_impro04_F010;neu;are you going into the bars every night?;sur
Ses05M_impro04_M016;fru;I mean, You can tell me what.  Why is no one hiring me?  Is it me?  Be honest.  You can tell me. you know I can take it.  I can take it, you just tell me. Why?;ang
Ses05M_impro04_F011;neu;Well, I don't really know.  I don't I don't know you in like a job situation, so.;sur
Ses05M_impro04_M017;fru;Yeah, but I'm -- okay, well how about personality wise?  I mean, people who know me won't hire me.  Why?;ang
Ses05M_impro04_F012;neu;Wow.  I don't -- I mean, do you- do you have an attitude problem when you're on the job?;sur
Ses05M_impro04_F013;neu;Maybe [garbage].;dis
Ses05M_impro04_F014;neu;Right.  Maybe you have, like, you know a little bit of an abrasive vibe or something.;neu
Ses05M_impro04_M019;ang;An abrasive vibe?;dis
Ses05M_impro04_F015;neu;I don't know.  I'm I'm just trying --;sur
Ses05M_impro04_M020;ang;Let me know that's -- that's fine.  You think I have an abrasive vibe, whatever.  You're entitled to your opinion, of course.  Maybe that's why I don't have a job.;neu
Ses05M_impro04_F016;neu;Are you getting defensive?;ang
Ses05M_impro04_F017;neu;Yeah.  That might be something you want to look at.  I mean --;neu
Ses05M_impro04_M022;fru;I'm not like this all the time.  I mean, I don't -- I'm just frustrated right now, all right.  I just want to do --;ang
Ses05M_impro04_F018;neu;Okay.;neu
Ses05M_impro04_M023;fru;I want to make some money.  I need to make some money.  I've got to pay some bills, I owe people money.  I owe lots of people money.  I need to make some money.;sad
Ses05M_impro04_F019;neu;I understand.;neu
Ses05M_impro04_F020;neu;Yeah, it's stressful.  I recognize that.;sad
Ses05M_impro04_M024;fru;Do you have any idea how I can make money?  I mean, what can I do to make some quick money, something?  Anything, that's relatively within the you know law.;neu
Ses05M_impro04_F021;neu;ah.;neu
Ses05M_impro04_F022;neu;Not- Not selling pot, right?;neu
Ses05M_impro04_M025;fru;Right, probably not selling pot. I don't want to go to jail.;neu
Ses05M_impro04_F023;neu;Okay so.;neu
Ses05M_impro04_F024;neu;Fair enough.;neu
Ses05M_impro04_M026;fru;Because that would just really be a topper for me.;neu
Ses05M_impro04_M027;fru;Thank you.  Ha ha.;hap
Ses05M_impro04_F026;neu;Sorry.  So, let's see.  What else?  What's available? What? Um.  Hmm.;sur
Ses05M_impro04_M028;fru;See what I mean?  You can't even think of anything.;dis
Ses05M_impro04_F027;neu;Well, not off the top of head.  It will just take you know take a minute.  But do you have any, like, special skills?;neu
Ses05M_impro04_M029;fru;I can juggle.;neu
Ses05M_impro04_F028;neu;Well, maybe we can find you something with juggling.;neu
Ses05M_impro04_M030;fru;I've tried.;neu
Ses05M_impro04_F029;neu;Have you checked out Craig's List and stuff?;neu
Ses05M_impro04_M031;fru;Yes!  Nobody wants a juggler.  I am not going to -- I'm not going to dress up like a clown. I'm not going to dress up like a freaking clown. No.;fea
Ses05M_impro04_F030;neu;What if you do kids parties? oh, come on.;ang
Ses05M_impro04_M032;fru;No, it's demeaning.  I am not a clown.  I have talent.  Clowns don't have talent.;dis
Ses05M_impro04_F031;neu;Okay.  All right.;neu
Ses05M_impro04_M033;fru;It's that simple.;neu
Ses05M_impro04_F032;neu;Okay.  Well, fine. we won't- I won't argue with you about that.;neu
Ses05M_impro04_M034;fru;yeah.;neu
Ses05M_impro04_F033;fru;What else?  I can't -- uh.  I'm drawing a blank here.;sur
Ses05M_impro04_M035;fru;You and me both.;neu
Ses05M_impro04_F034;neu;That's rough.  I'm really sorry, Ryan.;sad
Ses05M_impro04_F035;neu;Well, um, is that kinda like the side of you that you let people see when you go into these job interviews?;neu
Ses05M_impro04_M037;fru;No, I just showed that for you [garbage].;dis
Ses05M_impro04_F036;neu;Okay.  Well, that's good.  Yeah, I mean, you're you're- when you're happy you're a pretty personable guy.  And I don't --I don't;hap
Ses05M_impro04_M038;fru;I like to think so.;hap
Ses05M_impro04_F037;neu;I can't see where the issue would be. so;sur
Ses05M_impro04_M039;fru;see.;neu
Ses05M_impro04_M040;ang;Yeah, well thanks for your help.;neu
Ses05M_impro04_M041;sad;I'll need it.;neu
Ses05M_impro05_M000;neu;Hi. Um-  My luggage didn't come out of the conveyor thingy.;sad
Ses05M_impro05_F000;neu;Hmm. Hmm.;neu
Ses05M_impro05_M001;neu;So, um, what do I do?;fea
Ses05M_impro05_F001;neu;How long ago was that?;neu
Ses05M_impro05_M002;neu;Uh- Like, an hour and a half ago.  I talked to somebody who was standing out there and they said wait.  Sometimes like random butt- pieces come out late.;neu
Ses05M_impro05_F002;neu;Uh-Hmm.;neu
Ses05M_impro05_M003;neu;And so I waited there, but nothing came.;sad
Ses05M_impro05_F003;neu;Um, okay.  Well, you can fly- file a claim.  Where were you coming from?;neu
Ses05M_impro05_M004;neu;I was coming from um the Midwest, like Iowa.;neu
Ses05M_impro05_F004;neu;So, within the country, though? umm;neu
Ses05M_impro05_M005;neu;Yeah, I know I was in the country.  I mean, it's not that complicated.;neu
Ses05M_impro05_F005;neu;Yeah, well the chances of it being lost forever, you know, are slight because -- -- you were in the --;neu
Ses05M_impro05_M006;neu;Well, I would hope so.;neu
Ses05M_impro05_F006;neu;Well, I mean, you know that happens pretty often that sometimes baggage -- -- gets lost.;neu
Ses05M_impro05_M007;neu;People lose --;neu
Ses05M_impro05_M008;sur;forever?;neu
Ses05M_impro05_F007;neu;yeah.;neu
Ses05M_impro05_M009;neu;You know, this is actually, I mean it's -- it's a really important piece of luggage.;neu
Ses05M_impro05_F008;neu;Okay.;neu
Ses05M_impro05_M010;neu;I mean, it's not big or anything like that.  I mean, it's not worth a lot of money or anything.;neu
Ses05M_impro05_F009;neu;Did you have insurance on your flight?;neu
Ses05M_impro05_F010;neu;No, you have to buy it now.  It's like thirty dollar extra.;neu
Ses05M_impro05_M012;fru;Well, no one even told me about that.  Like, why would I think to buy insurance?  I was- It's like a three hour flight.;sur
Ses05M_impro05_F011;neu;well, it's something that worth;hap
Ses05M_impro05_F012;neu;yeah, I don't know.;sur
Ses05M_impro05_M013;fru;How can you lose my luggage like from like, in --;neu
Ses05M_impro05_F013;neu;Chances are it's probably just you know -- taking time being um- unloaded from the airplane.;neu
Ses05M_impro05_M015;fru;I should hope so.  You know, I need that today.;neu
Ses05M_impro05_F014;neu;Um, well, there's not much I can do.  I can, you can file this report and we'll call you when it comes in.;neu
Ses05M_impro05_M016;fru;Let me explain to you what the problem is.  My grandfather's remains are in that bag.  And I have to, like, distribute them today.  We're suppose to, you know, throw them out to the sea today.;neu
Ses05M_impro05_F015;neu;wow.;sur
Ses05M_impro05_F016;neu;Wow.  Well, that's really important, obviously.  But, um --;sur
Ses05M_impro05_M017;fru;Yeah.  I mean, if you have a suggestion, like, it would be great to help me out here.;hap
Ses05M_impro05_F017;neu;Uh- Actually, I don't know that that's legal. Um- it is the issue;neu
Ses05M_impro05_M018;fru;Well, I don't care if it's legal.  It's happened.  It's already done.;dis
Ses05M_impro05_F018;neu;Yeah I mean, Your bag might have been confiscated because it's --;neu
Ses05M_impro05_M019;fru;Well, could you tell me if it's been confiscated then.;neu
Ses05M_impro05_F019;neu;-- it's a biohazard. so- um;dis
Ses05M_impro05_M020;fru;I mean, some information here would be great.  Some help.  Can you, like, type something in and find out?;neu
Ses05M_impro05_F020;neu;Yeah.  Let me just call security.;neu
Ses05M_impro05_M021;fru;That would be great.  Thank you very much.;hap
Ses05M_impro05_F021;neu;[LAUGHTER] Okay.  Hold on.;neu
Ses05M_impro05_M022;neu;Thank you;neu
Ses05M_impro06_M000;sad;I just got some bad news.;dis
Ses05M_impro06_M001;sad;My friend, Shotty, passed away.;sad
Ses05M_impro06_F002;sad;Oh, I'm so sorry;sad
Ses05M_impro06_M002;sad;The end, he's been sick for awhile.  He had cancer.;sad
Ses05M_impro06_F003;sad;Oh, my gosh.;sur
Ses05M_impro06_M003;sad;Yeah.  It's just, I never thought it would actually happen, you know? I mean- He's such a fighter and he's always so positive about everything.;sur
Ses05M_impro06_M004;sad;You know, he was gonna, and we -- all the way up to the end we were just talking about how- you know all the stuff we were gonna do and, you know.  When he finally kicked this stupid cancer, you know, and we were gonna --;ang
Ses05M_impro06_M005;sad;he wanted to travel, you know.  And he's so talented.  Probably the most talented person I have ever met in my entire life.;hap
Ses05M_impro06_F004;sad;What did he do?;sur
Ses05M_impro06_M006;sad;He was a designer, you know.  But he did everything. You know, He painted and he- and he did costume design, he did set design, he did lighting, he was --;neu
Ses05M_impro06_M007;sad;he just did everything.  He was literally, literally the most talented guy I have ever met in my entire life.;sur
Ses05M_impro06_M008;sad;And he's gone now and I  -- I just can't believe it.;sur
Ses05M_impro06_F005;sad;Yeah.  I'm so sorry.;sad
Ses05M_impro06_M009;sad;I mean, one second you think, you know, you're just having a conversation and then --;neu
Ses05M_impro06_M010;sad;you know, sometimes you think you want to make that phone call, or you think you want to tell somebody something, or something like that.  Do you know what I mean?  Like that's -- he was the person that I did that with.  You know, like, that's the person who I needed to call to tell things to all the time.;neu
Ses05M_impro06_F006;sad;You guys have been-;neu
Ses05M_impro06_M011;sad;And now I don't have that person anymore, you know.  And it's -- -- it's just, you.;neu
Ses05M_impro06_M012;sad;You think that things get easier, you know, as you as you get older and you -;neu
Ses05M_impro06_M013;sad;"and it just gets worse.  It just gets worse, everything is bad all the time; people die, your friends die, family dies, your best friends die. it's-";dis
Ses05M_impro06_F007;sad;I'm sorry. I-;sad
Ses05M_impro06_M014;sad;You always think, you know when you were- you know when you were a little kid and you think something is gonna happen, like, it will all be better when I am older, you know?;neu
Ses05M_impro06_F008;sad;Wow, Ryan I know that you are hurting right now but I don't think you always feel like that.;sur
Ses05M_impro06_M017;sad;No, you're right.  I don't.  You're right.;neu
Ses05M_impro06_M018;sad;Even, yeah -- he doesn't he would never feel that way, he would never want me to feel that way.  Of course not, but that's just where I am right now and -- -- I don't know what else to do with it.;dis
Ses05M_impro06_F009;sad;Yeah. I understand.  I think it's really healthy to grieve.;sad
Ses05M_impro06_M019;sad;I just miss him.;sad
Ses05M_impro06_F010;sad;If there's anything I can do to be there for you.;neu
Ses05M_impro06_M020;sad;Thanks.;neu
Ses05M_impro07_M000;exc;Guess what?;ang
Ses05M_impro07_F000;exc;What?;sur
Ses05M_impro07_M001;exc;I got it.  I got accepted to U.S.C..;hap
Ses05M_impro07_F001;exc;Oh, for real?;sur
Ses05M_impro07_M002;exc;Yes! I just found out today.  I just got the letter.;sur
Ses05M_impro07_F003;exc;oh,I'm so glad.;hap
Ses05M_impro07_M003;exc;I know. I know.  I'm so excited.;hap
Ses05M_impro07_F004;hap;What are you gonna study?;ang
Ses05M_impro07_M004;exc;oh, Theater. yeah, yeah.;neu
Ses05M_impro07_F005;hap;Really? Are you doing the M.F.A. program?;sur
Ses05M_impro07_M005;exc;yes.;neu
Ses05M_impro07_M006;exc;oh-;sur
Ses05M_impro07_F007;hap;I heard it's so tough to get into.;fea
Ses05M_impro07_M007;exc;It's exactly what I wanted.;neu
Ses05M_impro07_F008;hap;That's awesome.;hap
Ses05M_impro07_M009;hap;I worked really hard, I'll say, I worked really hard. You know, I I'm not bragging or anything like that. But-;neu
Ses05M_impro07_F009;exc;Yeah, that's awesome.;hap
Ses05M_impro07_F010;neu;No.;neu
Ses05M_impro07_F011;exc;Uh huh.  Yes, seriously, for years.;sur
Ses05M_impro07_M011;exc;Finally.  I'm so excited.  We're gonna -- well, I'll be here.  We're still gonna be able to see each other.;hap
Ses05M_impro07_F012;exc;I know.  I know.  I'm- I'm definitely -- I realize [LAUGHTER].;sur
Ses05M_impro07_M013;exc;What are you, wait, what are you doing?;neu
Ses05M_impro07_F013;hap;Um- I'm gonna be studying at U.S.C., too.;hap
Ses05M_impro07_M014;exc;Perfect!  Oh, my God.  Are you staying, are you going to live on campus?;sur
Ses05M_impro07_F015;exc;Yeah.  Totally- Well where are you going to live?;sur
Ses05M_impro07_M016;exc;We are gonna have a great time.;hap
Ses05M_impro07_M017;exc;[garbage] I'm going to live on campus.  I mean, well, around campus, anyway.  Yeah, housing around campus.;dis
Ses05M_impro07_F016;neu;Oh yeah.;neu
Ses05M_impro07_F017;neu;Good tradeoff;neu
Ses05M_impro07_M018;exc;I just want to be really close to things, you know.  I know it's not exactly the best neighborhood in the entire world. But uh-;neu
Ses05M_impro07_F018;neu;I don't- I don't think it's that bad.;dis
Ses05M_impro07_M019;exc;I don't- you know ,I feel the same way, you know what I mean.  And everybody says a lot of other crap you know, they don't know what they are talking about anyway.;dis
Ses05M_impro07_F019;neu;yeah.;neu
Ses05M_impro07_M020;exc;They don't live here.  They don't know, right?;dis
Ses05M_impro07_F020;neu;Yeah. I think it's really also if you- if you consider yourself like, us and them, kind of thing- If you think you're part of your community then --you going to like it more;hap
Ses05M_impro07_M021;exc;yeah.;neu
Ses05M_impro07_M022;exc;Exactly.  You make it what you make it. You know? Right? And I'm gonna make it so freaking awesome.;neu
Ses05M_impro07_F021;exc;Right, Exactly.;neu
Ses05M_impro07_F022;exc;Oh I'm so glad.;hap
Ses05M_impro07_M023;exc;yeah.;neu
Ses05M_impro07_F023;hap;So when do you know, like, where you're gonna live? and-;neu
Ses05M_impro07_M024;exc;Well, I don't know.  I've got to go look for a place.;neu
Ses05M_impro07_F024;neu;Oh, wow.;sur
Ses05M_impro07_M025;exc;Yeah, yeah.  I- I don't- I don't know.  Do you have any suggestions?;neu
Ses05M_impro07_F025;neu;Um-;neu
Ses05M_impro07_M026;exc;You know the area better than I do.;neu
Ses05M_impro07_F026;neu;Yeah.  I mean, I know, I know, like the- the housing surrounding the campus pretty well.;neu
Ses05M_impro07_F027;neu;Um- How many people do you want to live with?;neu
Ses05M_impro07_M028;exc;Not a lot.  I mean, I wouldn't want to live with more than three other people.  So, like four of us total, right?;neu
Ses05M_impro07_F028;neu;All dudes?;sur
Ses05M_impro07_M029;exc;I don't care. I don't care.;ang
Ses05M_impro07_F029;neu;Um- I think I have some friends.;neu
Ses05M_impro07_M030;exc;yeah?;sur
Ses05M_impro07_F030;neu;yeah.;neu
Ses05M_impro07_M031;exc;That would be perfect.;neu
Ses05M_impro07_F031;hap;There's actually, a friend of mine is um- moving out of her place and her place is amazing-- And it's really cheap.;sur
Ses05M_impro07_M032;exc;Really?;sur
Ses05M_impro07_M033;exc;Really?;sur
Ses05M_impro07_F032;neu;yeah.;neu
Ses05M_impro07_M034;exc;Cheap is exactly what I need- Because I have no money at all.;neu
Ses05M_impro07_F033;neu;Okay.;neu
Ses05M_impro07_M035;exc;But, uh--;neu
Ses05M_impro07_M036;exc;Loans, scholarships, I've got a lot of scholarships-- Yeah, yeah. I'm- I'm half Native American so I get all those scholarships, too. yeah.;neu
Ses05M_impro07_F035;hap;You've got a lot- oh, awesome.;hap
Ses05M_impro07_F036;hap;Oh cool.;hap
Ses05M_impro07_M037;exc;So it comes Indian like. And you know I'm kind of smart, so.;neu
Ses05M_impro07_F037;exc;Yeah.;neu
Ses05M_impro07_F038;neu;totally.;neu
Ses05M_impro07_F039;hap;good for you.;hap
Ses05M_impro07_M039;hap;And yeah, well, I mean, basically I just applied for any and every possible scholarship and grant that could come by, so I can go.;neu
Ses05M_impro07_F040;neu;the way to do it.;neu
Ses05M_impro07_M040;exc;Yeah, yeah, yeah.  And it's gonna work out.  I'm gonna be able to pay for it, I'm gonna go, I mean, I'll have a little debt in the end.  But I don't care.;neu
Ses05M_impro07_F041;exc;Wow, are you so excited?;sur
Ses05M_impro07_M041;exc;It's just you know a dream come true.  How could you not be excited about a dream come true?;sur
Ses05M_impro07_F042;exc;You're gonna be so busy, too. You're going to have to work so hard.;sad
Ses05M_impro07_M042;exc;Oh I know, I know.;dis
Ses05M_impro07_M043;exc;But I'm so looking forward to being so busy. You know what I mean?  It's the kind of busy you've got to love, right?;neu
Ses05M_impro07_M044;exc;Because you're doing something you love.  That's the kind of busy you want.  I want to be able to do that for the rest of my life.  Be that kind of busy.;hap
Ses05M_impro07_F044;exc;All right.  Wow.  So exciting.;sur
Ses05M_impro07_M045;exc;I had to tell you right away.  I knew you'd be excited.;hap
Ses05M_impro07_M046;hap;We'll have fun.;hap
Ses05M_impro07_F045;hap;Yeah.  We'll have so much fun.;hap
Ses05M_impro07_M047;exc;Great.  Okay.;hap
Ses05M_impro08_M000;neu;D.S.L. Extreme, can I help you?;neu
Ses05M_impro08_F000;fru;Hi, I need- I need some help.  I've been transferred to, like, eight different departments and I've told my problem to every single department, and then they just send me to another one and say they are going to send all my information so I won't have to repeat it, and then that person doesn't know what's going on.  And I've restated my story about eight different times and I just want somebody to help me get my connection back, because this happens every two weeks.  And I want to know what to do to stop it from happening again.;neu
Ses05M_impro08_M001;neu;This happens every two weeks?;neu
Ses05M_impro08_F001;fru;Yeah.  That my service just goes out.;neu
Ses05M_impro08_M002;neu;You've lost your connection.;sad
Ses05M_impro08_F002;fru;yeah.;neu
Ses05M_impro08_M003;neu;okay.;sur
Ses05M_impro08_F003;fru;And I'll reset the IP address.  I will do like, you know, direct connect the modem to my computer, and then reset everything, and then put the router back in. And-;neu
Ses05M_impro08_M004;neu;Hmm.  Mmm.;neu
Ses05M_impro08_F004;fru;Is not, It it It will work again for like a week and then it goes out again.;neu
Ses05M_impro08_M005;neu;Has somebody tried to pin your site?;neu
Ses05M_impro08_F005;neu;Uh, yeah.  We've pinned it a couple of times.;neu
Ses05M_impro08_M006;neu;Okay. Um-  Well, I don't know.  And it consistently happens every two weeks?;neu
Ses05M_impro08_F006;neu;Pretty much, yeah - I don't know if it's, like, bad phone lines or something.;neu
Ses05M_impro08_M007;neu;Well, you know what, does your D.S.L. cable -- you have D.S.L., right?;neu
Ses05M_impro08_F007;neu;Hmm. Mmm.;neu
Ses05M_impro08_M008;neu;Okay.  Does your D.S.L. cable, you know, travel a long distance by any chance? - Does it go through any windows?  I mean, is it --;neu
Ses05M_impro08_F008;neu;yeah.;neu
Ses05M_impro08_F009;neu;It goes- It goes, like, through doorways.  But it goes a long distance.;neu
Ses05M_impro08_M009;neu;Okay.  Is it being- Is it being compressed between anything by any chance?  Because sometimes your connection can be you know, disrupted by, you know, the cable being squished.;fea
Ses05M_impro08_M010;neu;Yeah. That can be- That can create a bad connection.  And it won't always be a bad connection, but it will be bad off and on.;dis
Ses05M_impro08_F011;neu;Well, I- I can check that.  Is there anything else we can do, too?  Like, I'll go through and check the line throughout the house, but --;neu
Ses05M_impro08_M011;neu;Yeah, well, absolutely.  What we can -- let's just go ahead and just do a basic diagnostic of your system first off, okay.  Can you go down to your start button?;neu
Ses05M_impro08_F012;neu;Uh huh.;neu
Ses05M_impro08_M012;neu;Okay, And uh- go ahead and click on run.;neu
Ses05M_impro08_F013;neu;All right.;neu
Ses05M_impro08_M013;neu;Okay.  We're gonna get your -- a little black box is going to come up.  Do you see that?;neu
Ses05M_impro08_F014;neu;Yeah, I see that.;neu
Ses05M_impro08_M014;neu;Okay Uh- You've got your C calling, go ahead and type in directory list.;neu
Ses05M_impro08_F015;neu;Okay.;neu
Ses05M_impro08_M015;neu;And hit enter.;neu
Ses05M_impro08_F016;neu;Okay.;neu
Ses05M_impro08_M016;neu;Okay?  Can you tell me what that says?;sur
Ses05M_impro08_F017;neu;Uh, it it's like a bunch of different letter and numbers and stuff.;neu
Ses05M_impro08_M017;neu;Okay Okay, And Um- letters and numbers and stuff.  Uh- Can you - Can you just type in IP address search? And hit enter.;neu
Ses05M_impro08_F018;neu;Uh huh, Okay.;neu
Ses05M_impro08_M018;neu;Okay?  Does it list your IP address there?;sur
Ses05M_impro08_F019;neu;Uh, yeah looks -- no, no.  It's set to zeros.;neu
Ses05M_impro08_M019;neu;It's set to zeros.  Okay, maybe that's our problem.  That could very well be our problem there.  Somehow you've lost your IP address.  I'm not sure why that would happen every week.  It could be a cycling issue, something like that.  But let's go ahead and type your IP address in again.;neu
Ses05M_impro08_M020;neu;Well, if it does happen again, let me give you my direct number and you can call me.  Actually, I'll give you my cell number. Um- It's --;neu
Ses05M_impro08_F021;sur;Wow.  That would be amazing.  Really?;sur
Ses05M_impro08_M021;neu;Of course.  we seriously- Yeah, I mean, obviously you've worked- you know -- I don't want to hassle you anymore.;ang
Ses05M_impro08_F022;hap;Oh, my God.  I can't even tell you how much of a relief that is.  I literally call and talk to five different people.  Like last week it went off and I spent an hour and a half on the phone with different people.  And I've been doing that like every, every other week for months now.;sur
Ses05M_impro08_M022;neu;I completely understand.;neu
Ses05M_impro08_F023;fru;It's so frustrating.;sad
Ses05M_impro08_M023;neu;Absolutely. And I just don't want that to happen to you anymore.;ang
Ses05M_impro08_M024;neu;Absolutely.  It's a new service we are offering.;neu
Ses05M_impro08_F025;hap;Yeah, accountability.  It's awesome.;hap
Ses05M_impro08_M025;neu;Uh huh Uh huh We want you to be happy.  You're our customer.  You're the most important thing. Okay?;hap
Ses05M_impro08_F026;hap;Wow.  You know I was thinking about changing internet providers, but but that- that really is enough to change my mind.;sur
Ses05M_impro08_M026;hap;Great.  Well, that makes me very happy.  That makes us all happy here at D.S.L. Extreme.  Is there anything else I can help you with?;hap
Ses05M_impro08_F027;hap;No.  I'm just gonna go have a fantastic day now.;hap
Ses05M_impro08_M027;neu;All right.  You have a wonderful day.  Call us anytime.;hap
Ses05M_impro08_F028;hap;Okay.  Thanks.;neu
Ses05M_impro08_M028;hap;All right.  Bye, bye.;neu
Ses05M_script01_1_F000;sad;What's he going to say?  Maybe we should tell him before he sees it.;neu
Ses05M_script01_1_F001;sad;When?  I was the first one up.  He was still in bed.  How could he have seen it?;sur
Ses05M_script01_1_F004;sad;Did you talk to him?;sur
Ses05M_script01_1_M004;sad;No.  I figured it was best to leave him alone.;neu
Ses05M_script01_1_F005;sad;He cried hard?;sur
Ses05M_script01_1_M009;fru;You know that Larry's not coming back and I know it.  So why do we go on letting him think that we believe with him?;neu
Ses05M_script01_1_F010;fru;What do you want to do, argue with him?;ang
Ses05M_script01_1_M010;fru;I don't want to argue with him.  But it's time he knows that nobody else thinks that Larry's alive anymore.;neu
Ses05M_script01_1_M011;ang;Why should he dream about him, walking around looking for him at night?  Do we contradict him?  Do we say straight out that we don't have any hope anymore, that we haven't had any hope for years now?;fea
Ses05M_script01_1_M012;fru;We have to say it to him.;neu
Ses05M_script01_1_F012;fru;how are you gonna prove it?  Can you prove it?;sur
Ses05M_script01_1_M013;ang;For Gods sake!  Three years!  Nobody comes back after three years.  That's insane!;sur
Ses05M_script01_1_F013;fru;To you it is and to me, but not to him.  Now you can talk yourself until you're blue in the face, Chris, but there's no body and there's no grave.  So where are you?;neu
Ses05M_script01_1_F014;ang;The trouble is the God damn newspapers.  I mean every every week a kid turns up, missing like longer than Larry.;sur
Ses05M_script01_1_M015;fru;All right.  All right, mom.  Just listen.  You know why I invited Annie her, don't you?;neu
Ses05M_script01_1_M016;neu;You know.;neu
Ses05M_script01_1_M017;neu;I'm going to ask her to marry me.;hap
Ses05M_script01_1_M018;fru;It's not just my business.;neu
Ses05M_script01_1_F018;ang;Well, what do you want me to do?  You're old enough to make- to know your own mind.;neu
Ses05M_script01_1_M019;fru;So it's okay then?  I should just go ahead and do it?;neu
Ses05M_script01_1_M020;ang;Oh, so it isn't just my business?;neu
Ses05M_script01_1_F020;fru;I'm just saying.;neu
Ses05M_script01_1_M021;ang;You infuriate me sometimes.  Do you know that?  God.;ang
Ses05M_script01_1_M022;ang;Isn't it your business, too, if dad -- if I tell dad and he throws a fit about it?  I mean, you have such a talent for ignoring things.;dis
Ses05M_script01_1_F021;ang;I ignore what I got to ignore.  I mean, the girl is Larry's girl.;neu
Ses05M_script01_1_M023;ang;She is not Larry's girl!;sur
Ses05M_script01_1_F022;ang;From your father's point of view he's not dead and she's still his girl.  Now, you can go on from there if you know where to go, Chris, but I don't know.  So what can I do for you?;neu
Ses05M_script01_1_M024;fru;"I don't know why it is but everytime I reach out for something I- that I want, I have to pull back because I might hurt somebody else.  My whole bloody life; time after time after time.";ang
Ses05M_script01_1_F023;neu;Well, you're a considerate fella, there's nothing wrong in that;neu
Ses05M_script01_1_M025;ang;To hell with that!;ang
Ses05M_script01_1_F024;neu;Have you asked Annie yet?;neu
Ses05M_script01_1_F025;neu;Well, what if she feels like your father?  And how do you know she will marry you?;fea
Ses05M_script01_1_F026;neu;Well, the trouble is you never saw enough women.;neu
Ses05M_script01_1_M028;ang;So what?  I'm not fast with women.;sur
Ses05M_script01_1_F027;fru;Well, I just don't see why it has to be Annie.;sur
Ses05M_script01_1_M029;fru;Because it is.;neu
Ses05M_script01_1_F028;fru;Well, that's a good reason.  But that doesn't mean anything at all.  I mean, you haven't seen her in five years.;neu
Ses05M_script01_1_M030;fru;I know her best, all right?  I don't know.  I grew up next to her.  When I think of somebody for my wife these days, I think of Annie.  What do you want, a diagram?;neu
Ses05M_script01_1_F029;fru;"No.  I don't want a -- look, your father thinks he's coming back, Chris.  You marry that girl and you're pronouncing him dead.  Now, what's going to happen to your father; do you know?  Because, I don't.";ang
Ses05M_script01_1_M032;ang;I've given it three years of thought.  I hoped that if I'd waited, dad would have forgotten about it by now.  And we could have like a normal wedding and everybody happy.;hap
Ses05M_script01_1_M033;ang;But if that can't happen, I'll just have to get out.;neu
Ses05M_script01_1_F031;sur;What the hell is this?;ang
Ses05M_script01_1_M034;ang;I'll get out.  I'll go get married and live someplace else.  I don't know, maybe New York.;neu
Ses05M_script01_1_F032;ang;Are you crazy?;ang
Ses05M_script01_1_M035;ang;I have been a good son for too long.  A good sucker.  I'm through with it.;sad
Ses05M_script01_1_M036;ang;Yes.  On this, I would.;neu
Ses05M_script01_1_M037;ang;Well, you help me stay here.;neu
Ses05M_script01_1_F035;ang;All right.  But don't think like that.  Because what the hell did we work for, Chris?  I mean, this whole thing, it's all for you.;ang
Ses05M_script01_1_M038;fru;I know that, mom.  Just, you help me stay here.;neu
Ses05M_script01_1_F036;ang;Just don't think that way.  Do you hear me?;ang
Ses05M_script01_1_F037;fru;I don't understand you, do I?;sur
Ses05M_script01_1_M040;fru;No, you don't.  I'm a pretty tough guy.;fea
Ses05M_script01_1_F038;fru;Yeah, I can see that.;neu
Ses05M_script01_1b_F000;sad;What's he going to say?  Maybe we ought to tell him before he sees it.;neu
Ses05M_script01_1b_F001;sur;What do you mean?  I was the first one up, he was still in bed.;sur
Ses05M_script01_1b_M001;sad;He was out here when it broke.;fea
Ses05M_script01_1b_M002;sad;About four this morning.  I heard it crack and I looked out the window and he was standing right there when it cracked.;sur
Ses05M_script01_1b_M003;sad;I don't know.  But after he saw it, he ran back into the house and started crying in the kitchen.;dis
Ses05M_script01_1b_M004;sad;No.  I figured it was best to leave him alone.;neu
Ses05M_script01_1b_M005;sad;Yes, yes he is.  I don't know the meaning in it.  But I know one thing, mom, we made a terrible mistake with Dad.;fea
Ses05M_script01_1b_M008;fru;I don't want to argue with him.  But it's time that he knows that nobody else believes that Larry's alive. I mean;neu
Ses05M_script01_1b_M009;fru;Why shouldn't he dream about him, walk the nights waiting for him?  Do we contradict him?  Do we say outright that we don't have any hope anymore?  That we haven't had any hope for a long time?;fea
Ses05M_script01_1b_M010;fru;For Gods sake, three years!  Nobody comes back after three years.  It's insane!;sur
Ses05M_script01_1b_F012;fru;The trouble is the God damn newspapers, I mean, ea- each week a new boy turns up out of nowhere.  So the next one is gonna be Larry.  So you--;dis
Ses05M_script01_1b_M012;fru;All right.  All right, just listen.;neu
Ses05M_script01_1b_M016;fru;You know it's not just my business.;neu
Ses05M_script01_1b_F016;fru;What do you want me to do?  I mean, You're old enough to know your own mind.;ang
Ses05M_script01_1b_M017;fru;So it's all right then?  I should just go ahead with it?;neu
Ses05M_script01_1b_M019;ang;Isn't it your business, too, if I tell dad and he throws a fit about it?  You have such a talent for ignoring things.;neu
Ses05M_script01_1b_F018;fru;I ignore what I got to ignore.  I mean, the girl is Larry's girl.;neu
Ses05M_script01_1b_M020;ang;She's not Larry's girl.;neu
Ses05M_script01_1b_M021;fru;I don't know why it is but every time I reach out for something that I want, I have to pull back because it might hurt somebody else, my whole bloody life, time after time, after time.;ang
Ses05M_script01_1b_M022;ang;what to hell with that!;ang
Ses05M_script01_1b_F022;neu;Have you asked Annie yet?;neu
Ses05M_script01_1b_F023;neu;Well, how do you know she'll marry you?  Maybe she feels like your father does.;neu
Ses05M_script01_1b_M025;fru;I'll find out and then we'll thrash it out with dad, all right?  Mom, don't avoid me.;neu
Ses05M_script01_1b_F024;neu;The trouble is you don't see enough women.  You never did.;sad
Ses05M_script01_1b_M026;fru;So what, I'm not fast with women?;neu
Ses05M_script01_1b_M027;fru;Because it is.;neu
Ses05M_script01_1b_F026;neu;Well, that's a good reason.  But it don't mean a thing. I mean, You haven't seen her since you went to war.  It's been five years.;neu
Ses05M_script01_1b_M028;fru;[garbage] I don't know.  It's just,;dis
Ses05M_script01_1b_M029;fru;she's who I know best. I know her since I- I was a kid I grew up with her.  When I think of somebody for my wife these days, I I think of Annie.  What do you want, a diagram?;neu
Ses05M_script01_1b_F027;fru;No I don't want a-  Your father thinks he's coming back, Chris.  If you marry that girl, you're pronouncing him dead.;ang
Ses05M_script01_1b_F028;sad;Now, what's going to happen to your father, do you know?  I don't.;ang
Ses05M_script01_1b_M030;fru;All right then, mom.;neu
Ses05M_script01_1b_M031;ang;I've given it three years of thought.  I had hoped if I waited, dad would've forgotten him by now and we could have a- a regular wedding and everybody happy.;hap
Ses05M_script01_1b_M032;ang;But if that can't happen then I'll just get out.;neu
Ses05M_script01_1b_F030;sur;What the hell is this?;ang
Ses05M_script01_1b_M033;ang;I'll get out.  I'll go get married someplace else, I- I'll live someplace else, maybe New York.;neu
Ses05M_script01_1b_F031;ang;Are you crazy?;ang
Ses05M_script01_1b_M035;ang;The business?  The business doesn't inspire me.;sad
Ses05M_script01_1b_F033;ang;Must you be inspired?;neu
Ses05M_script01_1b_M036;ang;Yeah, I'd like one hour a day.  If I have to grub for money all day long, I'd like to go home to something beautiful.  I'd like a family.  I'd like some kids.;hap
Ses05M_script01_1b_F034;ang;You don't want to think like that.;dis
Ses05M_script01_1b_F035;fru;All right.  But don't think like that because what the hell did we work for, Chris?  All of this, all of it, it's all just for you.;ang
Ses05M_script01_1b_M039;fru;I know that, mom.  Just you help me stay here.;neu
Ses05M_script01_1b_M040;ang;Well, I am thinking like that.;neu
Ses05M_script01_1b_F037;fru;I don't understand you, do I?;sur
Ses05M_script01_1b_M041;ang;No, you don't.  I'm a pretty tough guy.;fea
Ses05M_script01_2_M000;neu;Why does that bother you?;ang
Ses05M_script01_2_M001;neu;Well, maybe maybe he just wanted to see her again.;neu
Ses05M_script01_2_F002;neu;Nobody comes seven hundred miles just to see.;neu
Ses05M_script01_2_M002;fru;What are you talking about?  He grew up next to the girl his whole life, why wouldn't he want to see her again?  Don't look at me like that.  He hasn't told me anything he didn't told you.;ang
Ses05M_script01_2_M003;neu;Why do you think he's even thinking that?;sur
Ses05M_script01_2_F004;neu;He's got that about it.;neu
Ses05M_script01_2_M004;fru;Well, so what?;ang
Ses05M_script01_2_F005;ang;What's going on here, Joe?;sur
Ses05M_script01_2_M005;fru;Now listen.;neu
Ses05M_script01_2_M007;fru;How do you know why she's waited?;sur
Ses05M_script01_2_M008;fru;Look, it's a beautiful day outside, why are we arguing?;ang
Ses05M_script01_2_M009;fru;Well, what do you want me to do about it?  What do you want?;fea
Ses05M_script01_2_F010;fru;I want you to pretend like he's coming back.  Both of you, don't think I haven't noticed you and Chris since she's gotten here.  I don't want any nonsense.;neu
Ses05M_script01_2_M010;fru;But Kate?;sur
Ses05M_script01_2_F011;fru;No, because if she- he's not coming back then I'll kill myself. Laugh!  Laugh at me!;ang
Ses05M_script01_2_M011;fru;Calm yourself.;neu
Ses05M_script01_2_M012;fru;Calm yourself.;neu
Ses05M_script01_2_F014;fru;Only last week a man turned up in Detroit missing longer than Larry.  You read it yourself.;sur
Ses05M_script01_2_M013;fru;All right.  All right.;neu
Ses05M_script01_2_F015;ang;You above all have got to believe.;neu
Ses05M_script01_2_M015;ang;What's that suppose to mean, me above all?  Look at you, you're shaking.;fea
Ses05M_script01_2_F017;ang;I can't help it.;sad
Ses05M_script01_2_M016;ang;What have I got to hide, Kate?  What the hell is the matter with you?;sur
Ses05M_script01_3_F000;neu;You're the only one I know who loves his parents.;neu
Ses05M_script01_3_F001;hap;It's all right.  It's a good thing.  It's lovely here.  The air is sweet.;hap
Ses05M_script01_3_M001;exc;So, you're not sorry I came?;sur
Ses05M_script01_3_M002;sur;Why?;sur
Ses05M_script01_3_F003;neu;Well, your mother, first of all, pretty much told me to leave.;neu
Ses05M_script01_3_M003;neu;Well-;neu
Ses05M_script01_3_F006;neu;I figured they would, your mother at least.;neu
Ses05M_script01_3_F007;neu;Well, from her perspective, I mean, why else would I come here?;ang
Ses05M_script01_3_M010;exc;"You feel it's wrong here, don't you; this yard, this chair?  I want you to be ready for me, Annie. I- I don't want to win you away from anything.";sad
Ses05M_script01_3_F009;hap;Oh, Chris I've been ready for a long time.;neu
Ses05M_script01_3_F010;sad;I almost got married two years ago.;hap
Ses05M_script01_3_M012;sur;Why didn't you?;sur
Ses05M_script01_3_M013;hap;You felt something that far back?;sur
Ses05M_script01_3_F012;hap;Everyday since.;neu
Ses05M_script01_3_F013;exc;Well, I mean, until then you never wrote and when you did, what did you say?  I mean, you sure can be ambiguous.;neu
Ses05M_script01_3_M016;exc;oh, God I kissed Annie.  I kissed Annie. I can't How long have I waited to do that?;sur
Ses05M_script01_3_M017;exc;Oh, Annie, we're gonna live now.  I'm going to make you so happy.;hap
Ses05M_script01_3_F015;exc;Not like that you're not.;neu
Ses05M_script01_3_M018;sur;I kissed you.;dis
Ses05M_script01_3_F016;sad;Like Larry's brother.  Do it like you, Chris.  What's the matter?;neu
Ses05M_script01_3_M019;sad;Lets go for a ride.  I I- I want to be alone with you.;sad
Ses05M_script01_3_M020;sad;No, nothing like that.;dis
Ses05M_script01_3_F019;sad;Even in your letters there was something ashamed.;dis
Ses05M_script01_3_M021;sad;Yeah, I suppose I have been.  But it's going for me.;neu
Ses05M_script01_3_F020;sad;You have to tell me.;neu
Ses05M_script01_3_M022;neu;I don't I don't know where to start.;neu
Ses05M_script01_3_F021;sad;It wouldn't work like this.;neu
Ses05M_script01_3_M023;sad;It's so mixed up with so many other things.;sur
Ses05M_script01_3_F022;neu;Yeah, sure.;neu
Ses05M_script01_3_M025;sad;I lost them.;sad
Ses05M_script01_3_F023;sad;How many?;sur
Ses05M_script01_3_M026;sad;Just about all.;neu
Ses05M_script01_3_M027;sad;It- It takes time to toss something like that off,I mean, because they weren't just men.;neu
Ses05M_script01_3_M029;sad;I know it's it's just a little thing but that's just the kind of guys I had.  They didn't die.  They killed themselves for each other.;neu
Ses05M_script01_3_M030;sad;I mean that exactly, anymore selfish -- just a little bit more selfish and they would have been here today. And it gave me an idea as I was watching them all go down.;dis
Ses05M_script01_3_M033;sad;It was and then I went home.  And it was incredible.  It didn't have any meaning there.;sur
Ses05M_script01_3_M036;sad;I felt what you said, ashamed somehow because nobody had changed at all.;dis
Ses05M_script01_3_M037;fru;"It seemed to make suckers out of so many guys.  And I-I felt wrong to be alive; to to open that bank book, to to drive that car, the new car, and look at that new refrigerator. I mean,";dis
Ses05M_script01_3_M038;fru;you can take those things out of the war, but if you're gonna drive that car you've got to know that that came from the love a man can have from a man. And you've got to be a little bit better because of that.  Because if you're not, then it's all just loot and there's blood on it and I didn't want any of it.;neu
Ses05M_script01_3_M039;sad;And I guess that included you.;neu
Ses05M_script01_3_F024;sad;Do you still feel like that?;neu
Ses05M_script01_3_M040;sad;I want you now, Annie.;neu
Ses05M_script01_3_F025;sad;Because you can't feel like that anymore, Chris.  Because everything you have, you have a right to, me included.;neu
Ses05M_script01_3_M041;exc;Oh, Annie,;sur
Ses05M_script01_3_F027;hap;[LAUGHTER] What will I do with a fortune?;fea
Ses05M_script01_3_M042;hap;Annie I am going to make you a fortune.;hap
Ses05M_script02_1_M000;exc;What time is it?  They're supposed to run around midnight.  Oh, this is great, isn't it?  Look at the night we've got here.  It couldn't be better.  Actually, I wanted to go a little further up the coast you know to get away from all the lights and the people.  I was afraid we might miss it though, so how are you doing?;fea
Ses05M_script02_1_F000;sad;Fine.;ang
Ses05M_script02_1_M001;exc;What's that? Is that- Wait, is that foam?  I can't even tell.  Oh Actually, I guess if I can't tell then it probably isn't it, is it?  It will probably be unmistakable, don't you think?;sur
Ses05M_script02_1_M002;exc;This is great.  How are you doing?  Oh, no.  Oh, do you know what I did?  I forgot the flashlight.  How could I be so stupid?  I forgot the flashlight.;sur
Ses05M_script02_1_F001;neu;What flashlight?;sur
Ses05M_script02_1_M003;exc;The flashlight.  The silver one.  There's only one, isn't there?  Stupid.;sur
Ses05M_script02_1_M005;exc;Oh, no, of course, our flashlight.  Me flashlight is to you flashlight, naturally.;neu
Ses05M_script02_1_M006;exc;How could we have forgotten it? Well, I hope the moon stays out.  I wonder, do they always run during a full moon?  I can't remember, was the moon full last year, do you remember?;sur
Ses05M_script02_1_M007;exc;Are you cold?  Do you want my jacket?  We should have brought the blanket, our blanket.  Oh, this is great.  I didn't even think to bring a six pack.  Oh, a six pack would be just the ticket right about now.;sur
Ses05M_script02_1_M008;exc;I can't believe I forgot.I'm like a little kid.  I'm surprised I made it out of the house with my fly zipped. Oh, [LAUGHTER];sur
Ses05M_script02_1_M009;exc;Oh, I wonder if they can hear me or if they can feel the vibrations when we move around in the sand. or something;sur
Ses05M_script02_1_M010;exc;Do you want my jacket?;neu
Ses05M_script02_1_M016;fru;Oh;neu
Ses05M_script02_1_M017;exc;Honey, it's a natural phenomenon.  I mean, this kind of thing only happens once a year.  It's a great opportunity.;neu
Ses05M_script02_1_M018;exc;I mean, Think about people in Kansas, they've got to get like you know plane tickets and hotel reservations just to see this.  We're just forty minutes away.  It's just too good of an opportunity to pass up.;neu
Ses05M_script02_1_F013;fru;Pass what up?  It's It's just little fish and they swim up on the beach and they flop around and they swim away and then they die.;neu
Ses05M_script02_1_M019;exc;Yeah, but all that time on the beach is the highlight of their little lives.  You know,;hap
Ses05M_script02_1_M020;exc;and all that about flopping around, it's like laying eggs or what do you -- spawning or mating or something like that.;neu
Ses05M_script02_1_M021;exc;I mean, this is a big night for these guys.  You know, life's last orgy.;neu
Ses05M_script02_1_F014;fru;What are you so excited about.  This isn't rocket science, this is just fish.  Fish nobody even eats.;sur
Ses05M_script02_1_M022;fru;Yeah, they do.;neu
Ses05M_script02_1_F015;fru;Augie.;neu
Ses05M_script02_1_M023;exc;All right.  But they are fish that do something no other fish do.  Like the swallows were turning into Capistrano or Lemmings jumping off the cliffs, you know like that. There's- There's magic here and mystery.  And a little bit of the unexplainable.  You know, I can't see how you could not be interested.;sur
Ses05M_script02_1_F016;sad;I'm just not.;neu
Ses05M_script02_1_M024;fru;For real?;sur
Ses05M_script02_1_M025;fru;I don't get it.  I mean, the first time we came you said it was the best night of your life. And last year I remember distinctly you were so excited about coming that you stubbed your toe toe pushing me out the door and you didn't even notice until you got in the car.;sur
Ses05M_script02_1_F018;fru;Well, if you also remember last year we- our shoes got wet, I got sand in my panties, we had a big argument, you had a sore throat, and we didn't see the grunion.;dis
Ses05M_script02_1_F019;fru;We didn't see them the first time either.;sur
Ses05M_script02_1_M028;exc;Look there.  What is that?  Is that -- Oh No, that's seaweed.;sur
Ses05M_script02_1_M029;exc;"Oh, this is great.  I wouldn't miss this for the world. I mean, think about this, I know you're not interested but just think about this for a second;";hap
Ses05M_script02_1_M030;exc;somewhere out there is a giant mass of silver fish all swimming in this direction.  They don't know why they're doing it.  We don't know why they're doing it.  They didn't- It wasn't a decision.  No one took a vote.  Nobody sent them an invitation or a map or anything like that.  It was just some internal time release fire cracker that went off. And all as one they turned around and formed this giant line as long as the California coastline and they just started swimming.  They are swimming right now at this very moment.   And And-;sur
Ses05M_script02_1_M031;exc;And it's single mindedness with no mind. It- It's urgency, it's pure urge.  I mean, they didn't make any decisions.  They don't ask any questions.  They don't give it a name,;neu
Ses05M_script02_1_M032;exc;they just all as one turn around and start swimming to this very point where we are standing now for one last celebration of sex and death. God, it's giving me Goosebumps.  Look at all the hairs that are standing up.;hap
Ses05M_script02_1_M033;exc;Well, so what do you think?;neu
Ses05M_script02_2_M000;exc;Well, so, what do you think?;neu
Ses05M_script02_2_F000;neu;About what?;sur
Ses05M_script02_2_M001;exc;What I was just saying.;neu
Ses05M_script02_2_F001;neu;It's ridiculous.;dis
Ses05M_script02_2_M002;fru;It certainly is not.  It's slightly exaggerated scientific fact.;neu
Ses05M_script02_2_F004;fru;I'm sorry.  It's just, it's it's just fish to me.;neu
Ses05M_script02_2_M005;neu;uh, Carla Can I ask you a question?  no, don't get upset, but are you having your period?;sur
Ses05M_script02_2_F005;ang;God damn it, Augie.  Seriously, you always ask me that.  Why do you ask me that?  I hate it.  It's so insulting.;ang
Ses05M_script02_2_M006;fru;What's bugging you then?;sur
Ses05M_script02_2_F006;fru;I just - We just have different ideas of what this night is suppose to look like.;neu
Ses05M_script02_2_M007;fru;It's not that complicated.  We come down here, the grunions arrive, they do their little fish thing.  We say ooh, awe, look at the little fish.  And then they go home and we go home.;fea
Ses05M_script02_2_F008;fru;We We don't ever.  Have we ever?;sur
Ses05M_script02_2_M009;fru;We've missed them twice.  That's hardly ever.;neu
Ses05M_script02_2_F009;ang;Twice is every time we've tried, that's ever;neu
Ses05M_script02_2_F010;ang;No, we won't.  It's like waiting up for Santa Clause or something.  I feel like as though my whole life is going to be standing on the beach waiting with my eyes opened expectantly, my hands clasped neatly in front of me, waiting for fish to show up.  And the fish will not show up.;hap
Ses05M_script02_2_M011;fru;Okey, They're just fish.  It's nothing to get traumatized over.;neu
Ses05M_script02_2_F011;fru;You don't understand anything I am saying.;ang
Ses05M_script02_2_M012;fru;No, of course not.;neu
Ses05M_script02_2_F012;sad;I did want to see it.  I always want to see it.  I just- I keep thinking this will be the time and it never is.;neu
Ses05M_script02_2_M013;fru;I'm trying to work this backwards.  But I can't seem to pinpoint the time where everything went wrong here.  Okay, so --;neu
Ses05M_script02_2_M014;fru;you were fine on the phone call with Marge, eating dinner was fine,talking- uh washing the dishes, no problem.  All right.  So, I'm taking a shower, you're watching TV, the news and you say the grunions are running tonight and I say, Great, let's go.  I'm feeling lucky.  And so, all right, and I'm putting on my coat, I'm putting out the animals, I'm pulling the car out of the garage.;hap
Ses05M_script02_2_F013;sad;Do you remember the first time that we came to see the grunion?  It was about four years ago right after we got married.  We thought I was pregnant.  We had a bottle of champagne and no glasses.  You asked me to dance.  We took off our shoes.  And while we were dancing you said the most intimate things to me right in my ear so I could feel them as much as hear them.;neu
Ses05M_script02_2_F014;sad;And I remember thinking to myself, finally.  I am as happy as I am supposed to be.;hap
Ses05M_script02_2_F015;sad;Dancing barefoot in the sand, drinking champagne out of the bottle.;fea
Ses05M_script02_2_M016;neu;It was in the car, right?  When we were passing Knickerbocker Liquor Locker, you said, Let's stop and get champagne. and I said that times a wasting or something like that, right?  You wanted it to be like it was before, right?;neu
Ses05M_script02_2_F016;sad;I would rather not remember some things.  I'd rather not hope for something.;neu
Ses05M_script02_2_F017;sad;No.;neu
Ses05M_script02_2_F018;sad;No.;neu
Ses05M_script02_2_F019;sad;No.;neu
Ses05M_script02_2_M020;fru;What, you want me to blow in your ear?;ang
Ses05M_script02_2_M021;fru;Do you want to get married again?- What?  What, do you want a divorce?;sur
Ses05M_script02_2_M022;fru;A vacation?;sur
Ses05M_script02_2_F022;sad;No.;neu
Ses05M_script02_2_M023;fru;A poodle, a backrub, a spa, a suicide pack?  What, Carla, what the hell do you want?;sur
Ses05M_script02_2_F023;sad;I just want- I just want things to turn out the way they are supposed to.;neu
Ses05M_script02_2_M024;ang;Well, welcome to the human race.  Do you think this is what I had planned?  Do you think that when I proposed that I had this great fantasy going that four years down the road we would end up arguing on the beach over some fish?;neu
Ses05M_script02_2_M025;ang;Do you think that I thought there would be times when you would look at me like I was used Kleenex or I would look at you and think, good God, when's the next flight to Alaska?  No.  No, I'm just like you. I thought it would all be like peaches and roses, and sand in our toes, and wind in our hair, and the fish would always come.  And the bills would magically pay themselves.  And we'd have three fat rosy kids.  But, ha ha, baby, the jokes on us!;hap
Ses05M_script02_2_M026;ang;Because you know what you get, Carla?  You know what you get?  This.;neu
Ses05M_script02_2_M028;fru;Right.;neu
Ses05M_script02_2_F026;sad;But this isn't at all what I wanted it to be.;neu
Ses05M_script02_2_M029;sad;Now, I know.  Me either;neu
Ses05M_script02_2_F027;sad;This is just this.  I mean, it's a lot and everything.  But it's not, you know, something else.  Am I making any sense?;neu
Ses05M_script02_2_M030;sad;I'm trying the best I can.;neu
Ses05M_script02_2_F028;sad;I know that, Augie.  I do.  I know that. And and I know that this meant a lot to you and and it's special, you know, with the sand and the moon but.;neu
Ses05M_script02_2_F029;sad;But I just couldn't help thinking about being somewhere else.;sur
Ses05M_script02_2_M031;sad;Maybe if you're with somebody else, too?;neu
Ses05M_script02_2_F030;sad;I didn't say that.;neu
Ses05M_script02_2_M032;sad;No, I know.  But I know I don't make you happy.;sad
Ses05M_script02_2_F031;sad;For heavens sake, Augie, whatever I am doing, I'd rather it be with you.;neu
Ses05M_script02_2_M033;sur;Really?;sur
Ses05M_script02_2_F032;sad;Yes.  Don't you know that? I mean, You're probably the one you wishes you were with somebody else, somebody who didn't take everything so hard and who knew how to enjoy herself.;neu
Ses05M_script02_2_M034;hap;Actually, now that you mention it, no.  I don't.;neu
Ses05M_script02_2_M035;hap;I don't know.  I think this is a pretty good spot.  I mean, look at the view of the moon from here.;sur
Ses05M_script02_2_F034;hap;Yes, I did notice that.  It does look really beautiful over the water.  Big old white moon.;hap
Ses05M_script02_2_M036;hap;Oh, well look what we've got here.;dis
Ses05M_script02_2_M037;hap;Well, it isn't champagne.;neu
Ses05M_script02_2_F037;hap;No.  I'm beginning to think you might be right. I think  this might be the spot after all.  Augie, I'm sorry.;sad
Ses05M_script02_2_F038;hap;Or not.;neu
Ses05M_script02_2_M040;hap;Or not.;neu
Ses05M_script03_1_F000;fea;Do you think it's them?;sur
Ses05M_script03_1_M001;exc;I wonder.;sur
Ses05M_script03_1_F001;exc;what, Nobody knows we are here except Freda and she wouldn't ring up.;sur
Ses05M_script03_1_M002;fea;Must be them then?;neu
Ses05M_script03_1_F002;exc;What do we do?;fea
Ses05M_script03_1_M003;neu;We're all right, aren't we, darling, whatever happens?;ang
Ses05M_script03_1_F003;exc;Now and always, my sweet.;hap
Ses05M_script03_1_M004;exc;I don't care then.;dis
Ses05M_script03_1_F004;exc;It was bound to happen sooner or later.;neu
Ses05M_script03_1_F005;exc;Oh, it sent shivers up my spine.;fea
Ses05M_script03_1_M006;exc;Oh, what shall we do if they suddenly walk in on us.;sur
Ses05M_script03_1_M007;exc;With the worst- with the most perfect poise?;dis
Ses05M_script03_1_M008;exc;Uhh, It's amazing how once you feel--;sur
Ses05M_script03_1_M009;exc;things that ought to matter most dreadfully don't matter at all when one's happy, do they?;fea
Ses05M_script03_1_M010;exc;Uhh, You mustn't say that, my darling.;fea
Ses05M_script03_1_M011;exc;Being that sacred and wonderful thing, love.;hap
Ses05M_script03_1_M012;exc;Um What does it all mean?  That's what I ask myself in my endless quest for ultimate truth.  Dear God, what does it all mean?;sur
Ses05M_script03_1_F011;neu;Don't laugh at me.  I'm serious.;sad
Ses05M_script03_1_M013;exc;You mustn't be serious, darling.  That's just what they want.;ang
Ses05M_script03_1_F012;neu;Who's they?;sur
Ses05M_script03_1_M014;exc;All the futile mortals who try to make life unbearable.  Laugh at them, Be flippant.  Laugh at everything, all their sacred shibboleths.;neu
Ses05M_script03_1_M015;exc;uh- the- Being flippant brings out the acid in their damned beauty and light.;dis
Ses05M_script03_1_F013;neu;If I laugh at everything, then I must laugh at us too.;hap
Ses05M_script03_1_M016;exc;Certainly you must.  We are figures of fun all right.;hap
Ses05M_script03_1_F015;neu;Well, will we always bicker and fight?;ang
Ses05M_script03_1_M018;exc;No.  That fire will fade along with our passion.;sad
Ses05M_script03_1_F017;neu;What if one of us dies, does the other one laugh then?;ang
Ses05M_script03_1_M020;exc;Yes, yes, with all his might.;neu
Ses05M_script03_1_M021;exc;No, no that is quit laughable.  The cutting little mystery all done with mirrors.;dis
Ses05M_script03_1_M022;exc;So is everyone else in the long run.  Let's be superficial and pity the poor philosophers.  Let's blow trumpets and squeakers and enjoy the party as long as we can, like little quiet idiotic school children.;sad
Ses05M_script03_1_M023;exc;[garbage] Darling, kiss me before your body rots and worms start popping in and out of your eye sockets.;dis
Ses05M_script03_1_F020;neu;Elliott, worms don't pop.;neu
Ses05M_script03_1_M024;exc;I don't care what you do.  See, you could paint your body bright green and and run naked through the Place Vendome and run with every man in the world and I shan't say a word.  As long as I know that you love me best.;neu
Ses05M_script03_1_M025;exc;Do you remember that awful scene we had in Venice?;fea
Ses05M_script03_1_M026;exc;The one where you bought that little painted wooden stake and you put it on my bed.;neu
Ses05M_script03_1_M027;exc;Horrible thing.  I hated it.;dis
Ses05M_script03_1_F024;exc;I know you did.  You threw it out the window into the Canal below.  I don't think I'll ever forgive you for that.;sad
Ses05M_script03_1_M028;exc;How long did that roue last?;neu
Ses05M_script03_1_M029;exc;Oh, The worst one was in Cannes when your curling iron burnt a hole in my new dressing gown?;dis
Ses05M_script03_1_F026;exc;Oh, It burnt my comb and all the towels in the bathroom.;sad
Ses05M_script03_1_M030;exc;[LAUGHTER] That was quit a rouser, wasn't it?;dis
Ses05M_script03_1_M031;exc;Oh, I didn't hit you very hard.;neu
Ses05M_script03_1_M032;exc;I should never forget his face. [LAUGHTER];neu
Ses05M_script03_1_M033;exc;We were very much younger then.;neu
Ses05M_script03_1_F031;neu;You knew there was nothing in that.;sur
Ses05M_script03_2_F001;neu;Only a trivial little broach.;neu
Ses05M_script03_2_F002;neu;Not at all.  I quite like it.  I wear it often.;hap
Ses05M_script03_2_F003;fru;[garbage], No, I didn't.  You worked the whole thing up in your jealous imagination.;dis
Ses05M_script03_2_M004;fru;You must admit that he was in love with you. wasn't he?;sur
Ses05M_script03_2_F004;neu;Oh, maybe a little.  Nothing serious.;sad
Ses05M_script03_2_M005;fru;He let him kiss you.  You said you did.;neu
Ses05M_script03_2_F005;neu;Well, what of it.;ang
Ses05M_script03_2_F006;neu;Well it gave him a lot of pleasure and it didn't hurt me.;hap
Ses05M_script03_2_M008;ang;Well, that's a nice point of view I must say.;hap
Ses05M_script03_2_F008;fru;I'm getting very bored with this conversation.;sad
Ses05M_script03_2_M009;ang;Me, too, bored stiff.;sad
Ses05M_script03_2_M010;neu;Do you want some brandy?;neu
Ses05M_script03_2_F009;neu;No thanks.;dis
Ses05M_script03_2_M011;neu;I think I'll have a little.;neu
Ses05M_script03_2_F012;neu;It's becoming a habit with you.;dis
Ses05M_script03_2_F013;fru;Don't be stupid.;ang
Ses05M_script03_2_M015;ang;Amanda, really.;sur
Ses05M_script03_2_M016;fru;Nothing.  Are you going out somewhere, darling?;sur
Ses05M_script03_2_F015;neu;Just making myself fascinating for you.;neu
Ses05M_script03_2_M017;fru;Um- Well, that reply has just broken my heart.;sad
Ses05M_script03_2_F017;ang;No, it isn't.;neu
Ses05M_script03_2_F018;ang;No, it it is not, be quiet.;neu
Ses05M_script03_2_M020;ang;It's a pity you didn't have a little bit more brandy.  It might have made you a little less disagreeable.;neu
Ses05M_script03_2_M022;fru;Nonsense, they've got a little bag of venom behind their fangs and they snap!;ang
Ses05M_script03_2_F021;fru;They sting.;ang
Ses05M_script03_2_M023;ang;They snap.;ang
Ses05M_script03_2_M024;neu;So, did you see much of Peter Burden after the divorce?;neu
Ses05M_script03_2_F023;neu;Yes, I did quite a lot.;neu
Ses05M_script03_2_M025;ang;You must have let him kiss you quite a good deal more then, huh?;neu
Ses05M_script03_2_M026;ang;I'm sure you had a riotous time, no restrain at all, very enjoyable.  You never had much anyway.;hap
Ses05M_script03_2_F025;fru;You're quite insufferable.  I do imagine it's because you're drunk.;ang
Ses05M_script03_2_M027;ang;I am not the slightest bit drunk.;dis
Ses05M_script03_2_F026;neu;You always had a weak head.;neu
Ses05M_script03_2_M028;ang;I do believe that I have said already that I had three minuet liquor glasses of brandy in the entire evening.  A child of two couldn't get drunk of that.;sur
Ses05M_script03_2_M029;ang;Oh, really?  How about a child of three, or child of six, what about a child of nine?;sur
Ses05M_script03_2_F028;ang;Not- Would you shut up.;ang
Ses05M_script03_2_M030;ang;You know, we could get a really good debate going on about this.  You know intemperate tots.;neu
Ses05M_script03_2_F029;fru;You're not very funny, dear.  You better have some more brandy.;neu
Ses05M_script03_2_M031;ang;You know what?  That's a very good idea.  I think I will.;hap
Ses05M_script03_2_M032;ang;You better turn that off, I think.;neu
Ses05M_script03_2_M033;ang;Because it's very late and you'll disturb the people upstairs.;ang
Ses05M_script03_2_M034;ang;Well, there are people downstairs, I suppose.;neu
Ses05M_script03_2_M035;ang;This is no time of the year for Tunis.;neu
Ses05M_script03_2_M036;ang;I do I shall do no such thing.;ang
Ses05M_script03_2_F034;ang;Very well.  If you have to be boorish and idiotic.;neu
Ses05M_script03_2_M037;ang;Turn it off.  It's driving me mad.;ang
Ses05M_script03_2_F035;ang;You are far too temperamental.  Try to control yourself.;ang
Ses05M_script03_2_M038;ang;Turn it off!;ang
Ses05M_script03_2_F036;ang;Go away!  Go away!  I- I hate you.;ang
Ses05M_script03_2_M039;ang;Very amusing indeed.;hap
Ses05M_script03_2_F037;ang;You know what, I'm sick and tire of listening to you.  You're a-- You're a total sadistic bully.;ang
Ses05M_script03_2_M040;ang;Ja! Very funny.;hap
Ses05M_script03_2_F038;ang;Stop.  Would you just go away?  I mean, you're conceited, and overbearing, and utterly impossible.;ang
Ses05M_script03_2_M041;ang;You are a vile tempered, wicked living, evil little beast.  And I hope I never set eyes on you ever again.;dis
Ses05M_script03_2_F039;ang;This is the end! Do you understand me? This is the end.;ang
Ses05M_script03_2_M042;ang;Oh, you're not going like this.;dis
Ses05M_script03_2_F040;ang;Yes, I am. Let go with me;neu
Ses05M_script03_2_M043;ang;[GARBAGE] No, you're not.;neu
Ses05M_script03_2_F041;ang;You are a cruel fiend and I-I loath you.  I thank God I realized who you are before I decided to marry you again.  Oh my God, never!;dis
Ses05M_script03_2_M044;ang;oh! Marry you again? I wouldn't marry you again if you came crawling to me on bended knee.;sur
Ses05M_script03_2_F042;ang;Beast;neu
Ses05M_script03_2_M045;ang;You're a wicked little vampire.  And I pray to God I never set eyes on you again as long as I live.;dis
Ses05M_script03_2_F043;ang;Brute;dis
Ses05M_script03_2_F044;ang;pig;neu
